/*
SQLyog Community v12.12 (64 bit)
MySQL - 5.6.24 : Database - trinity
*********************************************************************
*/

/*!40101 SET NAMES utf8 */;

/*!40101 SET SQL_MODE=''*/;

/*!40014 SET @OLD_UNIQUE_CHECKS=@@UNIQUE_CHECKS, UNIQUE_CHECKS=0 */;
/*!40014 SET @OLD_FOREIGN_KEY_CHECKS=@@FOREIGN_KEY_CHECKS, FOREIGN_KEY_CHECKS=0 */;
/*!40101 SET @OLD_SQL_MODE=@@SQL_MODE, SQL_MODE='NO_AUTO_VALUE_ON_ZERO' */;
/*!40111 SET @OLD_SQL_NOTES=@@SQL_NOTES, SQL_NOTES=0 */;
CREATE DATABASE /*!32312 IF NOT EXISTS*/`trinity` /*!40100 DEFAULT CHARACTER SET utf8 COLLATE utf8_unicode_ci */;

USE `trinity`;

/*Table structure for table `alumnos` */

DROP TABLE IF EXISTS `alumnos`;

CREATE TABLE `alumnos` (
  `id` int(10) unsigned NOT NULL AUTO_INCREMENT,
  `matricula` varchar(16) COLLATE utf8_unicode_ci NOT NULL,
  `nombre` varchar(50) COLLATE utf8_unicode_ci NOT NULL,
  `apellido_paterno` varchar(50) COLLATE utf8_unicode_ci NOT NULL,
  `apellido_materno` varchar(50) COLLATE utf8_unicode_ci NOT NULL,
  `fecha_nacimiento` date NOT NULL,
  `curp` varchar(18) COLLATE utf8_unicode_ci NOT NULL,
  `genero` char(1) COLLATE utf8_unicode_ci NOT NULL,
  `ciudad` varchar(50) COLLATE utf8_unicode_ci DEFAULT NULL,
  `estado` varchar(50) COLLATE utf8_unicode_ci DEFAULT NULL,
  `carrera_id` int(10) unsigned NOT NULL,
  PRIMARY KEY (`id`),
  KEY `fk_alumnos_carrera_id` (`carrera_id`),
  CONSTRAINT `fk_alumnos_carrera_id` FOREIGN KEY (`carrera_id`) REFERENCES `carreras` (`id`)
) ENGINE=InnoDB AUTO_INCREMENT=830 DEFAULT CHARSET=utf8 COLLATE=utf8_unicode_ci;

/*Data for the table `alumnos` */

insert  into `alumnos`(`id`,`matricula`,`nombre`,`apellido_paterno`,`apellido_materno`,`fecha_nacimiento`,`curp`,`genero`,`ciudad`,`estado`,`carrera_id`) values (1,'TPF1008AIAC00001','Claudia Lucía','Arias','Alvarado','1992-01-15','AIAC920115MSLRLLA6','M','Los Mochis','Sinaloa',1),(2,'TPF1008JIAX00002','Ximena','Jiménez','Ávila','1991-12-23','JIAX911223MNTMVMA8','M','Tepic','Nayarit',1),(3,'TPF1008CACC00003','Candelaria Olivia','Cárdenas','Córdoba','1992-06-04','CACC920604MSLRRNA7','M','Mazatlan','Sinaloa',1),(4,'TPF1008BANI00004','Ignacio','Bravo','Núñez','1992-06-20','BANI920620HJCRXGA2','H','Guadalajara','Jalisco',1),(5,'TPF1008GOPA00005','Adriana Rosalba','Gómez','Paz','1991-06-02','GOPA910602MSLMZDA3','M','Mazatlan','Sinaloa',1),(6,'TPF1008NADC00006','Cornelia','Navarrete','Duarte','1991-02-10','NADC910210MSLVRRA4','M','Culiacan','Sinaloa',1),(7,'TPF1008VIVJ00007','Julián','Vidal','Vásquez','1992-12-02','VIVJ921202HNTDSLA2','H','Tepic','Nayarit',1),(8,'TPF1008ROAC00008','Consuelo','Romero','Arce','1991-08-20','ROAC910820MSLMRNA2','M','Los Mochis','Sinaloa',1),(9,'TPF1008LEVG00009','Gabino','Ledesma','Vega','1991-09-23','LEVG910923HSLDGBA2','H','Mazatlan','Sinaloa',1),(10,'TPF1008JILI00010','Ignacio Constantino','Jiménez','López','1991-03-11','JILI910311HJCMPGA4','H','Zapopan','Jalisco',1),(11,'TPF1008MEPA00011','Aurelio Lorenzo','Mendoza','Parra','1992-12-10','MEPA921210HJCNRRA1','H','Zapopan','Jalisco',1),(12,'TPF1008GABP00012','Patricia','García','Bustamante','1992-08-14','GABP920814MSLRSTA8','M','Culiacan','Sinaloa',1),(13,'TPF1008TASP00013','Paloma Rosalba','Tapia','Sánchez','1992-05-08','TASP920508MNTPNLA3','M','Tepic','Nayarit',1),(14,'TPF1008BAOA00014','Aurelia Inés','Bravo','Ortiz','1991-08-21','BAOA910821MSLRRRA8','M','Culiacan','Sinaloa',1),(15,'TPF1008BUPP00015','Patricio','Bustamante','Peña','1991-10-01','BUPP911001HSRSXTA4','H','Hermosillo','Sonora',1),(16,'TPF1008DOPP00016','Paloma','Domínguez','Pérez','1991-08-10','DOPP910810MJCMRLA1','M','Zapopan','Jalisco',1),(17,'TPF1008TOOL00017','Leticia Julia','Torres','Ojeda','1992-11-19','TOOL921119MSLRJTA3','M','Culiacan','Sinaloa',1),(18,'TPF1008ROOC00018','Concepción Flor','Rojas','Olivares','1992-06-11','ROOC920611MSRJLNA8','M','Hermosillo','Sonora',1),(19,'TPF1008VACL00019','Leticia Fabiana','Valdés','Cárdenas','1992-03-04','VACL920304MSLLRTA1','M','Culiacan','Sinaloa',1),(20,'TPF1008MOVC00020','Cristian','Morales','Vega','1992-02-05','MOVC920205HSLRGRA6','H','Los Mochis','Sinaloa',1),(21,'TPF1008FOVC00021','Concepción Clementina','Flores','Valdés','1992-05-18','FOVC920518MSLLLNA1','M','Culiacan','Sinaloa',1),(22,'TPF1008LUCC00022','Cruz Julián','Luna','Cabrera','1992-01-04','LUCC920104HSLNBRA1','H','Culiacan','Sinaloa',1),(23,'TPF1008NUCF00023','Flor','Núñez','Cardozo','1992-05-01','NUCF920501MJCXRLA4','M','Guadalajara','Jalisco',1),(24,'TPF1008MOPN00024','Norma','Montenegro','Ponce','1992-10-20','MOPN921020MSRNNRA8','M','Hermosillo','Sonora',1),(25,'TPF1008LEPA00025','Avelina','Leiva','Pérez','1991-01-18','LEPA910118MSRVRVA5','M','Ciudad Obregon','Sonora',1),(26,'TPF1008RAYC00026','Cristina Amparo','Ramírez','Yáñez','1991-03-11','RAYC910311MSLMXRA4','M','Culiacan','Sinaloa',1),(27,'TPF1008VABM00027','Marcos','Valdez','Barrios','1991-08-18','VABM910818HJCLRRA8','H','Guadalajara','Jalisco',1),(28,'TPF1008GAOC00028','Celestino Faustino','García','Olivares','1992-09-04','GAOC920904HSLRLLA3','H','Culiacan','Sinaloa',1),(29,'TPF1008CARB00029','Benedicto Adriano','Carrizo','Rodríguez','1991-01-09','CARB910109HSRRDNA3','H','Hermosillo','Sonora',1),(30,'TPF1008AECG00030','Genaro','Agüero','Cárdenas','1991-07-16','AECG910716HSRGRNA4','H','Ciudad Obregon','Sonora',1),(31,'TPF1008GULS00031','Silvia Julia','Guerrero','Lagos','1991-12-14','GULS911214MJCRGLA3','M','Guadalajara','Jalisco',1),(32,'TPF1008MEVI00032','Inés','Méndez','Vázquez','1991-04-05','MEVI910405MSRNZNA9','M','Hermosillo','Sonora',1),(33,'TPF1008PAFV00033','Vicente','Paz','Fuentes','1991-11-05','PAFV911105HSLZNCA5','H','Mazatlan','Sinaloa',1),(34,'TPF1008CADY00034','Yuridia','Cabrera','Duarte','1991-07-21','CADY910721MSLBRRA8','M','Culiacan','Sinaloa',1),(35,'TPF1008VEPM00035','Mariano Casto','Venegas','Pino','1991-10-22','VEPM911022HSRNNRA1','H','Hermosillo','Sonora',1),(36,'TPF1008SOAB00036','Bonifacio Adriano','Soto','Acuña','1991-01-19','SOAB910119HNTTCNA2','H','Tepic','Nayarit',1),(37,'TPF1008DUEH00037','Horacio','Duarte','Espinoza','1992-12-05','DUEH921205HSRRSRA9','H','Ciudad Obregon','Sonora',1),(38,'TPF1008AORA00038','Aurelio Luciano','Acosta','Romero','1991-06-21','AORA910621HJCCMRA8','H','Guadalajara','Jalisco',1),(39,'TPF1008VAAR00039','Renata Camila','Vásquez','Arce','1992-07-05','VAAR920705MSLSRNA6','M','Culiacan','Sinaloa',1),(40,'TPF1008DUPA00040','Aurelia','Duarte','Peña','1992-10-11','DUPA921011MSRRXRA9','M','Ciudad Obregon','Sonora',1),(41,'TPF1008JIRC00041','Constantino Amador','Jiménez','Ramos','1992-11-05','JIRC921105HSRMMNA8','H','Hermosillo','Sonora',1),(42,'TPF1008TOTR00042','Renata','Torres','Tapia','1992-07-13','TOTR920713MJCRPNA7','M','Guadalajara','Jalisco',1),(43,'TPF1008CALA00043','Amanda Natalia','Cabrera','Ledesma','1991-12-14','CALA911214MNTBDMA8','M','Tepic','Nayarit',1),(44,'TPF1008FACD00044','Desiderio','Franco','Chávez','1992-04-07','FACD920407HNTRHSA2','H','Tepic','Nayarit',1),(45,'TPF1008VATF00045','Florencia','Valenzuela','Torres','1992-04-02','VATF920402MSRLRLA6','M','Hermosillo','Sonora',1),(46,'TPF1008TOPC00046','Claudio','Toledo','Páez','1992-08-09','TOPC920809HJCLZLA5','H','Zapopan','Jalisco',1),(47,'TPF1008LOLF00047','Fidel Cándido','López','Lagos','1991-04-09','LOLF910409HJCPGDA9','H','Guadalajara','Jalisco',1),(48,'TPF1008FUDA00048','Aurelia Yuridia','Fuentes','Duarte','1991-06-12','FUDA910612MJCNRRA7','M','Guadalajara','Jalisco',1),(49,'TPF1008AAVC00049','Cándida','Alarcón','Valenzuela','1992-02-10','AAVC920210MJCLLNA4','M','Zapopan','Jalisco',1),(50,'TPF1008SAJB00050','Bonifacio Cayetano','Sánchez','Juárez','1992-11-20','SAJB921120HJCNRNA4','H','Zapopan','Jalisco',1),(51,'TPF1008OIAC00051','Constancia Antonina','Ortiz','Agüero','1992-01-19','OIAC920119MJCRGNA6','M','Zapopan','Jalisco',1),(52,'TPF1008AIMF00052','Fabián','Arias','Muñoz','1991-01-07','AIMF910107HSRRXBA1','H','Hermosillo','Sonora',1),(53,'TPF1008MUFM00053','Mariana Ximena','Muñoz','Fernández','1992-04-14','MUFM920414MJCXRRA3','M','Zapopan','Jalisco',1),(54,'TPF1008OIRX00054','Ximena','Ortiz','Ruiz','1991-05-25','OIRX910525MNTRZMA9','M','Tepic','Nayarit',1),(55,'TPF1008NUGC00055','Cornelio Víctor','Núñez','Guzmán','1991-01-14','NUGC910114HSRXZRA9','H','Ciudad Obregon','Sonora',1),(56,'TPF1008AUBR00056','Rocío Lucía','Aguirre','Bustos','1992-09-11','AUBR920911MJCGSCA2','M','Guadalajara','Jalisco',1),(57,'TPF1008PAPA00057','Avelino Pablo','Paredes','Ponce','1991-12-19','PAPA911219HSLRNVA4','H','Mazatlan','Sinaloa',1),(58,'TPF1008PAVF00058','Florencia Yolanda','Páez','Valenzuela','1992-08-05','PAVF920805MSLZLLA3','M','Culiacan','Sinaloa',1),(59,'TPF1008PARA00059','Agustína','Paredes','Ruiz','1992-03-04','PARA920304MSLRZGA8','M','Mazatlan','Sinaloa',1),(60,'TPF1008MOVM00060','Marina Olivia','Molina','Valenzuela','1992-11-24','MOVM921124MSRLLRA3','M','Ciudad Obregon','Sonora',1),(61,'TPF1008RIRM00061','Mariano','Rivera','Ríos','1992-03-02','RIRM920302HJCVSRA7','H','Zapopan','Jalisco',1),(62,'TPF1008AUCA00062','Avelina','Aguilera','Cabrera','1992-11-04','AUCA921104MSRGBVA1','M','Ciudad Obregon','Sonora',1),(63,'TPF1008JAMX00063','Ximena','Jara','Muñoz','1992-12-01','JAMX921201MJCRXMA5','M','Zapopan','Jalisco',1),(64,'TPF1008GUVE00064','Estela','Guerrero','Vidal','1992-10-09','GUVE921009MJCRDSA8','M','Zapopan','Jalisco',1),(65,'TPF1008LENJ00065','Julio','Leiva','Núñez','1991-07-07','LENJ910707HSRVXLA4','H','Hermosillo','Sonora',1),(66,'TPF1008MEJC00066','Constancia Alba','Mendoza','Jiménez','1991-05-24','MEJC910524MJCNMNA3','M','Guadalajara','Jalisco',1),(67,'TPF1008PAGC00067','Consuelo','Parra','Gallardo','1991-06-16','PAGC910616MSLRLNA9','M','Mazatlan','Sinaloa',1),(68,'TPF1008AEPV00068','Valentina Clementina','Arce','Peña','1992-10-02','AEPV921002MSRRXLA1','M','Ciudad Obregon','Sonora',1),(69,'TPF1008MARA00069','Antonino','Martinez','Ramírez','1992-10-11','MARA921011HSRRMNA3','H','Ciudad Obregon','Sonora',1),(70,'TPF1008VAPL00070','Lorenzo Amador','Vásquez','Pereyra','1992-05-10','VAPL920510HSLSRRA1','H','Culiacan','Sinaloa',1),(71,'TPF1008AEPP00071','Paul Augusto','Arce','Palma','1992-11-06','AEPP921106HJCRLLA2','H','Guadalajara','Jalisco',1),(72,'TPF1008FASB00072','Bonifacio','Franco','Salinas','1992-03-20','FASB920320HJCRLNA5','H','Guadalajara','Jalisco',1),(73,'TPF1008AEJC00073','Constancia Cándida','Arce','Jara','1992-08-01','AEJC920801MSRRRNA1','M','Hermosillo','Sonora',1),(74,'TPF1008LAMM00074','Marcelo Marcelo','Lagos','Mansilla','1991-11-19','LAMM911119HNTGNRA5','H','Tepic','Nayarit',1),(75,'TPF1008MORI00075','Ignacio','Molina','Rodríguez','1992-06-14','MORI920614HSLLDGA1','H','Mazatlan','Sinaloa',1),(76,'TPF1008AIMC00076','Cristina Aurelia','Ávila','Méndez','1992-04-13','AIMC920413MSRVNRA9','M','Ciudad Obregon','Sonora',1),(77,'TPF1008DICF00077','Fabián','Díaz','Carrizo','1991-12-19','DICF911219HSRZRBA4','H','Ciudad Obregon','Sonora',1),(78,'TPF1008FUBR00078','Rosalba','Fuentes','Blanco','1992-03-17','FUBR920317MSRNLSA5','M','Ciudad Obregon','Sonora',1),(79,'TPF1008EOVH00079','Horacio Cornelio','Escobar','Vergara','1992-10-08','EOVH921008HNTSRRA9','H','Tepic','Nayarit',1),(80,'TPF1008AOOG00080','Gabino','Acosta','Ortiz','1991-10-02','AOOG911002HJCCRBA9','H','Guadalajara','Jalisco',1),(81,'TPF1008CAAF00081','Fabricio Lorenzo','Cabrera','Arce','1991-02-18','CAAF910218HSLBRBA7','H','Culiacan','Sinaloa',1),(82,'AGP1008RIRH00001','Horacio','Ríos','Ramírez','1992-08-18','RIRH920818HSLSMRA6','H','Culiacan','Sinaloa',2),(83,'AGP1008TORL00002','Luz Aurora','Torres','Ruiz','1991-07-03','TORL910703MSRRZZA9','M','Ciudad Obregon','Sonora',2),(84,'AGP1008SAHC00003','Cristina','Sandoval','Hernández','1992-05-16','SAHC920516MSLNRRA9','M','Mazatlan','Sinaloa',2),(85,'AGP1008OIGF00004','Florencio Félix','Olivera','Guerrero','1991-03-12','OIGF910312HSLLRLA6','H','Los Mochis','Sinaloa',2),(86,'AGP1008AEPA00005','Aurelio Marcos','Agüero','Paz','1992-06-15','AEPA920615HSRGZRA1','H','Ciudad Obregon','Sonora',2),(87,'AGP1008GUBA00006','Agustín','Guzmán','Benítez','1991-12-11','GUBA911211HSLZNGA1','H','Los Mochis','Sinaloa',2),(88,'AGP1008AESC00007','Cornelio','Agüero','Sepúlveda','1992-08-20','AESC920820HSRGPRA3','H','Ciudad Obregon','Sonora',2),(89,'AGP1008PEAC00008','Cipriano Benedicto','Pérez','Aguilera','1992-10-17','PEAC921017HNTRGPA1','H','Tepic','Nayarit',2),(90,'AGP1008SACC00009','Camilo Félix','Sandoval','Carrizo','1992-01-03','SACC920103HNTNRMA9','H','Tepic','Nayarit',2),(91,'AGP1008FALA00010','Adriana','Franco','Ledesma','1991-08-05','FALA910805MSLRDDA2','M','Culiacan','Sinaloa',2),(92,'AGP1008DUAF00011','Florencio','Duarte','Acuña','1992-07-23','DUAF920723HSLRCLA2','H','Los Mochis','Sinaloa',2),(93,'AGP1008FICM00012','Martín Pablo','Figueroa','Cabrera','1992-11-10','FICM921110HSRGBRA9','H','Ciudad Obregon','Sonora',2),(94,'AGP1008MEJC00013','Cayetano Félix','Medina','Jiménez','1992-12-13','MEJC921213HSLDMYA8','H','Mazatlan','Sinaloa',2),(95,'AGP1008PEPL00014','Luciano Cecilio','Pérez','Paz','1992-11-07','PEPL921107HSLRZCA1','H','Los Mochis','Sinaloa',2),(96,'AGP1008HEFP00015','Pedro','Hernández','Franco','1991-12-04','HEFP911204HSLRRDA3','H','Mazatlan','Sinaloa',2),(97,'AGP1008MURC00016','Cornelia Candelaria','Muñoz','Rodríguez','1992-09-17','MURC920917MSLXDRA5','M','Los Mochis','Sinaloa',2),(98,'AGP1008RIFN00017','Natalia Angélica','Rivera','Fernández','1992-09-16','RIFN920916MSLVRTA6','M','Los Mochis','Sinaloa',2),(99,'AGP1008SUGC00018','Celestina','Suárez','Guzmán','1992-12-08','SUGC921208MSLRZLA1','M','Los Mochis','Sinaloa',2),(100,'AGP1008FAMY00019','Yuridia','Franco','Mansilla','1992-09-20','FAMY920920MSRRNRA9','M','Ciudad Obregon','Sonora',2),(101,'AGP1008SECC00020','Cipriano Víctor','Sepúlveda','Castro','1992-08-12','SECC920812HSLPSPA2','H','Los Mochis','Sinaloa',2),(102,'AGP1008CAPF00021','Fausto','Cárdenas','Pérez','1991-04-20','CAPF910420HSRRRSA5','H','Hermosillo','Sonora',2),(103,'AGP1008RAFE00022','Estela Constancia','Ramos','Farías','1992-08-07','RAFE920807MJCMRSA1','M','Zapopan','Jalisco',2),(104,'AGP1008PELG00023','Gloria','Pereyra','Ledesma','1991-03-20','PELG910320MSLRDLA5','M','Mazatlan','Sinaloa',2),(105,'AGP1008AUVM00024','Martín Cecilio','Acuña','Valenzuela','1991-03-13','AUVM910313HSRCLRA6','H','Ciudad Obregon','Sonora',2),(106,'AGP1008JAMM00025','Mauricio','Jara','Morales','1992-02-09','JAMM920209HSLRRRA4','H','Mazatlan','Sinaloa',2),(107,'AGP1008AARJ00026','Julia','Álvarez','Rivera','1992-03-12','AARJ920312MSLLVLA5','M','Los Mochis','Sinaloa',2),(108,'AGP1008RORF00027','Fabián','Romero','Ramírez','1992-10-14','RORF921014HSLMMBA9','H','Mazatlan','Sinaloa',2),(109,'AGP1008VAFF00028','Florencio','Valdés','Flores','1992-07-24','VAFF920724HNTLLLA3','H','Tepic','Nayarit',2),(110,'AGP1008NACA00029','Aurora Bonifacia','Navarro','Chávez','1991-10-15','NACA911015MSLVHRA8','M','Culiacan','Sinaloa',2),(111,'AGP1008PEGA00030','Adriano Avelino','Pérez','Gallardo','1991-05-07','PEGA910507HJCRLDA6','H','Zapopan','Jalisco',2),(112,'AGP1008VEBR00031','Renata','Velázquez','Benítez','1991-12-05','VEBR911205MJCLNNA9','M','Zapopan','Jalisco',2),(113,'AGP1008VIAC00032','Constantino Genaro','Vidal','Alarcón','1992-09-15','VIAC920915HSLDLNA1','H','Los Mochis','Sinaloa',2),(114,'AGP1008VISC00033','Concepción Amparo','Vidal','Salinas','1992-10-09','VISC921009MNTDLNA6','M','Tepic','Nayarit',2),(115,'AGP1008GURD00034','Domingo','Guzmán','Ríos','1991-04-20','GURD910420HNTZSMA9','H','Tepic','Nayarit',2),(116,'AGP1008DICR00035','Rosalba Consuelo','Díaz','Cortés','1992-01-12','DICR920112MNTZRSA2','M','Tepic','Nayarit',2),(117,'AGP1008PACG00036','Gabino René','Palma','Cárdenas','1992-02-20','PACG920220HSLLRBA9','H','Mazatlan','Sinaloa',2),(118,'AGP1008EIMD00037','Domingo Bonifacio','Espinoza','Martinez','1991-10-05','EIMD911005HSLSRMA3','H','Culiacan','Sinaloa',2),(119,'AGP1008SAOC00038','Cornelio Cruz','Salinas','Ortega','1992-03-25','SAOC920325HSLLRRA6','H','Culiacan','Sinaloa',2),(120,'AGP1008GUOP00039','Paul Julio','Guzmán','Olivera','1991-08-05','GUOP910805HSRZLLA9','H','Ciudad Obregon','Sonora',2),(121,'AGP1008PECF00040','Fermín','Pereyra','Cardozo','1991-02-08','PECF910208HNTRRRA5','H','Tepic','Nayarit',2),(122,'AGP1008JIRY00041','Yolanda','Jiménez','Ríos','1991-10-22','JIRY911022MSLMSLA9','M','Los Mochis','Sinaloa',2),(123,'AGP1008CAAM00042','Marina','Castillo','Ávila','1991-01-10','CAAM910110MSRSVRA2','M','Hermosillo','Sonora',2),(124,'AGP1008VAVC00043','Cayetano Augusto','Vázquez','Vergara','1991-06-22','VAVC910622HSLZRYA1','H','Los Mochis','Sinaloa',2),(125,'AGP1008VEFM00044','Mariana','Vega','Flores','1991-03-06','VEFM910306MSLGLRA1','M','Los Mochis','Sinaloa',2),(126,'AGP1008PATM00045','Marcos Constantino','Paredes','Tapia','1991-11-08','PATM911108HJCRPRA9','H','Guadalajara','Jalisco',2),(127,'AGP1008SUBC00046','Consuelo Gloria','Suárez','Bustamante','1992-03-24','SUBC920324MSLRSNA5','M','Culiacan','Sinaloa',2),(128,'AGP1008AIRM00047','Marina Beatriz','Ávila','Rojas','1992-01-19','AIRM920119MSLVJRA3','M','Culiacan','Sinaloa',2),(129,'AGP1008AUFC00048','Clemente Vicente','Aguilera','Flores','1991-02-10','AUFC910210HSRGLLA3','H','Ciudad Obregon','Sonora',2),(130,'AGP1008CALB00049','Beatriz Aurelia','Cárdenas','Ledesma','1992-06-25','CALB920625MSLRDTA2','M','Los Mochis','Sinaloa',2),(131,'AGP1008SOFA00050','Angélica Natalia','Soto','Fernández','1991-12-18','SOFA911218MSRTRNA4','M','Ciudad Obregon','Sonora',2),(132,'AGP1008MUAC00051','Cipriano','Muñoz','Alarcón','1992-10-18','MUAC921018HSLXLPA5','H','Los Mochis','Sinaloa',2),(133,'AGP1008SOAA00052','Angélica','Soto','Álvarez','1992-06-08','SOAA920608MJCTLNA6','M','Zapopan','Jalisco',2),(134,'AGP1008TADP00053','Pedro','Tapia','Domínguez','1991-08-21','TADP910821HSLPMDA6','H','Culiacan','Sinaloa',2),(135,'AGP1008GADB00054','Beatriz','García','Domínguez','1991-08-17','GADB910817MJCRMTA4','M','Guadalajara','Jalisco',2),(136,'AGP1008GACB00055','Benedicto','García','Campos','1992-11-05','GACB921105HNTRMNA5','H','Tepic','Nayarit',2),(137,'AGP1008AACA00056','Aurora','Alvarado','Córdoba','1991-08-04','AACA910804MNTLRRA7','M','Tepic','Nayarit',2),(138,'AGP1008RURC00057','Claudio','Ruiz','Rivera','1991-10-03','RURC911003HSLZVLA8','H','Mazatlan','Sinaloa',2),(139,'AGP1008SAVA00058','Altagracia','Sandoval','Vidal','1991-05-13','SAVA910513MSLNDLA2','M','Mazatlan','Sinaloa',2),(140,'AGP1008SANE00059','Estela','Salazar','Navarro','1991-01-24','SANE910124MSLLVSA9','M','Los Mochis','Sinaloa',2),(141,'AGP1008HEAA00060','Agustína','Herrera','Arce','1991-07-01','HEAA910701MJCRRGA5','M','Guadalajara','Jalisco',2),(142,'AGP1008MUGA00061','Aurelio Celestino','Muñoz','Gutiérrez','1992-11-04','MUGA921104HSLXTRA4','H','Mazatlan','Sinaloa',2),(143,'AGP1008BAMA00062','Amparo Estela','Barrios','Maldonado','1992-03-02','BAMA920302MNTRLMA9','M','Tepic','Nayarit',2),(144,'AGP1008GUAM00063','Mariano','Guerrero','Álvarez','1991-09-19','GUAM910919HJCRLRA7','H','Guadalajara','Jalisco',2),(145,'AGP1008FARC00064','Claudio Cornelio','Franco','Ruiz','1991-08-09','FARC910809HJCRZLA1','H','Guadalajara','Jalisco',2),(146,'AGP1008DORC00065','Cándida Bonifacia','Domínguez','Ríos','1991-09-03','DORC910903MSRMSNA8','M','Hermosillo','Sonora',2),(147,'AGP1008JICC00066','Cándido Camilo','Jiménez','Campos','1991-04-22','JICC910422HSRMMNA3','H','Hermosillo','Sonora',2),(148,'AGP1008LOBY00067','Yuridia','López','Barrios','1991-03-23','LOBY910323MSRPRRA2','M','Ciudad Obregon','Sonora',2),(149,'AGP1008FEHA00068','Aurora Claudia','Fernández','Herrera','1992-08-25','FEHA920825MSLRRRA6','M','Culiacan','Sinaloa',2),(150,'AGP1008CAAV00069','Verónica Victoria','Cárdenas','Acuña','1991-10-17','CAAV911017MSRRCRA2','M','Hermosillo','Sonora',2),(151,'AGP1008VEDF00070','Florencia','Vergara','Duarte','1991-08-21','VEDF910821MSRRRLA5','M','Hermosillo','Sonora',2),(152,'AGP1008CAJC00071','Caridad Patricia','Castro','Juárez','1991-11-20','CAJC911120MSRSRRA2','M','Hermosillo','Sonora',2),(153,'AGP1008DURC00072','Cecilia Fabiana','Duarte','Ríos','1991-02-21','DURC910221MJCRSCA4','M','Zapopan','Jalisco',2),(154,'AGP1008FORE00073','Estela Rosalba','Flores','Ramos','1992-02-23','FORE920223MSLLMSA8','M','Los Mochis','Sinaloa',2),(155,'AGP1008SAOF00074','Félix Víctor','Sandoval','Olivares','1992-06-24','SAOF920624HSRNLLA3','H','Ciudad Obregon','Sonora',2),(156,'AGP1008GUCB00075','Benito Marcos','Guerrero','Cabrera','1991-05-09','GUCB910509HNTRBNA8','H','Tepic','Nayarit',2),(157,'AGP1008COOD00076','Desiderio','Córdoba','Ortega','1991-10-21','COOD911021HJCRRSA4','H','Zapopan','Jalisco',2),(158,'AGP1008OIQC00077','Casto Julio','Olivera','Quiroga','1992-12-10','OIQC921210HSLLRSA8','H','Mazatlan','Sinaloa',2),(159,'AGP1008OESA00078','Amadeo','Ortega','Suárez','1991-05-07','OESA910507HNTRRMA9','H','Tepic','Nayarit',2),(160,'AGP1008AUTF00079','Florencia Norma','Aguilera','Tapia','1991-11-15','AUTF911115MSLGPLA8','M','Mazatlan','Sinaloa',2),(161,'AGP1008CARM00080','Marcelo','Castillo','Ríos','1992-12-09','CARM921209HSLSSRA3','H','Culiacan','Sinaloa',2),(162,'AGP1008MOSJ00081','Julián','Moreno','Soto','1991-08-09','MOSJ910809HJCRTLA4','H','Zapopan','Jalisco',2),(163,'BIO1008RIPG00001','Genaro','Rivera','Pérez','1992-02-08','RIPG920208HSLVRNA9','H','Culiacan','Sinaloa',3),(164,'BIO1008LAOC00002','Cándida','Lagos','Olivera','1991-08-18','LAOC910818MJCGLNA4','M','Zapopan','Jalisco',3),(165,'BIO1008PALA00003','Amparo Verónica','Palma','Luna','1991-05-04','PALA910504MSLLNMA7','M','Culiacan','Sinaloa',3),(166,'BIO1008LECA00004','Augusto','Ledesma','Campos','1991-07-25','LECA910725HSLDMGA7','H','Mazatlan','Sinaloa',3),(167,'BIO1008HERC00005','Cecilia','Hernández','Rojas','1992-03-09','HERC920309MSRRJCA7','M','Hermosillo','Sonora',3),(168,'BIO1008VAOC00006','Constantino Clemente','Valenzuela','Olivera','1991-08-15','VAOC910815HSRLLNA3','H','Hermosillo','Sonora',3),(169,'BIO1008VAMA00007','Adrián','Valenzuela','Montenegro','1992-09-23','VAMA920923HSRLNDA3','H','Ciudad Obregon','Sonora',3),(170,'BIO1008ROMX00008','Ximena','Rojas','Montenegro','1992-01-12','ROMX920112MNTJNMA4','M','Tepic','Nayarit',3),(171,'BIO1008SEVR00009','Román','Sepúlveda','Venegas','1991-06-21','SEVR910621HJCPNMA1','H','Zapopan','Jalisco',3),(172,'BIO1008MAGL00010','Laura','Martinez','González','1991-06-02','MAGL910602MNTRNRA6','M','Tepic','Nayarit',3),(173,'BIO1008AUER00011','Rosalba','Acuña','Escobar','1992-07-16','AUER920716MSLCSSA2','M','Mazatlan','Sinaloa',3),(174,'BIO1008VAEC00012','Camila Camila','Vázquez','Espinoza','1991-01-05','VAEC910105MJCZSMA4','M','Zapopan','Jalisco',3),(175,'BIO1008AIFS00013','Silvia','Arias','Fuentes','1991-09-09','AIFS910909MJCRNLA2','M','Zapopan','Jalisco',3),(176,'BIO1008LAAJ00014','Julio Gabino','Lagos','Arias','1992-06-02','LAAJ920602HSLGRLA2','H','Mazatlan','Sinaloa',3),(177,'BIO1008VEMF00015','Faustino','Velázquez','Moreno','1991-11-04','VEMF911104HSRLRSA7','H','Hermosillo','Sonora',3),(178,'BIO1008NAVC00016','Celestina','Navarro','Vargas','1992-02-17','NAVC920217MSLVRLA4','M','Mazatlan','Sinaloa',3),(179,'BIO1008PACC00017','Candelaria Amparo','Palma','Cortés','1992-02-06','PACC920206MNTLRNA8','M','Tepic','Nayarit',3),(180,'BIO1008BAAA00018','Antonino','Barrios','Aguilera','1991-04-03','BAAA910403HSRRGNA3','H','Ciudad Obregon','Sonora',3),(181,'BIO1008BAPP00019','Patricia Cornelia','Blanco','Paredes','1991-10-25','BAPP911025MJCLRTA7','M','Zapopan','Jalisco',3),(182,'BIO1008ROMA00020','Asunción','Rojas','Morales','1991-04-24','ROMA910424MSRJRSA2','M','Hermosillo','Sonora',3),(183,'BIO1008CAOC00021','Celestina','Carrasco','Ortega','1991-05-22','CAOC910522MSLRRLA5','M','Culiacan','Sinaloa',3),(184,'BIO1008AEMA00022','Adrián','Agüero','Martinez','1991-04-03','AEMA910403HSLGRDA7','H','Los Mochis','Sinaloa',3),(185,'BIO1008DOSC00023','Clementina Consuelo','Domínguez','Sepúlveda','1991-12-19','DOSC911219MSLMPLA4','M','Culiacan','Sinaloa',3),(186,'BIO1008CANA00024','Adriano','Chávez','Navarrete','1991-04-16','CANA910416HSRHVDA3','H','Hermosillo','Sonora',3),(187,'BIO1008PALM00025','Mario','Parra','Lagos','1991-04-19','PALM910419HJCRGRA8','H','Guadalajara','Jalisco',3),(188,'BIO1008NAAC00026','César','Navarrete','Aguilera','1991-04-25','NAAC910425HNTVGSA1','H','Tepic','Nayarit',3),(189,'BIO1008ZUBL00027','Luciano','Zúñiga','Barrios','1991-04-13','ZUBL910413HSRXRCA1','H','Ciudad Obregon','Sonora',3),(190,'BIO1008VACC00028','Constancia Rosalba','Valdés','Córdoba','1991-12-02','VACC911202MSLLRNA1','M','Culiacan','Sinaloa',3),(191,'BIO1008AUAJ00029','Julia Antonina','Aguilera','Agüero','1991-07-05','AUAJ910705MSLGGLA7','M','Culiacan','Sinaloa',3),(192,'BIO1008SEMA00030','Altagracia Valentina','Sepúlveda','Maldonado','1991-01-18','SEMA910118MSRPLLA8','M','Hermosillo','Sonora',3),(193,'BIO1008HEVR00031','Rocío Agustína','Hernández','Vergara','1992-04-07','HEVR920407MSLRRCA1','M','Los Mochis','Sinaloa',3),(194,'BIO1008PODF00032','Facundo Cándido','Ponce','Domínguez','1992-11-07','PODF921107HSLNMCA2','H','Mazatlan','Sinaloa',3),(195,'BIO1008LOZP00033','Patricio','López','Zúñiga','1991-01-15','LOZP910115HSRPXTA5','H','Hermosillo','Sonora',3),(196,'BIO1008AOVL00034','Lorenzo','Acosta','Vázquez','1992-05-11','AOVL920511HSRCZRA4','H','Ciudad Obregon','Sonora',3),(197,'BIO1008CAEL00035','Lucía Renata','Cárdenas','Espinoza','1992-03-23','CAEL920323MSLRSCA8','M','Culiacan','Sinaloa',3),(198,'BIO1008VETS00036','Silvia Renata','Venegas','Torres','1991-05-08','VETS910508MSLNRLA1','M','Los Mochis','Sinaloa',3),(199,'BIO1008SOAC00037','Cornelia Silvia','Soto','Acosta','1991-05-14','SOAC910514MSLTCRA8','M','Los Mochis','Sinaloa',3),(200,'BIO1008FAQA00038','Avelino','Farías','Quiroga','1992-05-09','FAQA920509HSLRRVA9','H','Mazatlan','Sinaloa',3),(201,'BIO1008GACC00039','Clementina Rocío','Gallardo','Cárdenas','1991-01-23','GACC910123MSLLRLA4','M','Mazatlan','Sinaloa',3),(202,'BIO1008OECA00040','Adriano','Ortega','Campos','1991-05-06','OECA910506HSRRMDA1','H','Hermosillo','Sonora',3),(203,'BIO1008AARC00041','Casto','Alvarado','Romero','1991-01-10','AARC910110HSLLMSA7','H','Culiacan','Sinaloa',3),(204,'BIO1008OIDR00042','Renata','Olivera','Domínguez','1992-10-20','OIDR921020MSLLMNA4','M','Mazatlan','Sinaloa',3),(205,'BIO1008MAML00043','Leticia','Maldonado','Moreno','1991-10-14','MAML911014MNTLRTA9','M','Tepic','Nayarit',3),(206,'BIO1008RUFP00044','Patricia','Ruiz','Farías','1992-09-07','RUFP920907MSRZRTA3','M','Ciudad Obregon','Sonora',3),(207,'BIO1008LOJC00045','Camila','López','Jara','1991-01-18','LOJC910118MSRPRMA3','M','Hermosillo','Sonora',3),(208,'BIO1008VESM00046','Marcos Mario','Vergara','Salinas','1991-09-22','VESM910922HJCRLRA8','H','Zapopan','Jalisco',3),(209,'BIO1008SIDC00047','Claudio','Silva','Duarte','1992-10-24','SIDC921024HSLLRLA8','H','Los Mochis','Sinaloa',3),(210,'BIO1008VIAR00048','Rosalba Fabiana','Vidal','Acuña','1992-03-18','VIAR920318MSLDCSA7','M','Culiacan','Sinaloa',3),(211,'BIO1008CAAY00049','Yolanda Patricia','Chávez','Aguirre','1992-02-07','CAAY920207MJCHGLA1','M','Zapopan','Jalisco',3),(212,'BIO1008OEVL00050','Leticia Victoria','Ojeda','Vázquez','1991-07-07','OEVL910707MSLJZTA7','M','Culiacan','Sinaloa',3),(213,'BIO1008GOYV00051','Vicente','González','Yáñez','1991-09-15','GOYV910915HNTNXCA9','H','Tepic','Nayarit',3),(214,'BIO1008PESA00052','Antonino','Peralta','Sepúlveda','1991-04-09','PESA910409HSLRPNA4','H','Mazatlan','Sinaloa',3),(215,'BIO1008BEGC00053','Cristian','Benítez','Gutiérrez','1992-04-25','BEGC920425HJCNTRA1','H','Zapopan','Jalisco',3),(216,'BIO1008CABC00054','Camila','Campos','Benítez','1992-04-13','CABC920413MJCMNMA4','M','Zapopan','Jalisco',3),(217,'BIO1008AISA00055','Antonina','Ávila','Sánchez','1991-10-03','AISA911003MSLVNNA5','M','Los Mochis','Sinaloa',3),(218,'BIO1008FACO00056','Olivia Diana','Farías','Chávez','1992-02-11','FACO920211MNTRHLA7','M','Tepic','Nayarit',3),(219,'BIO1008LERL00057','Leticia Avelina','Leiva','Rodríguez','1991-09-23','LERL910923MNTVDTA6','M','Tepic','Nayarit',3),(220,'BIO1008AECA00058','Angélica Silvia','Arce','Castillo','1992-08-11','AECA920811MSRRSNA7','M','Hermosillo','Sonora',3),(221,'BIO1008JISM00059','Mariana Clementina','Jiménez','Soto','1991-09-18','JISM910918MSLMTRA8','M','Los Mochis','Sinaloa',3),(222,'BIO1008CARM00060','Martín','Carrizo','Rojas','1991-09-14','CARM910914HJCRJRA5','H','Guadalajara','Jalisco',3),(223,'BIO1008NAVC00061','Cristina Claudia','Navarro','Vega','1992-05-08','NAVC920508MSRVGRA2','M','Ciudad Obregon','Sonora',3),(224,'BIO1008AOPJ00062','Julián Celso','Acosta','Peralta','1992-11-21','AOPJ921121HSRCRLA7','H','Hermosillo','Sonora',3),(225,'BIO1008PEOB00063','Bonifacia Cecilia','Peña','Ortega','1992-07-21','PEOB920721MSRXRNA8','M','Hermosillo','Sonora',3),(226,'BIO1008VEAC00064','Caridad','Velázquez','Arce','1991-06-02','VEAC910602MNTLRRA5','M','Tepic','Nayarit',3),(227,'BIO1008VEHF00065','Flor Angélica','Velázquez','Hernández','1992-12-08','VEHF921208MSLLRLA1','M','Mazatlan','Sinaloa',3),(228,'BIO1008LALA00066','Alba Olivia','Lagos','Luna','1991-12-03','LALA911203MJCGNLA5','M','Guadalajara','Jalisco',3),(229,'BIO1008CAMO00067','Olivia','Chávez','Muñoz','1992-12-17','CAMO921217MSRHXLA6','M','Ciudad Obregon','Sonora',3),(230,'BIO1008FAVC00068','Cecilio Mariano','Farías','Vidal','1992-11-05','FAVC921105HSLRDCA7','H','Los Mochis','Sinaloa',3),(231,'BIO1008OIAB00069','Beatriz','Ortiz','Arias','1992-01-19','OIAB920119MSLRRTA5','M','Culiacan','Sinaloa',3),(232,'BIO1008VAGI00070','Ignacio','Valdés','García','1991-01-21','VAGI910121HSLLRGA7','H','Culiacan','Sinaloa',3),(233,'BIO1008GAZF00071','Fidel Faustino','García','Zúñiga','1991-07-16','GAZF910716HJCRXDA4','H','Guadalajara','Jalisco',3),(234,'BIO1008SOOM00072','Martín Gabino','Soto','Ojeda','1991-08-23','SOOM910823HSLTJRA8','H','Culiacan','Sinaloa',3),(235,'BIO1008SEGD00073','Dolores','Sepúlveda','Gómez','1992-04-02','SEGD920402MJCPMLA1','M','Zapopan','Jalisco',3),(236,'BIO1008SURP00074','Pablo','Suárez','Rojas','1991-10-14','SURP911014HSLRJBA1','H','Los Mochis','Sinaloa',3),(237,'BIO1008PEVA00075','Aurora','Peralta','Valdez','1991-12-07','PEVA911207MSLRLRA4','M','Mazatlan','Sinaloa',3),(238,'BIO1008LUCL00076','Laura Lucía','Luna','Campos','1991-04-10','LUCL910410MSRNMRA7','M','Ciudad Obregon','Sonora',3),(239,'BIO1008NABF00077','Facundo Julián','Navarro','Barrios','1992-12-23','NABF921223HSRVRCA1','H','Hermosillo','Sonora',3),(240,'BIO1008AILY00078','Yolanda Yolanda','Ávila','Lagos','1991-08-08','AILY910808MSLVGLA8','M','Los Mochis','Sinaloa',3),(241,'BIO1008LESM00079','Mario','Leiva','Sepúlveda','1992-04-09','LESM920409HSRVPRA8','H','Ciudad Obregon','Sonora',3),(242,'BIO1008PAEA00080','Avelina Verónica','Parra','Espinoza','1991-01-17','PAEA910117MSLRSVA5','M','Los Mochis','Sinaloa',3),(243,'BIO1008PABB00081','Benito','Parra','Bustos','1992-05-09','PABB920509HJCRSNA6','H','Guadalajara','Jalisco',3),(244,'INF1008FIVP00001','Paula','Figueroa','Valdez','1992-08-05','FIVP920805MSLGLLA8','M','Mazatlan','Sinaloa',4),(245,'INF1008BUGM00002','Mario Adriano','Bustamante','Gallardo','1992-01-21','BUGM920121HJCSLRA2','H','Zapopan','Jalisco',4),(246,'INF1008AEMN00003','Natalia Marina','Arce','Mendoza','1991-06-13','AEMN910613MSLRNTA9','M','Culiacan','Sinaloa',4),(247,'INF1008GABM00004','Marina Alba','García','Bustos','1991-11-19','GABM911119MSRRSRA5','M','Ciudad Obregon','Sonora',4),(248,'INF1008EOCN00005','Natalia Ximena','Escobar','Campos','1992-04-19','EOCN920419MSLSMTA8','M','Los Mochis','Sinaloa',4),(249,'INF1008TAOO00006','Octavio','Tapia','Ortiz','1991-11-11','TAOO911111HSLPRCA3','H','Los Mochis','Sinaloa',4),(250,'INF1008PACE00007','Esperanza','Paredes','Cardozo','1992-07-13','PACE920713MSRRRSA5','M','Hermosillo','Sonora',4),(251,'INF1008CAAF00008','Fidel Octavio','Carrasco','Ávila','1991-07-06','CAAF910706HSRRVDA8','H','Hermosillo','Sonora',4),(252,'INF1008MOBY00009','Yuridia Victoria','Morales','Blanco','1991-09-06','MOBY910906MSRRLRA6','M','Ciudad Obregon','Sonora',4),(253,'INF1008BUGA00010','Araceli','Bustos','Gómez','1992-01-25','BUGA920125MSLSMRA1','M','Los Mochis','Sinaloa',4),(254,'INF1008MURO00011','Olivia','Muñoz','Rivera','1992-06-05','MURO920605MJCXVLA7','M','Guadalajara','Jalisco',4),(255,'INF1008BABC00012','Constantino Mariano','Blanco','Benítez','1992-09-25','BABC920925HNTLNNA5','H','Tepic','Nayarit',4),(256,'INF1008MAVA00013','Augusto Marcelino','Martinez','Vargas','1992-11-08','MAVA921108HSLRRGA6','H','Culiacan','Sinaloa',4),(257,'INF1008CARO00014','Octavio','Cardozo','Ramírez','1991-02-16','CARO910216HSLRMCA5','H','Mazatlan','Sinaloa',4),(258,'INF1008PAMC00015','César Fermín','Parra','Molina','1991-03-14','PAMC910314HJCRLSA6','H','Guadalajara','Jalisco',4),(259,'INF1008MOQF00016','Faustino','Moreno','Quiroga','1992-11-04','MOQF921104HJCRRSA5','H','Zapopan','Jalisco',4),(260,'INF1008PAAS00017','Salvador Genaro','Palma','Arce','1992-03-24','PAAS920324HSLLRLA2','H','Mazatlan','Sinaloa',4),(261,'INF1008CANC00018','Cornelio','Castro','Núñez','1992-10-16','CANC921016HJCSXRA8','H','Zapopan','Jalisco',4),(262,'INF1008FURG00019','Gloria','Fuentes','Ríos','1992-03-20','FURG920320MSRNSLA6','M','Hermosillo','Sonora',4),(263,'INF1008EIZA00020','Aurora Julia','Espinoza','Zúñiga','1992-02-18','EIZA920218MSLSXRA5','M','Culiacan','Sinaloa',4),(264,'INF1008VERF00021','Félix','Venegas','Ramos','1992-01-20','VERF920120HSRNMLA8','H','Hermosillo','Sonora',4),(265,'INF1008JIMA00022','Alba','Jiménez','Maldonado','1991-10-22','JIMA911022MJCMLLA7','M','Zapopan','Jalisco',4),(266,'INF1008VAFA00023','Amadeo','Valdez','Franco','1991-03-22','VAFA910322HSLLRMA5','H','Los Mochis','Sinaloa',4),(267,'INF1008VITC00024','Camila','Vidal','Toledo','1991-02-14','VITC910214MSLDLMA2','M','Mazatlan','Sinaloa',4),(268,'INF1008FIVI00025','Inés','Figueroa','Vega','1992-06-07','FIVI920607MSRGGNA9','M','Ciudad Obregon','Sonora',4),(269,'INF1008JAFA00026','Antonina','Jara','Fernández','1991-11-19','JAFA911119MSLRRNA4','M','Los Mochis','Sinaloa',4),(270,'INF1008GUJM00027','Marina','Guzmán','Juárez','1992-06-18','GUJM920618MJCZRRA6','M','Guadalajara','Jalisco',4),(271,'INF1008VELA00028','Adrián Claudio','Venegas','Ledesma','1992-05-15','VELA920515HJCNDDA4','H','Guadalajara','Jalisco',4),(272,'INF1008CACP00029','Patricio','Campos','Cárdenas','1991-05-13','CACP910513HSLMRTA2','H','Los Mochis','Sinaloa',4),(273,'INF1008VAOC00030','Cecilia','Valdez','Olivares','1992-11-16','VAOC921116MJCLLCA1','M','Zapopan','Jalisco',4),(274,'INF1008COYS00031','Sergio Benedicto','Córdoba','Yáñez','1992-02-05','COYS920205HSLRXRA1','H','Los Mochis','Sinaloa',4),(275,'INF1008DOVA00032','Amanda Natalia','Domínguez','Valdez','1992-09-17','DOVA920917MSLMLMA4','M','Culiacan','Sinaloa',4),(276,'INF1008PAGC00033','Camila Paloma','Paredes','González','1991-12-16','PAGC911216MSRRNMA5','M','Hermosillo','Sonora',4),(277,'INF1008AEGL00034','Lucía','Agüero','Guzmán','1991-09-21','AEGL910921MSLGZCA5','M','Los Mochis','Sinaloa',4),(278,'INF1008CARC00035','Claudia','Castillo','Reyes','1992-04-23','CARC920423MSLSYLA8','M','Culiacan','Sinaloa',4),(279,'INF1008AANM00036','Marcos Constantino','Alarcón','Navarrete','1991-05-16','AANM910516HJCLVRA1','H','Zapopan','Jalisco',4),(280,'INF1008COPC00037','Cecilia','Córdoba','Peralta','1991-03-20','COPC910320MSLRRCA8','M','Los Mochis','Sinaloa',4),(281,'INF1008GOMS00038','Salvador','Gómez','Morales','1992-01-10','GOMS920110HNTMRLA2','H','Tepic','Nayarit',4),(282,'INF1008FARV00039','Virginia','Farías','Ruiz','1992-05-13','FARV920513MJCRZRA7','M','Guadalajara','Jalisco',4),(283,'INF1008MOSF00040','Florencia','Molina','Sandoval','1992-03-08','MOSF920308MSLLNLA2','M','Culiacan','Sinaloa',4),(284,'INF1008TOLH00041','Horacio','Toledo','López','1992-10-22','TOLH921022HJCLPRA8','H','Guadalajara','Jalisco',4),(285,'INF1008RIGC00042','Cruz Celso','Rivera','Guerrero','1991-09-01','RIGC910901HSLVRRA4','H','Mazatlan','Sinaloa',4),(286,'INF1008RIBV00043','Virginia','Rivera','Bustos','1991-10-16','RIBV911016MSRVSRA1','M','Hermosillo','Sonora',4),(287,'INF1008CAGA00044','Adriano Camilo','Castillo','García','1991-11-12','CAGA911112HJCSRDA6','H','Zapopan','Jalisco',4),(288,'INF1008ZUAA00045','Amadeo','Zúñiga','Arias','1992-05-03','ZUAA920503HJCXRMA2','H','Zapopan','Jalisco',4),(289,'INF1008ROVV00046','Victoria','Rojas','Vega','1991-06-04','ROVV910604MNTJGCA7','M','Tepic','Nayarit',4),(290,'INF1008JACA00047','Amado','Jara','Carrizo','1992-02-06','JACA920206HSRRRMA5','H','Hermosillo','Sonora',4),(291,'INF1008BAMM00048','Marcelo','Barrios','Mendoza','1991-04-17','BAMM910417HJCRNRA8','H','Guadalajara','Jalisco',4),(292,'INF1008TOLE00049','Estela Angélica','Torres','Leiva','1992-06-16','TOLE920616MSRRVSA1','M','Hermosillo','Sonora',4),(293,'INF1008GOAC00050','Cándida Aurora','González','Alarcón','1992-09-15','GOAC920915MSRNLNA8','M','Ciudad Obregon','Sonora',4),(294,'INF1008MAOC00051','Celso','Martinez','Ortega','1992-04-22','MAOC920422HJCRRLA9','H','Guadalajara','Jalisco',4),(295,'INF1008CAMC00052','Camila Leticia','Cardozo','Medina','1992-03-16','CAMC920316MNTRDMA2','M','Tepic','Nayarit',4),(296,'INF1008AIPR00053','Román','Arias','Peralta','1992-05-07','AIPR920507HSLRRMA4','H','Los Mochis','Sinaloa',4),(297,'INF1008LUEF00054','Félix','Luna','Espinoza','1992-05-07','LUEF920507HJCNSLA3','H','Guadalajara','Jalisco',4),(298,'INF1008VEOD00055','Dolores','Vega','Ojeda','1991-12-19','VEOD911219MSLGJLA5','M','Los Mochis','Sinaloa',4),(299,'INF1008RESA00056','Alba Celestina','Reyes','Silva','1991-05-06','RESA910506MJCYLLA5','M','Zapopan','Jalisco',4),(300,'INF1008MARI00057','Ignacio','Martinez','Ruiz','1991-06-16','MARI910616HSLRZGA4','H','Mazatlan','Sinaloa',4),(301,'INF1008VAGF00058','Fabiana Candelaria','Valdés','García','1992-05-20','VAGF920520MSLLRBA3','M','Los Mochis','Sinaloa',4),(302,'INF1008MALA00059','Antonino Cruz','Martinez','Leiva','1992-05-22','MALA920522HNTRVNA4','H','Tepic','Nayarit',4),(303,'INF1008AOVV00060','Virginia','Acosta','Vidal','1991-03-20','AOVV910320MSRCDRA5','M','Ciudad Obregon','Sonora',4),(304,'INF1008NUDD00061','Desiderio Domingo','Núñez','Domínguez','1992-12-16','NUDD921216HNTXMSA5','H','Tepic','Nayarit',4),(305,'INF1008AEVS00062','Silvia Cornelia','Agüero','Valdez','1991-12-01','AEVS911201MSRGLLA8','M','Hermosillo','Sonora',4),(306,'INF1008AITC00063','Cándida','Arias','Torres','1992-02-09','AITC920209MJCRRNA9','M','Guadalajara','Jalisco',4),(307,'INF1008MOPB00064','Bonifacia','Molina','Palma','1991-06-10','MOPB910610MSRLLNA5','M','Hermosillo','Sonora',4),(308,'INF1008PESA00065','Agustína','Peralta','Salazar','1991-09-12','PESA910912MNTRLGA1','M','Tepic','Nayarit',4),(309,'INF1008SAOA00066','Adriana','Salazar','Ortega','1991-03-07','SAOA910307MJCLRDA7','M','Guadalajara','Jalisco',4),(310,'INF1008VAPC00067','Claudio','Valdez','Palma','1991-01-18','VAPC910118HJCLLLA7','H','Guadalajara','Jalisco',4),(311,'INF1008LAMR00068','Renata','Lagos','Moreno','1992-07-18','LAMR920718MNTGRNA6','M','Tepic','Nayarit',4),(312,'INF1008SOAV00069','Valentina Angélica','Soto','Alarcón','1991-11-21','SOAV911121MJCTLLA2','M','Zapopan','Jalisco',4),(313,'INF1008LEPY00070','Yuridia Lucía','Leiva','Palma','1991-11-06','LEPY911106MSRVLRA8','M','Ciudad Obregon','Sonora',4),(314,'INF1008RALA00071','Angélica','Ramírez','Leiva','1991-09-21','RALA910921MJCMVNA5','M','Zapopan','Jalisco',4),(315,'INF1008SICI00072','Ignacio Amado','Silva','Cardozo','1992-07-22','SICI920722HSRLRGA3','H','Hermosillo','Sonora',4),(316,'INF1008TAAP00073','Paula Cristina','Tapia','Agüero','1992-01-16','TAAP920116MSLPGLA9','M','Los Mochis','Sinaloa',4),(317,'INF1008TORC00074','Cayetano','Torres','Ramírez','1992-03-22','TORC920322HJCRMYA4','H','Guadalajara','Jalisco',4),(318,'INF1008VACC00075','Celso','Valdez','Castro','1991-02-04','VACC910204HSLLSLA9','H','Los Mochis','Sinaloa',4),(319,'INF1008NAMC00076','Claudio','Navarrete','Muñoz','1991-10-14','NAMC911014HJCVXLA9','H','Zapopan','Jalisco',4),(320,'INF1008COVR00077','Rocío Camila','Cortés','Vásquez','1991-06-04','COVR910604MSRRSCA7','M','Hermosillo','Sonora',4),(321,'INF1008OIVC00078','Cristina Patricia','Ortiz','Vega','1991-01-15','OIVC910115MSLRGRA9','M','Mazatlan','Sinaloa',4),(322,'INF1008AIGC00079','Cecilio Cándido','Arias','Gallardo','1992-01-14','AIGC920114HSLRLCA8','H','Mazatlan','Sinaloa',4),(323,'INF1008POSH00080','Horacio','Ponce','Sepúlveda','1991-10-11','POSH911011HJCNPRA5','H','Zapopan','Jalisco',4),(324,'INF1008VACC00081','Cayetano','Valenzuela','Chávez','1991-10-09','VACC911009HNTLHYA2','H','Tepic','Nayarit',4),(325,'INF1008MOBM00082','Martín','Moreno','Bravo','1992-05-11','MOBM920511HSLRRRA8','H','Los Mochis','Sinaloa',4),(326,'INF1008BAVL00083','Laura','Blanco','Valdez','1992-08-21','BAVL920821MSLLLRA1','M','Mazatlan','Sinaloa',4),(327,'INF1008JILF00084','Flor','Jiménez','Lagos','1991-09-14','JILF910914MJCMGLA9','M','Guadalajara','Jalisco',4),(328,'INF1008HERN00085','Norma','Herrera','Reyes','1992-09-06','HERN920906MSLRYRA3','M','Los Mochis','Sinaloa',4),(329,'INF1008TOVF00086','Fermín Martín','Torres','Vergara','1992-10-08','TOVF921008HJCRRRA2','H','Zapopan','Jalisco',4),(330,'INF1008YANM00087','Mariana Hortensia','Yáñez','Navarrete','1991-01-11','YANM910111MSRXVRA1','M','Hermosillo','Sonora',4),(331,'MEC1008FONA00001','Amador','Flores','Núñez','1991-11-03','FONA911103HJCLXMA6','H','Zapopan','Jalisco',5),(332,'MEC1008FOCM00002','Mariano','Flores','Castillo','1991-05-21','FOCM910521HSRLSRA2','H','Ciudad Obregon','Sonora',5),(333,'MEC1008VANA00003','Amparo Renata','Vásquez','Navarrete','1992-03-17','VANA920317MSLSVMA5','M','Culiacan','Sinaloa',5),(334,'MEC1008REPV00004','Virginia Mariana','Reyes','Paz','1991-11-20','REPV911120MSLYZRA5','M','Culiacan','Sinaloa',5),(335,'MEC1008OIRC00005','Cristina','Ortiz','Ruiz','1991-05-07','OIRC910507MSLRZRA1','M','Los Mochis','Sinaloa',5),(336,'MEC1008VADC00006','Concepción','Vázquez','Díaz','1991-02-09','VADC910209MSLZZNA5','M','Los Mochis','Sinaloa',5),(337,'MEC1008JIAY00007','Yuridia Verónica','Jiménez','Álvarez','1991-09-07','JIAY910907MSLMLRA2','M','Los Mochis','Sinaloa',5),(338,'MEC1008RURR00008','Rocío Gloria','Ruiz','Rojas','1992-09-14','RURR920914MSLZJCA8','M','Culiacan','Sinaloa',5),(339,'MEC1008VACE00009','Estela Victoria','Vázquez','Castro','1991-04-07','VACE910407MJCZSSA4','M','Zapopan','Jalisco',5),(340,'MEC1008MEDH00010','Horacio','Medina','Díaz','1992-10-01','MEDH921001HSRDZRA5','H','Ciudad Obregon','Sonora',5),(341,'MEC1008DOSA00011','Agustína','Domínguez','Soto','1991-11-11','DOSA911111MSRMTGA4','M','Ciudad Obregon','Sonora',5),(342,'MEC1008ROAV00012','Valentina Flor','Rodríguez','Acosta','1992-07-04','ROAV920704MJCDCLA6','M','Zapopan','Jalisco',5),(343,'MEC1008COVC00013','Cecilio','Córdoba','Vergara','1991-02-19','COVC910219HSLRRCA1','H','Culiacan','Sinaloa',5),(344,'MEC1008FIRI00014','Inés Leticia','Figueroa','Rojas','1992-11-13','FIRI921113MSRGJNA1','M','Ciudad Obregon','Sonora',5),(345,'MEC1008SOMM00015','Mariano','Soto','Méndez','1991-05-07','SOMM910507HSRTNRA4','H','Hermosillo','Sonora',5),(346,'MEC1008CASS00016','Silvia Renata','Castro','Salazar','1991-09-15','CASS910915MSRSLLA2','M','Ciudad Obregon','Sonora',5),(347,'MEC1008QUNA00017','Altagracia Patricia','Quiroga','Núñez','1992-10-25','QUNA921025MSRRXLA2','M','Ciudad Obregon','Sonora',5),(348,'MEC1008MOBA00018','Altagracia','Moreno','Bravo','1991-09-10','MOBA910910MJCRRLA5','M','Guadalajara','Jalisco',5),(349,'MEC1008YAAA00019','Aurelia','Yáñez','Álvarez','1991-01-18','YAAA910118MSLXLRA5','M','Los Mochis','Sinaloa',5),(350,'MEC1008SASV00020','Victoria','Sánchez','Sandoval','1992-04-12','SASV920412MJCNNCA8','M','Zapopan','Jalisco',5),(351,'MEC1008SOOF00021','Fabiana Mariana','Soto','Ortiz','1992-06-25','SOOF920625MSRTRBA9','M','Hermosillo','Sonora',5),(352,'MEC1008MERM00022','Martín Cayetano','Mendoza','Rojas','1992-09-01','MERM920901HNTNJRA8','H','Tepic','Nayarit',5),(353,'MEC1008RAPP00023','Paula Estela','Ramos','Pérez','1992-04-05','RAPP920405MSLMRLA1','M','Mazatlan','Sinaloa',5),(354,'MEC1008AIVL00024','Lucía Constancia','Arias','Venegas','1991-02-19','AIVL910219MSLRNCA8','M','Los Mochis','Sinaloa',5),(355,'MEC1008JUGS00025','Silvia','Juárez','Gutiérrez','1992-04-19','JUGS920419MSLRTLA4','M','Los Mochis','Sinaloa',5),(356,'MEC1008MEDA00026','Amado Fidel','Mendoza','Díaz','1991-07-18','MEDA910718HSRNZMA6','H','Ciudad Obregon','Sonora',5),(357,'MEC1008CAVA00027','Antonino Pedro','Carvajal','Velázquez','1991-12-13','CAVA911213HSLRLNA7','H','Mazatlan','Sinaloa',5),(358,'MEC1008VARC00028','Candelaria Rosalba','Valenzuela','Ramos','1992-09-12','VARC920912MSRLMNA7','M','Ciudad Obregon','Sonora',5),(359,'MEC1008CAMV00029','Víctor','Carrasco','Moreno','1991-01-16','CAMV910116HSLRRCA9','H','Mazatlan','Sinaloa',5),(360,'MEC1008BEFP00030','Patricio','Benítez','Figueroa','1991-01-16','BEFP910116HJCNGTA6','H','Zapopan','Jalisco',5),(361,'MEC1008GUCA00031','Amador','Guerrero','Castro','1992-01-07','GUCA920107HNTRSMA8','H','Tepic','Nayarit',5),(362,'MEC1008SAPL00032','Luz','Salazar','Pino','1991-09-03','SAPL910903MSLLNZA9','M','Los Mochis','Sinaloa',5),(363,'MEC1008AECS00033','Silvia','Agüero','Carvajal','1992-04-25','AECS920425MSRGRLA6','M','Hermosillo','Sonora',5),(364,'MEC1008DIRH00034','Horacio','Díaz','Romero','1991-06-18','DIRH910618HSLZMRA1','H','Culiacan','Sinaloa',5),(365,'MEC1008BAYF00035','Félix Amado','Barrios','Yáñez','1991-02-20','BAYF910220HJCRXLA5','H','Guadalajara','Jalisco',5),(366,'MEC1008VAMF00036','Facundo','Valenzuela','Montenegro','1991-08-04','VAMF910804HSLLNCA4','H','Mazatlan','Sinaloa',5),(367,'MEC1008AURC00037','Cruz','Acuña','Romero','1991-10-14','AURC911014HSLCMRA3','H','Culiacan','Sinaloa',5),(368,'MEC1008SAPV00038','Victoria Valentina','Sánchez','Paz','1992-05-06','SAPV920506MSRNZCA2','M','Ciudad Obregon','Sonora',5),(369,'MEC1008JAJP00039','Paloma Patricia','Jara','Juárez','1991-12-22','JAJP911222MJCRRLA9','M','Guadalajara','Jalisco',5),(370,'MEC1008PISA00040','Augusto Paul','Pino','Sánchez','1992-07-01','PISA920701HSLNNGA9','H','Culiacan','Sinaloa',5),(371,'MEC1008VEBC00041','Cayetano','Velázquez','Blanco','1991-07-16','VEBC910716HJCLLYA3','H','Zapopan','Jalisco',5),(372,'MEC1008SARC00042','Candelaria','Sandoval','Rojas','1992-11-17','SARC921117MJCNJNA3','M','Guadalajara','Jalisco',5),(373,'MEC1008OEZR00043','Renata Rosalba','Ortega','Zúñiga','1991-10-10','OEZR911010MSLRXNA1','M','Culiacan','Sinaloa',5),(374,'MEC1008BALF00044','Fabián','Bravo','Leiva','1991-10-15','BALF911015HJCRVBA2','H','Guadalajara','Jalisco',5),(375,'MEC1008COCA00045','Avelino','Cortés','Córdoba','1991-05-14','COCA910514HSRRRVA9','H','Ciudad Obregon','Sonora',5),(376,'MEC1008CAGF00046','Flor','Cardozo','Gallardo','1991-09-09','CAGF910909MSLRLLA1','M','Los Mochis','Sinaloa',5),(377,'MEC1008AAGM00047','Marcelino','Álvarez','Guzmán','1991-04-16','AAGM910416HJCLZRA5','H','Guadalajara','Jalisco',5),(378,'MEC1008FUVM00048','Marcelo Mariano','Fuentes','Valdez','1991-02-10','FUVM910210HSLNLRA2','H','Mazatlan','Sinaloa',5),(379,'MEC1008MECA00049','Alba Avelina','Méndez','Castro','1992-09-11','MECA920911MSLNSLA7','M','Culiacan','Sinaloa',5),(380,'MEC1008AUSC00050','Cipriano Faustino','Aguilera','Sepúlveda','1992-09-14','AUSC920914HSLGPPA2','H','Los Mochis','Sinaloa',5),(381,'MEC1008VALR00051','Rosalba','Vásquez','Lagos','1991-02-19','VALR910219MJCSGSA9','M','Guadalajara','Jalisco',5),(382,'MEC1008RALV00052','Vicente Desiderio','Ramírez','Lagos','1991-02-10','RALV910210HJCMGCA2','H','Guadalajara','Jalisco',5),(383,'MEC1008AUMN00053','Natalia Rosalba','Aguirre','Medina','1991-08-24','AUMN910824MNTGDTA1','M','Tepic','Nayarit',5),(384,'MEC1008PEAL00054','Luz Rosalba','Peralta','Aguilera','1992-09-05','PEAL920905MSRRGZA3','M','Ciudad Obregon','Sonora',5),(385,'MEC1008GAVA00055','Amado Amadeo','Gallardo','Valenzuela','1991-02-13','GAVA910213HSRLLMA1','H','Hermosillo','Sonora',5),(386,'MEC1008AACA00056','Amanda','Alvarado','Chávez','1991-10-12','AACA911012MJCLHMA6','M','Guadalajara','Jalisco',5),(387,'MEC1008CANX00057','Ximena','Cabrera','Núñez','1992-08-22','CANX920822MSRBXMA6','M','Hermosillo','Sonora',5),(388,'MEC1008ROAC00058','Claudio','Romero','Alarcón','1991-02-23','ROAC910223HSLMLLA7','H','Culiacan','Sinaloa',5),(389,'MEC1008CACC00059','Cayetano','Campos','Carrizo','1991-08-04','CACC910804HNTMRYA8','H','Tepic','Nayarit',5),(390,'MEC1008VEFM00060','Marina Amparo','Venegas','Figueroa','1992-05-05','VEFM920505MNTNGRA7','M','Tepic','Nayarit',5),(391,'MEC1008PAHA00061','Amadeo César','Páez','Herrera','1991-08-13','PAHA910813HJCZRMA8','H','Zapopan','Jalisco',5),(392,'MEC1008BAFC00062','Cecilia','Blanco','Franco','1992-05-19','BAFC920519MJCLRCA2','M','Zapopan','Jalisco',5),(393,'MEC1008AAGL00063','Laura Angélica','Álvarez','García','1992-11-02','AAGL921102MSRLRRA1','M','Hermosillo','Sonora',5),(394,'MEC1008CAGE00064','Esperanza','Carrasco','Gómez','1991-04-14','CAGE910414MNTRMSA4','M','Tepic','Nayarit',5),(395,'MEC1008AUVC00065','Cayetano','Aguirre','Vega','1992-12-12','AUVC921212HSLGGYA4','H','Culiacan','Sinaloa',5),(396,'MEC1008PAZF00066','Fabiana','Palma','Zúñiga','1992-04-14','PAZF920414MSLLXBA4','M','Los Mochis','Sinaloa',5),(397,'MEC1008SEFM00067','Marcelino Cipriano','Sepúlveda','Farías','1992-04-02','SEFM920402HSRPRRA3','H','Hermosillo','Sonora',5),(398,'MEC1008AAZJ00068','Julio','Alarcón','Zúñiga','1992-09-25','AAZJ920925HNTLXLA5','H','Tepic','Nayarit',5),(399,'MEC1008BUBC00069','Claudio','Bustamante','Bravo','1992-05-02','BUBC920502HNTSRLA5','H','Tepic','Nayarit',5),(400,'MEC1008MABC00070','Camilo Clemente','Martinez','Benítez','1992-05-19','MABC920519HSRRNMA5','H','Ciudad Obregon','Sonora',5),(401,'MEC1008AUQA00071','Amanda','Aguirre','Quiroga','1991-03-25','AUQA910325MNTGRMA8','M','Tepic','Nayarit',5),(402,'MEC1008MEPC00072','César','Medina','Peña','1992-05-16','MEPC920516HSRDXSA7','H','Ciudad Obregon','Sonora',5),(403,'MEC1008PEAA00073','Adriano Cecilio','Pereyra','Álvarez','1991-08-19','PEAA910819HJCRLDA2','H','Zapopan','Jalisco',5),(404,'MEC1008ZUFF00074','Fermín Víctor','Zúñiga','Farías','1991-09-16','ZUFF910916HSRXRRA1','H','Ciudad Obregon','Sonora',5),(405,'MEC1008AABF00075','Fabricio','Alvarado','Blanco','1991-11-06','AABF911106HSLLLBA8','H','Culiacan','Sinaloa',5),(406,'MEC1008AEVC00076','Cándido','Arce','Vásquez','1991-03-23','AEVC910323HNTRSNA8','H','Tepic','Nayarit',5),(407,'MEC1008DULS00077','Sergio','Duarte','Luna','1991-09-03','DULS910903HSLRNRA6','H','Mazatlan','Sinaloa',5),(408,'MEC1008PAVN00078','Natalia Verónica','Parra','Vergara','1991-10-08','PAVN911008MSLRRTA6','M','Culiacan','Sinaloa',5),(409,'MEC1008HEEF00079','Fabiana','Herrera','Escobar','1991-04-03','HEEF910403MJCRSBA1','M','Zapopan','Jalisco',5),(410,'MEC1008VASO00080','Olivia Claudia','Vargas','Sánchez','1991-01-15','VASO910115MSLRNLA1','M','Culiacan','Sinaloa',5),(411,'ENE1008EOOF00001','Faustino Bonifacio','Escobar','Ojeda','1992-07-13','EOOF920713HNTSJSA3','H','Tepic','Nayarit',6),(412,'ENE1008AEAC00002','Celestina Rocío','Agüero','Acosta','1992-07-01','AEAC920701MJCGCLA8','M','Guadalajara','Jalisco',6),(413,'ENE1008CACA00003','Adrián Agustín','Cabrera','Contreras','1991-04-20','CACA910420HSLBNDA2','H','Los Mochis','Sinaloa',6),(414,'ENE1008PACV00004','Verónica Virginia','Palma','Cabrera','1992-03-03','PACV920303MJCLBRA9','M','Zapopan','Jalisco',6),(415,'ENE1008AEMF00005','Florencio Paul','Arce','Medina','1992-11-21','AEMF921121HSRRDLA5','H','Hermosillo','Sonora',6),(416,'ENE1008OIFC00006','Cornelio','Olivares','Farías','1992-04-23','OIFC920423HSRLRRA8','H','Ciudad Obregon','Sonora',6),(417,'ENE1008NATF00007','Fabián Víctor','Navarrete','Tapia','1992-05-04','NATF920504HSLVPBA4','H','Culiacan','Sinaloa',6),(418,'ENE1008OIMF00008','Fabián','Olivera','Méndez','1991-08-15','OIMF910815HJCLNBA7','H','Zapopan','Jalisco',6),(419,'ENE1008BALA00009','Altagracia','Bravo','Ledesma','1991-03-04','BALA910304MJCRDLA8','M','Guadalajara','Jalisco',6),(420,'ENE1008AUJC00010','Casto','Aguilera','Jiménez','1991-12-16','AUJC911216HSRGMSA1','H','Hermosillo','Sonora',6),(421,'ENE1008SACO00011','Olivia Camila','Salinas','Contreras','1991-05-19','SACO910519MSLLNLA6','M','Culiacan','Sinaloa',6),(422,'ENE1008FIVL00012','Lucía','Figueroa','Vergara','1992-01-04','FIVL920104MSRGRCA3','M','Hermosillo','Sonora',6),(423,'ENE1008AACF00013','Facundo Lorenzo','Álvarez','Contreras','1991-06-10','AACF910610HSRLNCA8','H','Ciudad Obregon','Sonora',6),(424,'ENE1008TOPA00014','Adrián Pedro','Torres','Pino','1992-08-07','TOPA920807HSRRNDA2','H','Ciudad Obregon','Sonora',6),(425,'ENE1008PECC00015','Clementina Rocío','Pérez','Cortés','1992-06-11','PECC920611MJCRRLA7','M','Zapopan','Jalisco',6),(426,'ENE1008VEHN00016','Natalia','Vergara','Hernández','1992-04-01','VEHN920401MNTRRTA5','M','Tepic','Nayarit',6),(427,'ENE1008FUAA00017','Araceli Cornelia','Fuentes','Álvarez','1991-10-04','FUAA911004MNTNLRA1','M','Tepic','Nayarit',6),(428,'ENE1008FECC00018','Cristian Marcelo','Fernández','Castro','1991-03-23','FECC910323HSLRSRA6','H','Culiacan','Sinaloa',6),(429,'ENE1008REVM00019','Martín','Reyes','Vega','1991-07-14','REVM910714HJCYGRA1','H','Guadalajara','Jalisco',6),(430,'ENE1008SACA00020','Avelino','Salinas','Cárdenas','1991-01-20','SACA910120HSLLRVA2','H','Los Mochis','Sinaloa',6),(431,'ENE1008AURX00021','Ximena Julia','Aguirre','Rodríguez','1992-09-07','AURX920907MSLGDMA2','M','Culiacan','Sinaloa',6),(432,'ENE1008HETC00022','Candelaria Silvia','Herrera','Tapia','1991-02-24','HETC910224MJCRPNA5','M','Guadalajara','Jalisco',6),(433,'ENE1008GOHA00023','Adriana Amparo','Gómez','Herrera','1991-09-25','GOHA910925MSLMRDA8','M','Los Mochis','Sinaloa',6),(434,'ENE1008PEBH00024','Hortensia','Pereyra','Bustamante','1991-01-18','PEBH910118MJCRSRA6','M','Guadalajara','Jalisco',6),(435,'ENE1008VACC00025','Celestino Julián','Vásquez','Carrasco','1992-02-05','VACC920205HSRSRLA7','H','Hermosillo','Sonora',6),(436,'ENE1008VAGO00026','Olivia Bonifacia','Vásquez','Guzmán','1991-06-25','VAGO910625MSLSZLA8','M','Los Mochis','Sinaloa',6),(437,'ENE1008RAGN00027','Norma','Ramírez','García','1991-03-14','RAGN910314MJCMRRA4','M','Zapopan','Jalisco',6),(438,'ENE1008TAGL00028','Laura','Tapia','Gallardo','1992-07-13','TAGL920713MSLPLRA5','M','Los Mochis','Sinaloa',6),(439,'ENE1008MADC00029','Celso','Maldonado','Domínguez','1992-03-03','MADC920303HSLLMLA4','H','Mazatlan','Sinaloa',6),(440,'ENE1008FEQA00030','Avelina','Fernández','Quiroga','1991-06-21','FEQA910621MSLRRVA7','M','Los Mochis','Sinaloa',6),(441,'ENE1008SAJE00031','Estela','Sandoval','Juárez','1992-11-13','SAJE921113MSLNRSA4','M','Culiacan','Sinaloa',6),(442,'ENE1008GUCS00032','Sergio Paul','Guerrero','Campos','1991-12-14','GUCS911214HJCRMRA1','H','Zapopan','Jalisco',6),(443,'ENE1008CACS00033','Salvador','Chávez','Carrasco','1992-06-17','CACS920617HSLHRLA4','H','Culiacan','Sinaloa',6),(444,'ENE1008EOGA00034','Adriana Fabiana','Escobar','Gómez','1992-04-08','EOGA920408MSLSMDA3','M','Los Mochis','Sinaloa',6),(445,'ENE1008PAVR00035','Rosalba Candelaria','Palma','Vargas','1992-08-09','PAVR920809MNTLRSA2','M','Tepic','Nayarit',6),(446,'ENE1008MEAA00036','Altagracia Estela','Medina','Ávila','1991-11-01','MEAA911101MSLDVLA1','M','Los Mochis','Sinaloa',6),(447,'ENE1008OEPL00037','Luciano','Ojeda','Paz','1992-02-25','OEPL920225HSRJZCA9','H','Hermosillo','Sonora',6),(448,'ENE1008MEFI00038','Ignacio','Méndez','Farías','1992-12-02','MEFI921202HJCNRGA2','H','Zapopan','Jalisco',6),(449,'ENE1008CAPP00039','Pedro Fausto','Carrasco','Pino','1992-01-12','CAPP920112HSRRNDA6','H','Ciudad Obregon','Sonora',6),(450,'ENE1008ROGA00040','Avelino Pedro','Romero','García','1992-04-14','ROGA920414HSRMRVA6','H','Ciudad Obregon','Sonora',6),(451,'ENE1008PAFC00041','Celestina','Páez','Figueroa','1991-06-11','PAFC910611MSLZGLA4','M','Mazatlan','Sinaloa',6),(452,'ENE1008AECC00042','Cayetano','Agüero','Chávez','1992-07-16','AECC920716HJCGHYA3','H','Guadalajara','Jalisco',6),(453,'ENE1008CASA00043','Altagracia Cándida','Cárdenas','Soto','1991-06-22','CASA910622MNTRTLA8','M','Tepic','Nayarit',6),(454,'ENE1008PAPN00044','Norma Cecilia','Páez','Pérez','1991-03-17','PAPN910317MSLZRRA4','M','Mazatlan','Sinaloa',6),(455,'ENE1008PARD00045','Domingo Cruz','Páez','Ramírez','1992-01-19','PARD920119HSRZMMA4','H','Ciudad Obregon','Sonora',6),(456,'ENE1008RORP00046','Patricia','Rojas','Ruiz','1992-02-20','RORP920220MSLJZTA5','M','Los Mochis','Sinaloa',6),(457,'ENE1008SAML00047','Luciano','Salinas','Medina','1991-10-12','SAML911012HSRLDCA4','H','Hermosillo','Sonora',6),(458,'ENE1008OIJC00048','Cándida Camila','Ortiz','Jiménez','1992-06-11','OIJC920611MJCRMNA1','M','Guadalajara','Jalisco',6),(459,'ENE1008PARG00049','Gabino','Paredes','Romero','1992-08-17','PARG920817HSLRMBA5','H','Mazatlan','Sinaloa',6),(460,'ENE1008MUPP00050','Patricia','Muñoz','Ponce','1991-08-23','MUPP910823MSLXNTA7','M','Mazatlan','Sinaloa',6),(461,'ENE1008MECY00051','Yolanda','Mendoza','Córdoba','1992-08-07','MECY920807MJCNRLA6','M','Zapopan','Jalisco',6),(462,'ENE1008VEAC00052','Camilo Julián','Vega','Arias','1991-04-21','VEAC910421HSLGRMA7','H','Mazatlan','Sinaloa',6),(463,'ENE1008POZM00053','Mauricio Mario','Ponce','Zúñiga','1992-02-24','POZM920224HNTNXRA6','H','Tepic','Nayarit',6),(464,'ENE1008OIRJ00054','Julia Concepción','Olivares','Ramírez','1991-11-23','OIRJ911123MSRLMLA1','M','Hermosillo','Sonora',6),(465,'ENE1008GUVV00055','Verónica Amanda','Guerrero','Vargas','1992-05-10','GUVV920510MSRRRRA4','M','Hermosillo','Sonora',6),(466,'ENE1008PAGS00056','Sergio Marcos','Paredes','Gutiérrez','1991-10-08','PAGS911008HSLRTRA6','H','Los Mochis','Sinaloa',6),(467,'ENE1008GAOF00057','Florencia','Gallardo','Olivares','1991-04-18','GAOF910418MSRLLLA8','M','Ciudad Obregon','Sonora',6),(468,'ENE1008AAFE00058','Esperanza Flor','Alarcón','Fuentes','1991-07-06','AAFE910706MSLLNSA6','M','Culiacan','Sinaloa',6),(469,'ENE1008RIFC00059','Cornelio Julio','Ríos','Farías','1992-12-24','RIFC921224HJCSRRA5','H','Guadalajara','Jalisco',6),(470,'ENE1008GAGJ00060','Julio','Gallardo','Gallardo','1992-11-15','GAGJ921115HSLLLLA1','H','Mazatlan','Sinaloa',6),(471,'ENE1008NUMA00061','Avelina','Núñez','Morales','1992-08-14','NUMA920814MSLXRVA9','M','Mazatlan','Sinaloa',6),(472,'ENE1008LOAI00062','Inés','López','Arias','1991-12-07','LOAI911207MSLPRNA4','M','Mazatlan','Sinaloa',6),(473,'ENE1008CAVM00063','Marcos','Cabrera','Vázquez','1992-01-21','CAVM920121HJCBZRA3','H','Guadalajara','Jalisco',6),(474,'ENE1008RAML00064','Lorenzo Mariano','Ramírez','Méndez','1991-11-08','RAML911108HJCMNRA2','H','Guadalajara','Jalisco',6),(475,'ENE1008JIBY00065','Yolanda','Jiménez','Bustamante','1992-02-24','JIBY920224MSRMSLA5','M','Hermosillo','Sonora',6),(476,'ENE1008MARA00066','Aurelio Agustín','Maldonado','Ruiz','1991-01-23','MARA910123HSLLZRA9','H','Los Mochis','Sinaloa',6),(477,'ENE1008COGC00067','Celestino','Cortés','Guerrero','1991-09-23','COGC910923HSLRRLA3','H','Los Mochis','Sinaloa',6),(478,'ENE1008RIAP00068','Pedro','Rivera','Agüero','1992-01-04','RIAP920104HSLVGDA2','H','Los Mochis','Sinaloa',6),(479,'ENE1008VAFA00069','Agustína','Valdés','Farías','1992-01-21','VAFA920121MJCLRGA8','M','Guadalajara','Jalisco',6),(480,'ENE1008MUNC00070','Cristian Lorenzo','Muñoz','Navarro','1991-12-08','MUNC911208HSRXVRA8','H','Hermosillo','Sonora',6),(481,'ENE1008SACJ00071','Julio','Salinas','Campos','1992-01-14','SACJ920114HSLLMLA2','H','Mazatlan','Sinaloa',6),(482,'ENE1008GURF00072','Fabiana','Guzmán','Rojas','1992-10-17','GURF921017MSLZJBA3','M','Mazatlan','Sinaloa',6),(483,'ENE1008AUAC00073','Cayetano Julián','Acuña','Acuña','1992-10-14','AUAC921014HSLCCYA7','H','Los Mochis','Sinaloa',6),(484,'ENE1008RUJC00074','César Cristian','Ruiz','Jiménez','1991-05-11','RUJC910511HSRZMSA3','H','Ciudad Obregon','Sonora',6),(485,'ENE1008AIMA00075','Antonino','Arias','Montenegro','1992-10-16','AIMA921016HSLRNNA4','H','Culiacan','Sinaloa',6),(486,'ENE1008CASC00076','Caridad Olivia','Castillo','Silva','1992-07-24','CASC920724MSRSLRA4','M','Ciudad Obregon','Sonora',6),(487,'ENE1008CAMM00077','Mauricio Desiderio','Campos','Muñoz','1991-07-18','CAMM910718HSLMXRA8','H','Los Mochis','Sinaloa',6),(488,'ENE1008CAEA00078','Amadeo Avelino','Cardozo','Escobar','1992-12-05','CAEA921205HNTRSMA9','H','Tepic','Nayarit',6),(489,'ENE1008DUAA00079','Amadeo','Duarte','Alvarado','1992-08-06','DUAA920806HJCRLMA9','H','Guadalajara','Jalisco',6),(490,'ENE1008TONA00080','Angélica Concepción','Toledo','Navarro','1991-07-09','TONA910709MSRLVNA7','M','Hermosillo','Sonora',6),(491,'ENE1008PEAC00081','Cristian Florencio','Peña','Agüero','1991-09-01','PEAC910901HNTXGRA4','H','Tepic','Nayarit',6),(492,'ENE1008CAPA00082','Alba','Castillo','Páez','1992-03-11','CAPA920311MJCSZLA4','M','Zapopan','Jalisco',6),(493,'ENE1008CAYC00083','Candelaria','Cardozo','Yáñez','1991-08-12','CAYC910812MJCRXNA3','M','Guadalajara','Jalisco',6),(494,'LYT1008HEAA00001','Amanda','Hernández','Álvarez','1991-11-22','HEAA911122MSRRLMA2','M','Hermosillo','Sonora',7),(495,'LYT1008AUOG00002','Genaro Celso','Acuña','Ojeda','1991-01-12','AUOG910112HSLCJNA7','H','Mazatlan','Sinaloa',7),(496,'LYT1008LOCC00003','Celso Octavio','López','Contreras','1991-04-20','LOCC910420HJCPNLA6','H','Guadalajara','Jalisco',7),(497,'LYT1008FOPA00004','Avelino Félix','Flores','Páez','1991-05-10','FOPA910510HSRLZVA9','H','Hermosillo','Sonora',7),(498,'LYT1008VAVI00005','Inés Mariana','Vargas','Venegas','1991-05-24','VAVI910524MNTRNNA3','M','Tepic','Nayarit',7),(499,'LYT1008FASA00006','Amparo','Franco','Suárez','1992-12-15','FASA921215MJCRRMA6','M','Zapopan','Jalisco',7),(500,'LYT1008CALH00007','Hortensia','Campos','Ledesma','1992-09-05','CALH920905MNTMDRA8','M','Tepic','Nayarit',7),(501,'LYT1008SEDA00008','Amanda','Sepúlveda','Domínguez','1992-06-24','SEDA920624MSLPMMA2','M','Culiacan','Sinaloa',7),(502,'LYT1008SAMC00009','Clemente Horacio','Sánchez','Moreno','1991-04-12','SAMC910412HSRNRLA6','H','Ciudad Obregon','Sonora',7),(503,'LYT1008HEBP00010','Pablo','Hernández','Barrios','1991-09-24','HEBP910924HJCRRBA3','H','Guadalajara','Jalisco',7),(504,'LYT1008PECY00011','Yuridia','Peralta','Carrizo','1992-09-19','PECY920919MNTRRRA8','M','Tepic','Nayarit',7),(505,'LYT1008NABR00012','René Genaro','Navarrete','Bustamante','1991-10-07','NABR911007HNTVSNA3','H','Tepic','Nayarit',7),(506,'LYT1008OIMO00013','Olivia','Olivera','Medina','1991-05-10','OIMO910510MSLLDLA1','M','Mazatlan','Sinaloa',7),(507,'LYT1008AUVA00014','Angélica Agustína','Aguirre','Valdés','1991-02-25','AUVA910225MSLGLNA4','M','Los Mochis','Sinaloa',7),(508,'LYT1008SUFM00015','Marcelino Benedicto','Suárez','Figueroa','1991-01-16','SUFM910116HSLRGRA2','H','Culiacan','Sinaloa',7),(509,'LYT1008CAMV00016','Verónica','Carrizo','Mansilla','1991-02-10','CAMV910210MSLRNRA1','M','Mazatlan','Sinaloa',7),(510,'LYT1008AADC00017','Celestino','Alvarado','Duarte','1992-03-25','AADC920325HSLLRLA2','H','Mazatlan','Sinaloa',7),(511,'LYT1008REMC00018','Camilo','Reyes','Muñoz','1992-05-13','REMC920513HSLYXMA4','H','Culiacan','Sinaloa',7),(512,'LYT1008FABC00019','Cornelia Cristina','Farías','Bustos','1991-02-19','FABC910219MSRRSRA8','M','Ciudad Obregon','Sonora',7),(513,'LYT1008LOGH00020','Hortensia Amanda','López','González','1991-04-06','LOGH910406MSLPNRA3','M','Mazatlan','Sinaloa',7),(514,'LYT1008SIOX00021','Ximena Celestina','Silva','Ojeda','1991-03-05','SIOX910305MJCLJMA4','M','Guadalajara','Jalisco',7),(515,'LYT1008CALC00022','Concepción','Carvajal','López','1991-08-06','CALC910806MJCRPNA6','M','Guadalajara','Jalisco',7),(516,'LYT1008COGD00023','Diana Fabiana','Cortés','Gallardo','1991-03-20','COGD910320MSRRLNA7','M','Hermosillo','Sonora',7),(517,'LYT1008COAA00024','Amparo','Cortés','Acosta','1991-02-09','COAA910209MSLRCMA9','M','Mazatlan','Sinaloa',7),(518,'LYT1008VECA00025','Amparo Hortensia','Venegas','Cárdenas','1992-06-16','VECA920616MJCNRMA2','M','Zapopan','Jalisco',7),(519,'LYT1008SOHA00026','Avelina','Soto','Herrera','1991-07-01','SOHA910701MSRTRVA5','M','Ciudad Obregon','Sonora',7),(520,'LYT1008MOAC00027','Claudio Marcos','Moreno','Aguilera','1992-10-21','MOAC921021HSRRGLA7','H','Hermosillo','Sonora',7),(521,'LYT1008OICE00028','Esperanza Bonifacia','Olivera','Córdoba','1991-08-22','OICE910822MSLLRSA6','M','Mazatlan','Sinaloa',7),(522,'LYT1008VAVM00029','Mauricio Amadeo','Vázquez','Valenzuela','1991-09-02','VAVM910902HSLZLRA9','H','Culiacan','Sinaloa',7),(523,'LYT1008VAZD00030','Dolores Bonifacia','Vázquez','Zúñiga','1991-08-13','VAZD910813MNTZXLA7','M','Tepic','Nayarit',7),(524,'LYT1008PEMC00031','Camila','Peña','Molina','1991-01-25','PEMC910125MNTXLMA6','M','Tepic','Nayarit',7),(525,'LYT1008SIMM00032','Marina','Silva','Mendoza','1991-04-20','SIMM910420MJCLNRA5','M','Zapopan','Jalisco',7),(526,'LYT1008FAPN00033','Natalia','Farías','Ponce','1992-10-23','FAPN921023MSLRNTA6','M','Mazatlan','Sinaloa',7),(527,'LYT1008PAMC00034','Cristina','Palma','Molina','1992-10-03','PAMC921003MSLLLRA2','M','Mazatlan','Sinaloa',7),(528,'LYT1008AIBR00035','Renata Araceli','Ávila','Bustos','1992-05-18','AIBR920518MSRVSNA9','M','Hermosillo','Sonora',7),(529,'LYT1008VEQL00036','Luciano','Venegas','Quiroga','1991-06-02','VEQL910602HJCNRCA4','H','Guadalajara','Jalisco',7),(530,'LYT1008JASJ00037','Julián Víctor','Jara','Salazar','1992-11-11','JASJ921111HNTRLLA8','H','Tepic','Nayarit',7),(531,'LYT1008VARC00038','Cándida Victoria','Valenzuela','Romero','1991-02-25','VARC910225MSLLMNA2','M','Los Mochis','Sinaloa',7),(532,'LYT1008ROMC00039','Cecilio','Rojas','Molina','1992-10-06','ROMC921006HJCJLCA6','H','Guadalajara','Jalisco',7),(533,'LYT1008MOVV00040','Vicente Marcelino','Moreno','Velázquez','1991-11-04','MOVV911104HSRRLCA8','H','Ciudad Obregon','Sonora',7),(534,'LYT1008BEOC00041','Cristina','Benítez','Ortega','1992-07-05','BEOC920705MSLNRRA2','M','Culiacan','Sinaloa',7),(535,'LYT1008MAPM00042','Mariana Natalia','Maldonado','Pino','1991-06-08','MAPM910608MSRLNRA8','M','Hermosillo','Sonora',7),(536,'LYT1008GOAA00043','Aurelio','Gómez','Arias','1992-03-18','GOAA920318HSLMRRA3','H','Culiacan','Sinaloa',7),(537,'LYT1008PACA00044','Amparo Agustína','Palma','Carvajal','1991-09-17','PACA910917MSLLRMA4','M','Culiacan','Sinaloa',7),(538,'LYT1008AAER00045','Renata Esperanza','Alvarado','Escobar','1992-06-06','AAER920606MJCLSNA8','M','Zapopan','Jalisco',7),(539,'LYT1008VETB00046','Benito Pablo','Vergara','Tapia','1992-06-16','VETB920616HSRRPNA9','H','Hermosillo','Sonora',7),(540,'LYT1008PAAF00047','Fausto Fidel','Palma','Agüero','1992-06-05','PAAF920605HNTLGSA1','H','Tepic','Nayarit',7),(541,'LYT1008CARA00048','Araceli Esperanza','Castillo','Ramos','1992-01-17','CARA920117MSRSMRA2','M','Ciudad Obregon','Sonora',7),(542,'LYT1008COPP00049','Paula','Córdoba','Palma','1991-01-12','COPP910112MSLRLLA1','M','Culiacan','Sinaloa',7),(543,'LYT1008VECL00050','Laura Rocío','Vergara','Carrasco','1991-09-25','VECL910925MNTRRRA7','M','Tepic','Nayarit',7),(544,'LYT1008SAMA00051','Aurora','Salinas','Méndez','1992-09-18','SAMA920918MSLLNRA5','M','Culiacan','Sinaloa',7),(545,'LYT1008MATS00052','Silvia','Maldonado','Toledo','1991-04-14','MATS910414MSRLLLA4','M','Ciudad Obregon','Sonora',7),(546,'LYT1008DIMP00053','Patricio','Díaz','Mendoza','1991-09-06','DIMP910906HSLZNTA7','H','Los Mochis','Sinaloa',7),(547,'LYT1008BAZC00054','Celestina','Blanco','Zúñiga','1991-03-17','BAZC910317MNTLXLA3','M','Tepic','Nayarit',7),(548,'LYT1008MOYA00055','Antonino','Montenegro','Yáñez','1992-11-21','MOYA921121HSRNXNA9','H','Hermosillo','Sonora',7),(549,'LYT1008CAZF00056','Florencia','Castro','Zúñiga','1992-07-07','CAZF920707MJCSXLA8','M','Zapopan','Jalisco',7),(550,'LYT1008VADV00057','Victoria Araceli','Valdez','Díaz','1991-04-12','VADV910412MJCLZCA7','M','Guadalajara','Jalisco',7),(551,'LYT1008BUOJ00058','Julia Amanda','Bustos','Olivares','1991-03-15','BUOJ910315MSLSLLA2','M','Culiacan','Sinaloa',7),(552,'LYT1008COBJ00059','Julio','Córdoba','Benítez','1992-03-23','COBJ920323HSLRNLA6','H','Los Mochis','Sinaloa',7),(553,'LYT1008CANA00060','Adriano','Cabrera','Navarro','1992-01-18','CANA920118HSLBVDA4','H','Mazatlan','Sinaloa',7),(554,'LYT1008SAMM00061','Mauricio','Salinas','Mansilla','1992-06-02','SAMM920602HJCLNRA8','H','Guadalajara','Jalisco',7),(555,'LYT1008FAMD00062','Diana','Farías','Mendoza','1992-05-20','FAMD920520MSLRNNA6','M','Mazatlan','Sinaloa',7),(556,'LYT1008FAMC00063','Claudio Fabián','Franco','Molina','1991-11-22','FAMC911122HJCRLLA6','H','Guadalajara','Jalisco',7),(557,'LYT1008CARB00064','Benedicto Celestino','Cárdenas','Rodríguez','1992-03-06','CARB920306HSRRDNA4','H','Ciudad Obregon','Sonora',7),(558,'LYT1008EIMA00065','Asunción','Espinoza','Mansilla','1992-06-24','EIMA920624MSRSNSA6','M','Ciudad Obregon','Sonora',7),(559,'LYT1008FAHC00066','Cándido','Farías','Herrera','1991-07-07','FAHC910707HJCRRNA7','H','Zapopan','Jalisco',7),(560,'LYT1008CAJC00067','Clementina','Cárdenas','Jara','1992-12-22','CAJC921222MSRRRLA7','M','Hermosillo','Sonora',7),(561,'LYT1008CASC00068','Claudio','Chávez','Sandoval','1992-04-05','CASC920405HJCHNLA5','H','Guadalajara','Jalisco',7),(562,'LYT1008COMA00069','Adriana Rosalba','Cortés','Martinez','1991-06-22','COMA910622MSLRRDA1','M','Mazatlan','Sinaloa',7),(563,'LYT1008CATC00070','Claudia','Campos','Torres','1991-12-25','CATC911225MJCMRLA4','M','Guadalajara','Jalisco',7),(564,'LYT1008PAGF00071','Fermín Mauricio','Paredes','Gallardo','1991-01-24','PAGF910124HSLRLRA4','H','Los Mochis','Sinaloa',7),(565,'LYT1008CAAM00072','Mario Luciano','Carrasco','Arias','1991-12-01','CAAM911201HSLRRRA5','H','Culiacan','Sinaloa',7),(566,'LYT1008ZUFE00073','Esperanza Ximena','Zúñiga','Flores','1991-11-13','ZUFE911113MSRXLSA8','M','Ciudad Obregon','Sonora',7),(567,'LYT1008LUQC00074','Claudia','Luna','Quiroga','1992-08-02','LUQC920802MSLNRLA7','M','Mazatlan','Sinaloa',7),(568,'LYT1008YAAV00075','Virginia Victoria','Yáñez','Aguirre','1992-10-02','YAAV921002MSRXGRA8','M','Ciudad Obregon','Sonora',7),(569,'LYT1008LUAE00076','Estela Laura','Luna','Arias','1991-09-23','LUAE910923MNTNRSA5','M','Tepic','Nayarit',7),(570,'LYT1008VIAC00077','Cándido Ignacio','Vidal','Acuña','1991-07-17','VIAC910717HSLDCNA3','H','Los Mochis','Sinaloa',7),(571,'LYT1008GOMF00078','Fabiana Lucía','González','Martinez','1991-12-14','GOMF911214MSLNRBA2','M','Mazatlan','Sinaloa',7),(572,'LYT1008FUPP00079','Paloma','Fuentes','Ponce','1992-05-18','FUPP920518MSLNNLA5','M','Mazatlan','Sinaloa',7),(573,'LYT1008COBR00080','Rocío','Contreras','Blanco','1992-06-10','COBR920610MSLNLCA4','M','Culiacan','Sinaloa',7),(574,'LYT1008LUCC00081','Consuelo','Luna','Córdoba','1991-12-18','LUCC911218MSRNRNA7','M','Hermosillo','Sonora',7),(575,'LYT1008GAOB00082','Beatriz','Gallardo','Ortega','1992-03-03','GAOB920303MNTLRTA8','M','Tepic','Nayarit',7),(576,'AMB1008CABP00001','Paul Facundo','Cardozo','Bravo','1991-09-16','CABP910916HJCRRLA8','H','Zapopan','Jalisco',8),(577,'AMB1008PECL00002','Luz Paula','Peña','Campos','1991-09-12','PECL910912MJCXMZA1','M','Guadalajara','Jalisco',8),(578,'AMB1008VACP00003','Pablo','Vargas','Cárdenas','1992-02-08','VACP920208HSLRRBA9','H','Los Mochis','Sinaloa',8),(579,'AMB1008MAAB00004','Benedicto Gabino','Maldonado','Acosta','1992-10-07','MAAB921007HSRLCNA6','H','Hermosillo','Sonora',8),(580,'AMB1008YAOC00005','Claudia Fabiana','Yáñez','Olivera','1992-02-25','YAOC920225MJCXLLA9','M','Guadalajara','Jalisco',8),(581,'AMB1008CATC00006','Constancia Angélica','Cabrera','Torres','1991-07-07','CATC910707MSRBRNA8','M','Ciudad Obregon','Sonora',8),(582,'AMB1008RIRC00007','Cándida Aurelia','Ríos','Reyes','1992-03-23','RIRC920323MSRSYNA8','M','Hermosillo','Sonora',8),(583,'AMB1008LANA00008','Aurora Aurelia','Lagos','Núñez','1992-05-20','LANA920520MJCGXRA6','M','Zapopan','Jalisco',8),(584,'AMB1008MAAC00009','Cayetano','Martinez','Aguilera','1991-09-14','MAAC910914HSLRGYA4','H','Los Mochis','Sinaloa',8),(585,'AMB1008COGC00010','Consuelo','Córdoba','Guzmán','1991-07-15','COGC910715MNTRZNA3','M','Tepic','Nayarit',8),(586,'AMB1008AICP00011','Paloma','Arias','Córdoba','1992-07-01','AICP920701MSRRRLA5','M','Ciudad Obregon','Sonora',8),(587,'AMB1008FAAA00012','Aurora','Farías','Arias','1991-01-07','FAAA910107MSRRRRA2','M','Hermosillo','Sonora',8),(588,'AMB1008POCC00013','Celestino','Ponce','Carrizo','1992-11-22','POCC921122HSLNRLA3','H','Los Mochis','Sinaloa',8),(589,'AMB1008DOVC00014','Cayetano Fidel','Domínguez','Vargas','1991-03-10','DOVC910310HJCMRYA8','H','Zapopan','Jalisco',8),(590,'AMB1008COPG00015','Gabino','Contreras','Ponce','1992-04-24','COPG920424HSRNNBA7','H','Ciudad Obregon','Sonora',8),(591,'AMB1008JARB00016','Beatriz Adriana','Jara','Romero','1991-04-25','JARB910425MNTRMTA4','M','Tepic','Nayarit',8),(592,'AMB1008QUBF00017','Fabiana','Quiroga','Benítez','1991-12-05','QUBF911205MSLRNBA4','M','Mazatlan','Sinaloa',8),(593,'AMB1008DOMB00018','Benedicto Desiderio','Domínguez','Méndez','1992-10-18','DOMB921018HJCMNNA5','H','Zapopan','Jalisco',8),(594,'AMB1008PAMF00019','Fabián','Paredes','Mansilla','1991-09-14','PAMF910914HJCRNBA4','H','Guadalajara','Jalisco',8),(595,'AMB1008HEDA00020','Antonino','Herrera','Domínguez','1992-09-17','HEDA920917HJCRMNA7','H','Zapopan','Jalisco',8),(596,'AMB1008BABO00021','Octavio','Bravo','Bravo','1991-09-03','BABO910903HSRRRCA4','H','Ciudad Obregon','Sonora',8),(597,'AMB1008NUCA00022','Avelino','Núñez','Carvajal','1991-12-16','NUCA911216HSLXRVA7','H','Culiacan','Sinaloa',8),(598,'AMB1008COML00023','Luz Inés','Córdoba','Mansilla','1991-06-18','COML910618MSLRNZA2','M','Culiacan','Sinaloa',8),(599,'AMB1008CACC00024','Cecilia Cecilia','Carrizo','Carrasco','1992-03-14','CACC920314MNTRRCA8','M','Tepic','Nayarit',8),(600,'AMB1008NUNL00025','Luz Hortensia','Núñez','Navarrete','1992-11-05','NUNL921105MSRXVZA6','M','Ciudad Obregon','Sonora',8),(601,'AMB1008LEVX00026','Ximena Cándida','Leiva','Valdez','1991-08-08','LEVX910808MJCVLMA3','M','Guadalajara','Jalisco',8),(602,'AMB1008OIOV00027','Victoria','Olivares','Ojeda','1991-11-13','OIOV911113MSLLJCA4','M','Culiacan','Sinaloa',8),(603,'AMB1008GOSA00028','Amparo','Gómez','Sepúlveda','1992-12-13','GOSA921213MJCMPMA2','M','Zapopan','Jalisco',8),(604,'AMB1008LADL00029','Laura','Lagos','Duarte','1991-04-19','LADL910419MNTGRRA7','M','Tepic','Nayarit',8),(605,'AMB1008VEJL00030','Lorenzo Román','Vega','Jara','1991-06-01','VEJL910601HJCGRRA5','H','Guadalajara','Jalisco',8),(606,'AMB1008MEYC00031','Cruz Camilo','Medina','Yáñez','1992-12-05','MEYC921205HSLDXRA2','H','Los Mochis','Sinaloa',8),(607,'AMB1008OIVG00032','Genaro','Olivera','Venegas','1991-06-21','OIVG910621HSLLNNA6','H','Culiacan','Sinaloa',8),(608,'AMB1008FIPD00033','Domingo','Figueroa','Palma','1992-07-04','FIPD920704HSLGLMA8','H','Mazatlan','Sinaloa',8),(609,'AMB1008SAAC00034','César Celestino','Sandoval','Agüero','1991-06-21','SAAC910621HSLNGSA9','H','Los Mochis','Sinaloa',8),(610,'AMB1008CAMM00035','Martín Claudio','Campos','Morales','1992-08-08','CAMM920808HSLMRRA8','H','Culiacan','Sinaloa',8),(611,'AMB1008CACF00036','Félix Amadeo','Chávez','Campos','1992-03-01','CACF920301HJCHMLA6','H','Zapopan','Jalisco',8),(612,'AMB1008VAVF00037','Félix Clemente','Valenzuela','Valenzuela','1992-07-18','VAVF920718HJCLLLA3','H','Guadalajara','Jalisco',8),(613,'AMB1008AEZM00038','Marcelino','Arce','Zúñiga','1991-07-04','AEZM910704HSLRXRA4','H','Culiacan','Sinaloa',8),(614,'AMB1008PAAA00039','Antonino Bonifacio','Parra','Ávila','1992-08-21','PAAA920821HSRRVNA5','H','Ciudad Obregon','Sonora',8),(615,'AMB1008CAPF00040','Facundo Lorenzo','Carrizo','Peralta','1992-02-13','CAPF920213HSRRRCA4','H','Hermosillo','Sonora',8),(616,'AMB1008FAMR00041','Rocío Concepción','Franco','Martinez','1991-05-25','FAMR910525MSLRRCA3','M','Los Mochis','Sinaloa',8),(617,'AMB1008HEZM00042','Mario Vicente','Hernández','Zúñiga','1991-06-04','HEZM910604HSLRXRA8','H','Los Mochis','Sinaloa',8),(618,'AMB1008FUNC00043','Clementina Renata','Fuentes','Navarro','1992-09-03','FUNC920903MNTNVLA6','M','Tepic','Nayarit',8),(619,'AMB1008MOAF00044','Flor','Molina','Aguilera','1991-12-17','MOAF911217MSRLGLA8','M','Ciudad Obregon','Sonora',8),(620,'AMB1008AIVM00045','Marina Aurelia','Arias','Valdez','1992-01-01','AIVM920101MNTRLRA1','M','Tepic','Nayarit',8),(621,'AMB1008SISA00046','Augusto','Silva','Soto','1991-01-07','SISA910107HSLLTGA8','H','Culiacan','Sinaloa',8),(622,'AMB1008AEOB00047','Bonifacio','Arce','Olivares','1992-09-23','AEOB920923HSLRLNA4','H','Culiacan','Sinaloa',8),(623,'AMB1008COBV00048','Valentina Paula','Cortés','Bustos','1992-02-12','COBV920212MSLRSLA5','M','Culiacan','Sinaloa',8),(624,'AMB1008AICF00049','Fabricio','Arias','Cortés','1991-11-06','AICF911106HSLRRBA3','H','Culiacan','Sinaloa',8),(625,'AMB1008GUMA00050','Asunción','Guzmán','Mansilla','1992-03-06','GUMA920306MSLZNSA6','M','Culiacan','Sinaloa',8),(626,'AMB1008LECL00051','Leticia Aurora','Ledesma','Carrizo','1992-05-02','LECL920502MSRDRTA8','M','Hermosillo','Sonora',8),(627,'AMB1008VEAH00052','Horacio Mario','Velázquez','Acosta','1992-01-09','VEAH920109HJCLCRA2','H','Zapopan','Jalisco',8),(628,'AMB1008PAEC00053','Cecilio','Páez','Escobar','1991-11-15','PAEC911115HNTZSCA9','H','Tepic','Nayarit',8),(629,'AMB1008QULP00054','Patricio','Quiroga','Leiva','1991-05-22','QULP910522HSLRVTA9','H','Los Mochis','Sinaloa',8),(630,'AMB1008PEPA00055','Aurelio Bonifacio','Pérez','Pérez','1991-09-16','PEPA910916HSLRRRA2','H','Los Mochis','Sinaloa',8),(631,'AMB1008RELC00056','Camilo','Reyes','Ledesma','1991-12-20','RELC911220HSLYDMA2','H','Mazatlan','Sinaloa',8),(632,'AMB1008CASS00057','Salvador','Cabrera','Sandoval','1992-07-07','CASS920707HSLBNLA1','H','Mazatlan','Sinaloa',8),(633,'AMB1008VEFC00058','Candelaria Clementina','Vergara','Franco','1992-09-15','VEFC920915MSLRRNA3','M','Culiacan','Sinaloa',8),(634,'AMB1008GURA00059','Alba','Guzmán','Ramos','1992-08-09','GURA920809MNTZMLA5','M','Tepic','Nayarit',8),(635,'AMB1008LANV00060','Virginia Aurora','Lagos','Núñez','1991-02-14','LANV910214MSLGXRA9','M','Mazatlan','Sinaloa',8),(636,'AMB1008OISC00061','Celso Cruz','Ortiz','Sánchez','1992-08-23','OISC920823HNTRNLA7','H','Tepic','Nayarit',8),(637,'AMB1008OIVP00062','Paloma Antonina','Olivera','Valdez','1991-02-22','OIVP910222MSLLLLA2','M','Los Mochis','Sinaloa',8),(638,'AMB1008PIPM00063','Marcelo Gabino','Pino','Ponce','1991-09-13','PIPM910913HSRNNRA1','H','Ciudad Obregon','Sonora',8),(639,'AMB1008PACC00064','Candelaria','Paredes','Castillo','1992-05-15','PACC920515MJCRSNA5','M','Zapopan','Jalisco',8),(640,'AMB1008COGV00065','Verónica','Cortés','García','1991-06-07','COGV910607MSRRRRA5','M','Ciudad Obregon','Sonora',8),(641,'AMB1008NAPF00066','Fabricio','Navarro','Parra','1991-01-09','NAPF910109HSRVRBA3','H','Ciudad Obregon','Sonora',8),(642,'AMB1008BAAD00067','Dolores Antonina','Barrios','Alvarado','1991-06-01','BAAD910601MSRRLLA1','M','Ciudad Obregon','Sonora',8),(643,'AMB1008SAQH00068','Horacio','Sandoval','Quiroga','1992-11-17','SAQH921117HSRNRRA4','H','Hermosillo','Sonora',8),(644,'AMB1008SENL00069','Leticia Alba','Sepúlveda','Navarro','1991-03-01','SENL910301MSRPVTA5','M','Ciudad Obregon','Sonora',8),(645,'AMB1008RISC00070','Clemente Clemente','Ríos','Sandoval','1992-06-14','RISC920614HSLSNLA4','H','Mazatlan','Sinaloa',8),(646,'AMB1008CANP00071','Paloma','Carrasco','Núñez','1991-11-18','CANP911118MSRRXLA1','M','Ciudad Obregon','Sonora',8),(647,'AMB1008LUGB00072','Beatriz Esperanza','Luna','Guerrero','1991-04-03','LUGB910403MJCNRTA1','M','Guadalajara','Jalisco',8),(648,'AMB1008VAFG00073','Gloria','Vázquez','Farías','1992-07-23','VAFG920723MNTZRLA9','M','Tepic','Nayarit',8),(649,'AMB1008HESC00074','Cayetano Faustino','Hernández','Sánchez','1992-04-17','HESC920417HNTRNYA5','H','Tepic','Nayarit',8),(650,'AMB1008MAAL00075','Leticia Renata','Mansilla','Alarcón','1992-03-14','MAAL920314MSLNLTA9','M','Mazatlan','Sinaloa',8),(651,'AMB1008VAPB00076','Benito','Valdez','Pino','1992-06-17','VAPB920617HSLLNNA2','H','Culiacan','Sinaloa',8),(652,'AMB1008MALF00077','Fermín Aurelio','Mansilla','Lagos','1991-02-13','MALF910213HSRNGRA8','H','Ciudad Obregon','Sonora',8),(653,'AMB1008AATX00078','Ximena','Alarcón','Tapia','1992-12-02','AATX921202MSLLPMA6','M','Los Mochis','Sinaloa',8),(654,'AMB1008RADV00079','Valentina','Ramos','Díaz','1992-05-05','RADV920505MSRMZLA4','M','Hermosillo','Sonora',8),(655,'AMB1008JIBL00080','Lorenzo','Jiménez','Bustamante','1991-06-05','JIBL910605HSLMSRA2','H','Los Mochis','Sinaloa',8),(656,'AMB1008CATA00081','Antonino','Cabrera','Torres','1991-08-01','CATA910801HSLBRNA7','H','Los Mochis','Sinaloa',8),(657,'AMB1008META00082','Adrián Salvador','Medina','Toledo','1992-02-18','META920218HSRDLDA3','H','Hermosillo','Sonora',8),(658,'AMB1008AAML00083','Leticia Celestina','Alvarado','Martinez','1991-10-05','AAML911005MSRLRTA8','M','Hermosillo','Sonora',8),(659,'AMB1008BAAA00084','Aurora Avelina','Barrios','Ávila','1992-04-03','BAAA920403MSLRVRA1','M','Los Mochis','Sinaloa',8),(660,'AMB1008VAAY00085','Yolanda Bonifacia','Valdés','Arce','1991-05-08','VAAY910508MSLLRLA3','M','Culiacan','Sinaloa',8),(661,'BMD1008AEMN00001','Norma Camila','Agüero','Mendoza','1991-09-06','AEMN910906MNTGNRA2','M','Tepic','Nayarit',9),(662,'BMD1008EOMA00002','Avelino René','Escobar','Maldonado','1991-10-01','EOMA911001HJCSLVA4','H','Guadalajara','Jalisco',9),(663,'BMD1008BAGC00003','Clemente Fermín','Blanco','González','1992-06-02','BAGC920602HSRLNLA9','H','Ciudad Obregon','Sonora',9),(664,'BMD1008OIPS00004','Salvador','Olivera','Páez','1992-01-14','OIPS920114HSLLZLA1','H','Mazatlan','Sinaloa',9),(665,'BMD1008CAMS00005','Sergio Horacio','Cárdenas','Molina','1992-02-08','CAMS920208HJCRLRA2','H','Guadalajara','Jalisco',9),(666,'BMD1008VARP00006','Paula Consuelo','Valdés','Rivera','1992-02-18','VARP920218MSRLVLA4','M','Ciudad Obregon','Sonora',9),(667,'BMD1008BUHC00007','Camilo Amador','Bustamante','Hernández','1992-10-15','BUHC921015HSRSRMA4','H','Ciudad Obregon','Sonora',9),(668,'BMD1008JILS00008','Sergio','Jiménez','Ledesma','1992-04-25','JILS920425HJCMDRA4','H','Guadalajara','Jalisco',9),(669,'BMD1008OIMJ00009','Julio','Olivera','Muñoz','1992-01-04','OIMJ920104HSLLXLA2','H','Culiacan','Sinaloa',9),(670,'BMD1008RAJC00010','Claudio','Ramírez','Jiménez','1992-11-19','RAJC921119HSRMMLA5','H','Hermosillo','Sonora',9),(671,'BMD1008PAPC00011','Celestina','Paz','Peña','1991-03-22','PAPC910322MSLZXLA1','M','Los Mochis','Sinaloa',9),(672,'BMD1008VAPV00012','Victoria','Valdez','Pérez','1991-02-18','VAPV910218MSLLRCA5','M','Mazatlan','Sinaloa',9),(673,'BMD1008GAVA00013','Adrián Cecilio','Gallardo','Vergara','1992-03-07','GAVA920307HSLLRDA8','H','Culiacan','Sinaloa',9),(674,'BMD1008REAM00014','Mauricio Horacio','Reyes','Acuña','1991-11-13','REAM911113HSLYCRA5','H','Los Mochis','Sinaloa',9),(675,'BMD1008BACP00015','Pablo Facundo','Barrios','Carrasco','1992-03-24','BACP920324HSLRRBA8','H','Los Mochis','Sinaloa',9),(676,'BMD1008OERA00016','Amanda Beatriz','Ojeda','Ramírez','1992-06-24','OERA920624MJCJMMA4','M','Zapopan','Jalisco',9),(677,'BMD1008COLC00017','Constancia Avelina','Contreras','Leiva','1991-06-03','COLC910603MSLNVNA4','M','Los Mochis','Sinaloa',9),(678,'BMD1008GOMP00018','Paula','Gómez','Molina','1992-02-18','GOMP920218MJCMLLA1','M','Guadalajara','Jalisco',9),(679,'BMD1008VIOA00019','Amadeo','Vidal','Ojeda','1992-10-16','VIOA921016HSLDJMA3','H','Mazatlan','Sinaloa',9),(680,'BMD1008CAAC00020','Consuelo','Cabrera','Aguirre','1991-03-23','CAAC910323MNTBGNA8','M','Tepic','Nayarit',9),(681,'BMD1008SEMO00021','Olivia Silvia','Sepúlveda','Martinez','1991-12-10','SEMO911210MSLPRLA9','M','Los Mochis','Sinaloa',9),(682,'BMD1008OIVN00022','Natalia Claudia','Olivera','Venegas','1992-03-16','OIVN920316MSRLNTA9','M','Ciudad Obregon','Sonora',9),(683,'BMD1008CODF00023','Facundo Camilo','Cortés','Duarte','1991-03-16','CODF910316HJCRRCA1','H','Guadalajara','Jalisco',9),(684,'BMD1008MEGS00024','Silvia Gloria','Méndez','García','1991-01-21','MEGS910121MSRNRLA9','M','Hermosillo','Sonora',9),(685,'BMD1008PIDL00025','Leticia Antonina','Pino','Domínguez','1992-06-15','PIDL920615MSLNMTA6','M','Los Mochis','Sinaloa',9),(686,'BMD1008SABO00026','Olivia','Sánchez','Benítez','1992-05-19','SABO920519MSRNNLA9','M','Hermosillo','Sonora',9),(687,'BMD1008HESC00027','Celestina Lucía','Herrera','Salinas','1992-01-05','HESC920105MSLRLLA7','M','Culiacan','Sinaloa',9),(688,'BMD1008SASC00028','Cecilio Facundo','Sánchez','Silva','1991-03-22','SASC910322HSRNLCA8','H','Ciudad Obregon','Sonora',9),(689,'BMD1008SARY00029','Yuridia Paloma','Salinas','Reyes','1991-04-04','SARY910404MSLLYRA3','M','Los Mochis','Sinaloa',9),(690,'BMD1008CAPC00030','Caridad','Cardozo','Parra','1992-06-11','CAPC920611MSRRRRA4','M','Hermosillo','Sonora',9),(691,'BMD1008FOMM00031','Mariano Claudio','Flores','Mendoza','1992-07-22','FOMM920722HSLLNRA1','H','Los Mochis','Sinaloa',9),(692,'BMD1008HEAH00032','Horacio','Hernández','Acuña','1991-02-09','HEAH910209HNTRCRA2','H','Tepic','Nayarit',9),(693,'BMD1008SATR00033','Renata','Salazar','Toledo','1991-04-14','SATR910414MSRLLNA9','M','Hermosillo','Sonora',9),(694,'BMD1008TOCA00034','Angélica','Torres','Carvajal','1992-05-08','TOCA920508MJCRRNA9','M','Zapopan','Jalisco',9),(695,'BMD1008SASL00035','Leticia Avelina','Salinas','Soto','1992-02-10','SASL920210MJCLTTA1','M','Guadalajara','Jalisco',9),(696,'BMD1008COFO00036','Octavio','Cortés','Franco','1991-11-11','COFO911111HJCRRCA2','H','Zapopan','Jalisco',9),(697,'BMD1008EIVA00037','Angélica','Espinoza','Valdés','1991-11-16','EIVA911116MSRSLNA9','M','Ciudad Obregon','Sonora',9),(698,'BMD1008SUPF00038','Fermín','Suárez','Páez','1992-03-17','SUPF920317HSRRZRA1','H','Hermosillo','Sonora',9),(699,'BMD1008NASC00039','Cándida Norma','Navarrete','Sepúlveda','1992-06-08','NASC920608MNTVPNA4','M','Tepic','Nayarit',9),(700,'BMD1008LEOF00040','Fidel','Ledesma','Ojeda','1992-01-25','LEOF920125HSLDJDA9','H','Culiacan','Sinaloa',9),(701,'BMD1008MANM00041','Marcelino','Maldonado','Núñez','1992-05-11','MANM920511HSLLXRA3','H','Mazatlan','Sinaloa',9),(702,'BMD1008BAAA00042','Aurelia','Barrios','Alvarado','1992-10-25','BAAA921025MSRRLRA6','M','Hermosillo','Sonora',9),(703,'BMD1008PITB00043','Benito','Pino','Tapia','1991-04-14','PITB910414HSLNPNA9','H','Mazatlan','Sinaloa',9),(704,'BMD1008COPA00044','Alba Cándida','Cortés','Pérez','1992-02-05','COPA920205MJCRRLA8','M','Guadalajara','Jalisco',9),(705,'BMD1008MERC00045','Cruz Desiderio','Medina','Ramírez','1992-03-03','MERC920303HJCDMRA7','H','Zapopan','Jalisco',9),(706,'BMD1008SAEP00046','Patricia Natalia','Sánchez','Espinoza','1991-02-11','SAEP910211MSRNSTA6','M','Hermosillo','Sonora',9),(707,'BMD1008PARE00047','Esperanza','Paredes','Ruiz','1991-03-10','PARE910310MJCRZSA9','M','Guadalajara','Jalisco',9),(708,'BMD1008ZURA00048','Asunción','Zúñiga','Rojas','1992-09-23','ZURA920923MSLXJSA6','M','Culiacan','Sinaloa',9),(709,'BMD1008MEOM00049','Marcos','Medina','Ortiz','1991-01-20','MEOM910120HSRDRRA2','H','Ciudad Obregon','Sonora',9),(710,'BMD1008LOJC00050','Claudio Cándido','López','Juárez','1992-12-04','LOJC921204HNTPRLA3','H','Tepic','Nayarit',9),(711,'BMD1008TOVB00051','Beatriz','Toledo','Vásquez','1992-03-14','TOVB920314MSLLSTA1','M','Mazatlan','Sinaloa',9),(712,'BMD1008ROHM00052','Marina Lucía','Rodríguez','Herrera','1992-08-16','ROHM920816MSLDRRA3','M','Mazatlan','Sinaloa',9),(713,'BMD1008ROOC00053','Cristina Mariana','Romero','Ojeda','1992-03-24','ROOC920324MNTMJRA9','M','Tepic','Nayarit',9),(714,'BMD1008COVC00054','Candelaria Avelina','Córdoba','Vergara','1991-03-13','COVC910313MSRRRNA9','M','Hermosillo','Sonora',9),(715,'BMD1008AAVB00055','Bonifacio César','Alvarado','Vargas','1991-10-08','AAVB911008HSRLRNA6','H','Hermosillo','Sonora',9),(716,'BMD1008ZUBC00056','Cecilio','Zúñiga','Bustamante','1991-10-16','ZUBC911016HSLXSCA6','H','Los Mochis','Sinaloa',9),(717,'BMD1008VATB00057','Benito Cruz','Vargas','Tapia','1991-10-09','VATB911009HJCRPNA2','H','Guadalajara','Jalisco',9),(718,'BMD1008LANX00058','Ximena','Lagos','Navarrete','1991-06-10','LANX910610MJCGVMA6','M','Guadalajara','Jalisco',9),(719,'BMD1008AEAM00059','Mariano Cándido','Arce','Aguirre','1992-09-05','AEAM920905HNTRGRA1','H','Tepic','Nayarit',9),(720,'BMD1008VIPR00060','René','Vidal','Paredes','1992-03-15','VIPR920315HNTDRNA7','H','Tepic','Nayarit',9),(721,'BMD1008SAVA00061','Augusto','Sandoval','Vergara','1991-09-08','SAVA910908HJCNRGA9','H','Guadalajara','Jalisco',9),(722,'BMD1008SAAA00062','Agustína','Sandoval','Agüero','1991-06-02','SAAA910602MSRNGGA1','M','Ciudad Obregon','Sonora',9),(723,'BMD1008HEJB00063','Bonifacia Flor','Herrera','Jara','1991-08-13','HEJB910813MSLRRNA3','M','Culiacan','Sinaloa',9),(724,'BMD1008OICA00064','Augusto René','Olivares','Cortés','1991-10-16','OICA911016HSLLRGA5','H','Los Mochis','Sinaloa',9),(725,'BMD1008OESL00065','Laura','Ortega','Silva','1992-10-20','OESL921020MNTRLRA5','M','Tepic','Nayarit',9),(726,'BMD1008MOCG00066','Genaro','Morales','Contreras','1991-11-24','MOCG911124HSRRNNA2','H','Ciudad Obregon','Sonora',9),(727,'BMD1008MOPA00067','Amado','Montenegro','Paz','1992-05-25','MOPA920525HSRNZMA3','H','Hermosillo','Sonora',9),(728,'BMD1008OELE00068','Estela','Ortega','Luna','1992-07-01','OELE920701MSLRNSA8','M','Mazatlan','Sinaloa',9),(729,'BMD1008OEVC00069','Claudia Consuelo','Ortega','Vargas','1992-05-07','OEVC920507MSRRRLA7','M','Ciudad Obregon','Sonora',9),(730,'BMD1008SAFM00070','Marcelino Florencio','Salinas','Fernández','1991-05-23','SAFM910523HSRLRRA4','H','Ciudad Obregon','Sonora',9),(731,'BMD1008VILP00071','Paul','Vidal','López','1991-02-11','VILP910211HSLDPLA4','H','Mazatlan','Sinaloa',9),(732,'BMD1008VAPF00072','Flor Fabiana','Valenzuela','Peña','1991-12-14','VAPF911214MSRLXLA6','M','Ciudad Obregon','Sonora',9),(733,'BMD1008LURN00073','Norma Inés','Luna','Romero','1991-04-06','LURN910406MJCNMRA8','M','Guadalajara','Jalisco',9),(734,'BMD1008FADJ00074','Julia Marina','Franco','Díaz','1992-03-03','FADJ920303MSLRZLA2','M','Culiacan','Sinaloa',9),(735,'BMD1008AISD00075','Diana','Arias','Salazar','1992-11-18','AISD921118MSLRLNA5','M','Mazatlan','Sinaloa',9),(736,'BMD1008MEML00076','Laura','Mendoza','Martinez','1991-06-03','MEML910603MNTNRRA9','M','Tepic','Nayarit',9),(737,'BMD1008SAAG00077','Gabino Clemente','Sandoval','Arce','1992-11-10','SAAG921110HNTNRBA4','H','Tepic','Nayarit',9),(738,'BMD1008VABA00078','Amado','Vargas','Bustamante','1991-04-05','VABA910405HSRRSMA9','H','Ciudad Obregon','Sonora',9),(739,'BMD1008CAFR00079','Renata','Castro','Flores','1992-06-02','CAFR920602MSRSLNA1','M','Ciudad Obregon','Sonora',9),(740,'BMD1008SAFR00080','Renata Camila','Salazar','Flores','1992-03-03','SAFR920303MNTLLNA6','M','Tepic','Nayarit',9),(741,'BMD1008RICG00081','Genaro','Ríos','Carrizo','1991-03-12','RICG910312HNTSRNA6','H','Tepic','Nayarit',9),(742,'BMD1008JUVM00082','Mariana Alba','Juárez','Vergara','1992-07-03','JUVM920703MSLRRRA5','M','Los Mochis','Sinaloa',9),(743,'BMD1008CACC00083','Cruz Augusto','Cabrera','Carrizo','1991-03-05','CACC910305HSRBRRA3','H','Hermosillo','Sonora',9),(744,'BMD1008CASB00084','Benito','Chávez','Salinas','1992-06-13','CASB920613HNTHLNA4','H','Tepic','Nayarit',9),(745,'BMD1008AUMA00085','Aurelio Fidel','Aguilera','Méndez','1992-07-13','AUMA920713HSRGNRA3','H','Ciudad Obregon','Sonora',9),(746,'AEF1008GOJA00001','Adriana','González','Jiménez','1992-08-04','GOJA920804MSLNMDA7','M','Mazatlan','Sinaloa',10),(747,'AEF1008MOSJ00002','Julia','Moreno','Sánchez','1992-01-12','MOSJ920112MSLRNLA1','M','Los Mochis','Sinaloa',10),(748,'AEF1008ZUVC00003','César Salvador','Zúñiga','Vargas','1991-05-07','ZUVC910507HNTXRSA5','H','Tepic','Nayarit',10),(749,'AEF1008LEAL00004','Laura Yuridia','Leiva','Aguilera','1992-06-25','LEAL920625MSRVGRA1','M','Hermosillo','Sonora',10),(750,'AEF1008CAAV00005','Victoria Olivia','Chávez','Álvarez','1991-04-05','CAAV910405MJCHLCA8','M','Zapopan','Jalisco',10),(751,'AEF1008GACF00006','Facundo','García','Chávez','1991-02-10','GACF910210HSLRHCA1','H','Mazatlan','Sinaloa',10),(752,'AEF1008JIAC00007','Claudia Yuridia','Jiménez','Agüero','1992-08-17','JIAC920817MSRMGLA3','M','Hermosillo','Sonora',10),(753,'AEF1008SIVA00008','Antonina','Silva','Vergara','1991-06-25','SIVA910625MSLLRNA9','M','Los Mochis','Sinaloa',10),(754,'AEF1008AEGI00009','Ignacio Constantino','Arce','Gutiérrez','1992-10-23','AEGI921023HSLRTGA9','H','Mazatlan','Sinaloa',10),(755,'AEF1008GADC00010','Consuelo','Gallardo','Duarte','1991-11-05','GADC911105MSLLRNA2','M','Culiacan','Sinaloa',10),(756,'AEF1008PESF00011','Florencia','Peralta','Salazar','1991-10-05','PESF911005MJCRLLA9','M','Zapopan','Jalisco',10),(757,'AEF1008GOCG00012','Gloria Gloria','González','Cardozo','1991-03-08','GOCG910308MSRNRLA9','M','Hermosillo','Sonora',10),(758,'AEF1008AIYN00013','Norma Paloma','Ávila','Yáñez','1991-10-03','AIYN911003MSRVXRA9','M','Ciudad Obregon','Sonora',10),(759,'AEF1008DUPC00014','Consuelo','Duarte','Palma','1992-12-09','DUPC921209MNTRLNA8','M','Tepic','Nayarit',10),(760,'AEF1008PEDA00015','Adriana','Peralta','Díaz','1992-04-06','PEDA920406MSRRZDA1','M','Ciudad Obregon','Sonora',10),(761,'AEF1008PACA00016','Adrián','Parra','Cárdenas','1991-07-06','PACA910706HJCRRDA4','H','Guadalajara','Jalisco',10),(762,'AEF1008OIVA00017','Araceli','Olivera','Vargas','1991-05-13','OIVA910513MNTLRRA8','M','Tepic','Nayarit',10),(763,'AEF1008RUAA00018','Asunción','Ruiz','Arce','1991-01-13','RUAA910113MSLZRSA6','M','Mazatlan','Sinaloa',10),(764,'AEF1008AISL00019','Luciano','Ávila','Silva','1992-06-18','AISL920618HSLVLCA7','H','Mazatlan','Sinaloa',10),(765,'AEF1008PEVA00020','Alba','Peña','Venegas','1991-08-14','PEVA910814MNTXNLA7','M','Tepic','Nayarit',10),(766,'AEF1008GOVL00021','Luciano Octavio','Gómez','Vidal','1992-01-17','GOVL920117HSRMDCA8','H','Ciudad Obregon','Sonora',10),(767,'AEF1008MOCA00022','Alba Victoria','Montenegro','Castillo','1991-07-15','MOCA910715MJCNSLA6','M','Guadalajara','Jalisco',10),(768,'AEF1008NAMA00023','Amador','Navarro','Muñoz','1991-03-07','NAMA910307HJCVXMA4','H','Guadalajara','Jalisco',10),(769,'AEF1008BUMS00024','Sergio Pedro','Bustos','Molina','1991-03-05','BUMS910305HSLSLRA3','H','Los Mochis','Sinaloa',10),(770,'AEF1008FUGA00025','Agustín','Fuentes','González','1991-05-14','FUGA910514HSRNNGA6','H','Hermosillo','Sonora',10),(771,'AEF1008SUAF00026','Facundo','Suárez','Aguirre','1992-08-09','SUAF920809HSRRGCA4','H','Ciudad Obregon','Sonora',10),(772,'AEF1008ROLH00027','Hortensia Claudia','Romero','Leiva','1991-11-15','ROLH911115MSLMVRA7','M','Los Mochis','Sinaloa',10),(773,'AEF1008MUMV00028','Verónica Inés','Muñoz','Morales','1992-06-11','MUMV920611MSRXRRA4','M','Ciudad Obregon','Sonora',10),(774,'AEF1008MOGC00029','Cecilia','Molina','Guzmán','1991-12-20','MOGC911220MNTLZCA8','M','Tepic','Nayarit',10),(775,'AEF1008CAFF00030','Félix','Cabrera','Franco','1992-07-21','CAFF920721HSRBRLA6','H','Hermosillo','Sonora',10),(776,'AEF1008REBX00031','Ximena Alba','Reyes','Bustos','1992-05-05','REBX920505MJCYSMA7','M','Guadalajara','Jalisco',10),(777,'AEF1008ROMC00032','Claudia','Romero','Muñoz','1992-04-03','ROMC920403MSRMXLA1','M','Ciudad Obregon','Sonora',10),(778,'AEF1008FAQC00033','Constantino Adrián','Franco','Quiroga','1991-08-05','FAQC910805HNTRRNA4','H','Tepic','Nayarit',10),(779,'AEF1008MURB00034','Bonifacia','Muñoz','Rodríguez','1991-05-11','MURB910511MSRXDNA8','M','Hermosillo','Sonora',10),(780,'AEF1008AOGM00035','Mariano','Acosta','González','1992-09-20','AOGM920920HSLCNRA8','H','Culiacan','Sinaloa',10),(781,'AEF1008OETL00036','Lorenzo Luciano','Ojeda','Toledo','1991-06-13','OETL910613HNTJLRA9','H','Tepic','Nayarit',10),(782,'AEF1008LEPB00037','Beatriz Paloma','Leiva','Paz','1991-02-22','LEPB910222MSLVZTA5','M','Los Mochis','Sinaloa',10),(783,'AEF1008VASF00038','Fabiana','Vargas','Salinas','1992-09-16','VASF920916MSLRLBA4','M','Mazatlan','Sinaloa',10),(784,'AEF1008AASC00039','Camilo Pablo','Alarcón','Salinas','1991-11-09','AASC911109HSLLLMA8','H','Mazatlan','Sinaloa',10),(785,'AEF1008QULA00040','Aurelio Avelino','Quiroga','Lagos','1991-09-18','QULA910918HSRRGRA7','H','Ciudad Obregon','Sonora',10),(786,'AEF1008CAVG00041','Genaro Camilo','Cabrera','Valenzuela','1992-10-23','CAVG921023HSLBLNA5','H','Los Mochis','Sinaloa',10),(787,'AEF1008GOBR00042','Rosalba','González','Bravo','1991-09-01','GOBR910901MJCNRSA6','M','Guadalajara','Jalisco',10),(788,'AEF1008HEGR00043','René','Herrera','González','1991-03-06','HEGR910306HSRRNNA9','H','Hermosillo','Sonora',10),(789,'AEF1008MOTC00044','Caridad','Morales','Toledo','1991-06-07','MOTC910607MJCRLRA6','M','Guadalajara','Jalisco',10),(790,'AEF1008ROCA00045','Augusto','Rojas','Córdoba','1992-10-03','ROCA921003HNTJRGA5','H','Tepic','Nayarit',10),(791,'AEF1008BAMC00046','Caridad Hortensia','Barrios','Molina','1991-08-16','BAMC910816MJCRLRA4','M','Zapopan','Jalisco',10),(792,'AEF1008AUVA00047','Alba Yuridia','Aguirre','Vargas','1991-05-22','AUVA910522MSLGRLA2','M','Los Mochis','Sinaloa',10),(793,'AEF1008MAOG00048','Gloria Gloria','Mansilla','Ortiz','1992-11-11','MAOG921111MNTNRLA6','M','Tepic','Nayarit',10),(794,'AEF1008DIMF00049','Florencio','Díaz','Molina','1992-01-12','DIMF920112HSRZLLA4','H','Hermosillo','Sonora',10),(795,'AEF1008HEGC00050','Caridad Beatriz','Hernández','Gallardo','1991-08-09','HEGC910809MSRRLRA6','M','Ciudad Obregon','Sonora',10),(796,'AEF1008BANV00051','Verónica Camila','Blanco','Navarrete','1991-07-09','BANV910709MSLLVRA2','M','Los Mochis','Sinaloa',10),(797,'AEF1008HEMF00052','Flor Olivia','Hernández','Morales','1991-08-23','HEMF910823MSRRRLA9','M','Ciudad Obregon','Sonora',10),(798,'AEF1008BUCS00053','Salvador Horacio','Bustamante','Castillo','1991-09-11','BUCS910911HNTSSLA9','H','Tepic','Nayarit',10),(799,'AEF1008GUBC00054','Constancia Antonina','Guzmán','Benítez','1991-08-12','GUBC910812MSLZNNA4','M','Culiacan','Sinaloa',10),(800,'AEF1008PEJJ00055','Julio','Pereyra','Juárez','1991-11-10','PEJJ911110HSRRRLA9','H','Hermosillo','Sonora',10),(801,'AEF1008VAFM00056','Mauricio Cipriano','Valdez','Fuentes','1992-07-03','VAFM920703HSRLNRA2','H','Hermosillo','Sonora',10),(802,'AEF1008AIEB00057','Beatriz','Ávila','Espinoza','1991-04-13','AIEB910413MJCVSTA6','M','Zapopan','Jalisco',10),(803,'AEF1008CALV00058','Víctor Mariano','Castro','Leiva','1991-10-12','CALV911012HJCSVCA3','H','Guadalajara','Jalisco',10),(804,'AEF1008MARB00059','Benito Octavio','Maldonado','Ramos','1991-12-05','MARB911205HNTLMNA2','H','Tepic','Nayarit',10),(805,'AEF1008PASE00060','Estela','Paredes','Sepúlveda','1992-05-12','PASE920512MSLRPSA6','M','Culiacan','Sinaloa',10),(806,'AEF1008BEGA00061','Adrián Celestino','Benítez','García','1991-06-23','BEGA910623HNTNRDA1','H','Tepic','Nayarit',10),(807,'AEF1008VAMV00062','Verónica Norma','Vásquez','Molina','1992-10-03','VAMV921003MJCSLRA1','M','Zapopan','Jalisco',10),(808,'AEF1008BARJ00063','Julián','Barrios','Rodríguez','1992-10-07','BARJ921007HSLRDLA5','H','Los Mochis','Sinaloa',10),(809,'AEF1008GUBV00064','Virginia Laura','Guerrero','Bravo','1991-02-18','GUBV910218MSLRRRA2','M','Los Mochis','Sinaloa',10),(810,'AEF1008AADA00065','Agustína','Alarcón','Domínguez','1992-11-01','AADA921101MNTLMGA5','M','Tepic','Nayarit',10),(811,'AEF1008JAAJ00066','Julián Paul','Jara','Arias','1992-08-24','JAAJ920824HSRRRLA3','H','Hermosillo','Sonora',10),(812,'AEF1008VAAM00067','Marina','Valdés','Acuña','1992-04-15','VAAM920415MNTLCRA5','M','Tepic','Nayarit',10),(813,'AEF1008POLF00068','Fausto Vicente','Ponce','López','1991-07-16','POLF910716HJCNPSA8','H','Zapopan','Jalisco',10),(814,'AEF1008OIRV00069','Virginia Norma','Olivera','Rivera','1992-10-13','OIRV921013MSRLVRA9','M','Ciudad Obregon','Sonora',10),(815,'AEF1008AUFC00070','Consuelo Agustína','Aguilera','Farías','1992-12-12','AUFC921212MSRGRNA5','M','Ciudad Obregon','Sonora',10),(816,'AEF1008RIMC00071','Cristian','Ríos','Montenegro','1991-03-15','RIMC910315HSLSNRA6','H','Culiacan','Sinaloa',10),(817,'AEF1008AOPF00072','Florencio','Acosta','Peña','1992-08-09','AOPF920809HNTCXLA9','H','Tepic','Nayarit',10),(818,'AEF1008AEJR00073','Rocío Ximena','Agüero','Jiménez','1992-07-05','AEJR920705MJCGMCA7','M','Guadalajara','Jalisco',10),(819,'AEF1008CAMA00074','Amador Octavio','Carrasco','Martinez','1991-08-24','CAMA910824HJCRRMA6','H','Zapopan','Jalisco',10),(820,'AEF1008PAOH00075','Hortensia','Páez','Ortiz','1991-04-07','PAOH910407MSLZRRA5','M','Culiacan','Sinaloa',10),(821,'AEF1008MATM00076','Mauricio','Maldonado','Torres','1991-12-19','MATM911219HSLLRRA7','H','Los Mochis','Sinaloa',10),(822,'AEF1008COAC00077','Cornelio','Contreras','Arce','1992-04-02','COAC920402HNTNRRA6','H','Tepic','Nayarit',10),(823,'AEF1008VEPA00078','Antonino','Vergara','Parra','1992-06-02','VEPA920602HSRRRNA5','H','Hermosillo','Sonora',10),(824,'AEF1008CAOE00079','Estela','Cardozo','Ortiz','1991-08-09','CAOE910809MSLRRSA3','M','Mazatlan','Sinaloa',10),(825,'AEF1008GOCC00080','Cornelia','Gómez','Campos','1991-03-04','GOCC910304MSLMMRA1','M','Mazatlan','Sinaloa',10),(826,'AEF1008VAGN00081','Natalia','Vargas','Guzmán','1992-02-01','VAGN920201MSLRZTA3','M','Culiacan','Sinaloa',10),(827,'AEF1008SOCB00082','Beatriz','Soto','Castillo','1992-10-17','SOCB921017MSLTSTA8','M','Los Mochis','Sinaloa',10),(828,'AEF1008LUVC00083','Camila','Luna','Vázquez','1992-12-15','LUVC921215MSLNZMA7','M','Culiacan','Sinaloa',10),(829,'AEF1008CACF00084','Faustino','Carvajal','Campos','1991-05-22','CACF910522HJCRMSA7','H','Guadalajara','Jalisco',10);

/*Table structure for table `alumnos_grupos` */

DROP TABLE IF EXISTS `alumnos_grupos`;

CREATE TABLE `alumnos_grupos` (
  `alumno_id` int(10) unsigned NOT NULL,
  `grupo_id` int(10) unsigned NOT NULL,
  PRIMARY KEY (`alumno_id`,`grupo_id`),
  KEY `fk_alumnos_grupos_grupo_id` (`grupo_id`),
  CONSTRAINT `fk_alumnos_grupos_alumno_id` FOREIGN KEY (`alumno_id`) REFERENCES `alumnos` (`id`),
  CONSTRAINT `fk_alumnos_grupos_grupo_id` FOREIGN KEY (`grupo_id`) REFERENCES `grupos` (`id`)
) ENGINE=InnoDB DEFAULT CHARSET=utf8 COLLATE=utf8_unicode_ci;

/*Data for the table `alumnos_grupos` */

insert  into `alumnos_grupos`(`alumno_id`,`grupo_id`) values (1,1),(2,1),(3,1),(4,1),(5,1),(6,1),(7,1),(8,1),(9,1),(10,1),(11,1),(12,1),(13,1),(14,1),(15,1),(16,1),(17,1),(18,1),(19,1),(20,1),(21,1),(22,1),(23,1),(24,1),(25,1),(26,1),(27,1),(28,1),(29,1),(30,2),(31,2),(32,2),(33,2),(34,2),(35,2),(36,2),(37,2),(38,2),(39,2),(40,2),(41,2),(42,2),(43,2),(44,2),(45,2),(46,2),(47,2),(48,2),(49,2),(50,2),(51,2),(52,2),(53,2),(54,2),(55,3),(56,3),(57,3),(58,3),(59,3),(60,3),(61,3),(62,3),(63,3),(64,3),(65,3),(66,3),(67,3),(68,3),(69,3),(70,3),(71,3),(72,3),(73,3),(74,3),(75,3),(76,3),(77,3),(78,3),(79,3),(80,3),(81,3),(82,4),(83,4),(84,4),(85,4),(86,4),(87,4),(88,4),(89,4),(90,4),(91,4),(92,4),(93,4),(94,4),(95,4),(96,4),(97,4),(98,4),(99,4),(100,4),(101,4),(102,4),(103,4),(104,4),(105,4),(106,4),(107,4),(108,5),(109,5),(110,5),(111,5),(112,5),(113,5),(114,5),(115,5),(116,5),(117,5),(118,5),(119,5),(120,5),(121,5),(122,5),(123,5),(124,5),(125,5),(126,5),(127,5),(128,5),(129,5),(130,5),(131,5),(132,5),(133,5),(134,5),(135,5),(136,5),(137,5),(138,6),(139,6),(140,6),(141,6),(142,6),(143,6),(144,6),(145,6),(146,6),(147,6),(148,6),(149,6),(150,6),(151,6),(152,6),(153,6),(154,6),(155,6),(156,6),(157,6),(158,6),(159,6),(160,6),(161,6),(162,6),(163,7),(164,7),(165,7),(166,7),(167,7),(168,7),(169,7),(170,7),(171,7),(172,7),(173,7),(174,7),(175,7),(176,7),(177,7),(178,7),(179,7),(180,7),(181,7),(182,7),(183,7),(184,7),(185,7),(186,7),(187,7),(188,7),(189,8),(190,8),(191,8),(192,8),(193,8),(194,8),(195,8),(196,8),(197,8),(198,8),(199,8),(200,8),(201,8),(202,8),(203,8),(204,8),(205,8),(206,8),(207,8),(208,8),(209,8),(210,8),(211,8),(212,8),(213,8),(214,8),(215,8),(216,8),(217,8),(218,9),(219,9),(220,9),(221,9),(222,9),(223,9),(224,9),(225,9),(226,9),(227,9),(228,9),(229,9),(230,9),(231,9),(232,9),(233,9),(234,9),(235,9),(236,9),(237,9),(238,9),(239,9),(240,9),(241,9),(242,9),(243,9),(244,10),(245,10),(246,10),(247,10),(248,10),(249,10),(250,10),(251,10),(252,10),(253,10),(254,10),(255,10),(256,10),(257,10),(258,10),(259,10),(260,10),(261,10),(262,10),(263,10),(264,10),(265,10),(266,10),(267,10),(268,10),(269,10),(270,10),(271,11),(272,11),(273,11),(274,11),(275,11),(276,11),(277,11),(278,11),(279,11),(280,11),(281,11),(282,11),(283,11),(284,11),(285,11),(286,11),(287,11),(288,11),(289,11),(290,11),(291,11),(292,11),(293,11),(294,11),(295,11),(296,11),(297,11),(298,11),(299,11),(300,11),(301,12),(302,12),(303,12),(304,12),(305,12),(306,12),(307,12),(308,12),(309,12),(310,12),(311,12),(312,12),(313,12),(314,12),(315,12),(316,12),(317,12),(318,12),(319,12),(320,12),(321,12),(322,12),(323,12),(324,12),(325,12),(326,12),(327,12),(328,12),(329,12),(330,12),(331,13),(332,13),(333,13),(334,13),(335,13),(336,13),(337,13),(338,13),(339,13),(340,13),(341,13),(342,13),(343,13),(344,13),(345,13),(346,13),(347,13),(348,13),(349,13),(350,13),(351,13),(352,13),(353,13),(354,13),(355,13),(356,13),(357,14),(358,14),(359,14),(360,14),(361,14),(362,14),(363,14),(364,14),(365,14),(366,14),(367,14),(368,14),(369,14),(370,14),(371,14),(372,14),(373,14),(374,14),(375,14),(376,14),(377,14),(378,14),(379,14),(380,14),(381,14),(382,14),(383,14),(384,15),(385,15),(386,15),(387,15),(388,15),(389,15),(390,15),(391,15),(392,15),(393,15),(394,15),(395,15),(396,15),(397,15),(398,15),(399,15),(400,15),(401,15),(402,15),(403,15),(404,15),(405,15),(406,15),(407,15),(408,15),(409,15),(410,15),(411,16),(412,16),(413,16),(414,16),(415,16),(416,16),(417,16),(418,16),(419,16),(420,16),(421,16),(422,16),(423,16),(424,16),(425,16),(426,16),(427,16),(428,16),(429,16),(430,16),(431,16),(432,16),(433,16),(434,16),(435,16),(436,16),(437,16),(438,16),(439,16),(440,16),(441,17),(442,17),(443,17),(444,17),(445,17),(446,17),(447,17),(448,17),(449,17),(450,17),(451,17),(452,17),(453,17),(454,17),(455,17),(456,17),(457,17),(458,17),(459,17),(460,17),(461,17),(462,17),(463,17),(464,17),(465,17),(466,17),(467,17),(468,18),(469,18),(470,18),(471,18),(472,18),(473,18),(474,18),(475,18),(476,18),(477,18),(478,18),(479,18),(480,18),(481,18),(482,18),(483,18),(484,18),(485,18),(486,18),(487,18),(488,18),(489,18),(490,18),(491,18),(492,18),(493,18),(494,19),(495,19),(496,19),(497,19),(498,19),(499,19),(500,19),(501,19),(502,19),(503,19),(504,19),(505,19),(506,19),(507,19),(508,19),(509,19),(510,19),(511,19),(512,19),(513,19),(514,19),(515,19),(516,19),(517,19),(518,19),(519,19),(520,19),(521,19),(522,19),(523,19),(524,20),(525,20),(526,20),(527,20),(528,20),(529,20),(530,20),(531,20),(532,20),(533,20),(534,20),(535,20),(536,20),(537,20),(538,20),(539,20),(540,20),(541,20),(542,20),(543,20),(544,20),(545,20),(546,20),(547,20),(548,20),(549,20),(550,21),(551,21),(552,21),(553,21),(554,21),(555,21),(556,21),(557,21),(558,21),(559,21),(560,21),(561,21),(562,21),(563,21),(564,21),(565,21),(566,21),(567,21),(568,21),(569,21),(570,21),(571,21),(572,21),(573,21),(574,21),(575,21),(576,22),(577,22),(578,22),(579,22),(580,22),(581,22),(582,22),(583,22),(584,22),(585,22),(586,22),(587,22),(588,22),(589,22),(590,22),(591,22),(592,22),(593,22),(594,22),(595,22),(596,22),(597,22),(598,22),(599,22),(600,22),(601,23),(602,23),(603,23),(604,23),(605,23),(606,23),(607,23),(608,23),(609,23),(610,23),(611,23),(612,23),(613,23),(614,23),(615,23),(616,23),(617,23),(618,23),(619,23),(620,23),(621,23),(622,23),(623,23),(624,23),(625,23),(626,23),(627,23),(628,23),(629,23),(630,23),(631,24),(632,24),(633,24),(634,24),(635,24),(636,24),(637,24),(638,24),(639,24),(640,24),(641,24),(642,24),(643,24),(644,24),(645,24),(646,24),(647,24),(648,24),(649,24),(650,24),(651,24),(652,24),(653,24),(654,24),(655,24),(656,24),(657,24),(658,24),(659,24),(660,24),(661,25),(662,25),(663,25),(664,25),(665,25),(666,25),(667,25),(668,25),(669,25),(670,25),(671,25),(672,25),(673,25),(674,25),(675,25),(676,25),(677,25),(678,25),(679,25),(680,25),(681,25),(682,25),(683,25),(684,25),(685,25),(686,25),(687,25),(688,25),(689,25),(690,25),(691,26),(692,26),(693,26),(694,26),(695,26),(696,26),(697,26),(698,26),(699,26),(700,26),(701,26),(702,26),(703,26),(704,26),(705,26),(706,26),(707,26),(708,26),(709,26),(710,26),(711,26),(712,26),(713,26),(714,26),(715,26),(716,26),(717,26),(718,26),(719,26),(720,27),(721,27),(722,27),(723,27),(724,27),(725,27),(726,27),(727,27),(728,27),(729,27),(730,27),(731,27),(732,27),(733,27),(734,27),(735,27),(736,27),(737,27),(738,27),(739,27),(740,27),(741,27),(742,27),(743,27),(744,27),(745,27),(746,28),(747,28),(748,28),(749,28),(750,28),(751,28),(752,28),(753,28),(754,28),(755,28),(756,28),(757,28),(758,28),(759,28),(760,28),(761,28),(762,28),(763,28),(764,28),(765,28),(766,28),(767,28),(768,28),(769,28),(770,28),(771,29),(772,29),(773,29),(774,29),(775,29),(776,29),(777,29),(778,29),(779,29),(780,29),(781,29),(782,29),(783,29),(784,29),(785,29),(786,29),(787,29),(788,29),(789,29),(790,29),(791,29),(792,29),(793,29),(794,29),(795,29),(796,29),(797,29),(798,29),(799,29),(800,30),(801,30),(802,30),(803,30),(804,30),(805,30),(806,30),(807,30),(808,30),(809,30),(810,30),(811,30),(812,30),(813,30),(814,30),(815,30),(816,30),(817,30),(818,30),(819,30),(820,30),(821,30),(822,30),(823,30),(824,30),(825,30),(826,30),(827,30),(828,30),(829,30);

/*Table structure for table `asignaturas` */

DROP TABLE IF EXISTS `asignaturas`;

CREATE TABLE `asignaturas` (
  `id` int(10) unsigned NOT NULL AUTO_INCREMENT,
  `nombre` varchar(100) COLLATE utf8_unicode_ci NOT NULL,
  PRIMARY KEY (`id`)
) ENGINE=InnoDB AUTO_INCREMENT=405 DEFAULT CHARSET=utf8 COLLATE=utf8_unicode_ci;

/*Data for the table `asignaturas` */

insert  into `asignaturas`(`id`,`nombre`) values (1,'INGLÉS I'),(2,'VALORES DEL SER'),(3,'FUNDAMENTOS DE FÍSICA'),(4,'BIOLOGÍA CELULAR Y MOLECULAR'),(5,'SISTEMA MUSCULOESQUELÉTICO'),(6,'ATENCIÓN PREHOSPITALARIA'),(7,'INTRODUCCIÓN A LA TERAPIA FÍSICA'),(8,'INGLÉS II'),(9,'INTELIGENCIA EMOCIONAL'),(10,'METODOLOGÍA DE LA INVESTIGACIÓN'),(11,'FUNDAMENTOS DE BIOQUÍMICA'),(12,'ANATOMÍA CARDIOPULMONAR'),(13,'MÉTODOS EN TERAPIA FÍSICA'),(14,'AGENTES FÍSICOS TERAPÉUTICOS'),(15,'INGLÉS III'),(16,'DESARROLLO INTERPERSONAL'),(17,'PROBABILIDAD Y ESTADÍSTICA'),(18,'FISIOLOGÍA HUMANA'),(19,'SISTEMAS CORPORALES'),(20,'TÉCNICAS EN TERAPIA FÍSICA'),(21,'KINESIOLOGÍA'),(22,'INGLÉS IV'),(23,'HABILIDADES DEL PENSAMIENTO'),(24,'CLÍNICA PROPEDÉUTICA EN TERAPIA FÍSICA'),(25,'NEUROFISIOLOGÍA'),(26,'NEUROANATOMÍA'),(27,'EJERCICIOS FUNCIONALES TERAPÉUTICOS'),(28,'CULTURA FÍSICA TERAPÉUTICA'),(29,'INGLÉS V'),(30,'HABILIDADES ORGANIZACIONALES'),(31,'LESIONADO MEDULAR'),(32,'NEUROPATOLOGÍA HUMANA'),(33,'RADIOLOGÍA E IMAGEN'),(34,'LEGISLACIÓN Y NORMATIVA EN EL SECTOR SALUD'),(35,'BIOMECÁNICA DEL APARATO LOCOMOTOR'),(36,'INGLÉS VI'),(37,'ÉTICA PROFESIONAL'),(38,'HIDROTERAPIA'),(39,'REHABILITACIÓN NEUROLÓGICA'),(40,'NEUROFACILITACIÓN'),(41,'APRENDIZAJE Y DESARROLLO MOTOR'),(42,'TERAPIA OCUPACIONAL Y DE LENGUAJE'),(43,'INGLÉS VII'),(44,'TERAPIA FÍSICA EN EL DÉBIL VISUAL'),(45,'FISIOLOGÍA DEL EJERCICIO'),(46,'ELECTROTERAPIA'),(47,'PSICOLOGÍA EN TERAPIA FÍSICA'),(48,'TECNOLOGÍAS ASISTENCIALES'),(49,'ADMINISTRACIÓN HOSPITALARIA'),(50,'INGLÉS VIII'),(51,'TERAPIA FÍSICA EN OBSTETRICIA'),(52,'TERAPIA FÍSICA EN EL ADULTO MAYOR'),(53,'TERAPIA FÍSICA CARDIORESPIRATORIA'),(54,'TERAPIA FÍSICA EN TRAUMATOLOGÍA Y ORTOPEDIA'),(55,'TERAPIA FÍSICA EN EL AMPUTADO'),(56,'ORTESIS Y PRÓTESIS'),(57,'INGLÉS IX'),(58,'TERAPIA FÍSICA EN QUEMADOS'),(59,'ESTANCIA I'),(60,'ESTANCIA II'),(61,'ESTADÍA'),(62,'INTRODUCCIÓN A LAS MATEMÁTICAS'),(63,'INTRODUCCIÓN A LA ADMINISTRACIÓN'),(64,'FUNDAMENTOS DE CONTABILIDAD'),(65,'HERRAMIENTAS DE OFIMÁTICA'),(66,'EXPRESIÓN ORAL Y ESCRITA'),(67,'MATEMÁTICAS APLICADAS A LA ADMINISTRACIÓN'),(68,'PROCESO ADMINISTRATIVO'),(69,'CONTABILIDAD FINANCIERA'),(70,'ASPECTOS LEGALES DE LA ORGANIZACIÓN'),(71,'ADMINISTRACIÓN DE SISTEMAS DE INFORMACIÓN'),(72,'PLANEACIÓN ESTRATÉGICA'),(73,'CONTABILIDAD DE COSTOS'),(74,'MICROECONOMÍA'),(75,'MACROECONOMÍA'),(76,'ADMINISTRACIÓN DEL CAPITAL HUMANO'),(77,'CONTABILIDAD ADMINISTRATIVA'),(78,'FUNDAMENTOS DE MERCADOTECNIA'),(79,'MATEMÁTICAS FINANCIERAS'),(80,'COMPORTAMIENTO Y DESARROLLO ORGANIZACIONAL'),(81,'NEGOCIACIÓN EMPRESARIAL'),(82,'INVESTIGACIÓN DE MERCADOS'),(83,'DERECHO LABORAL'),(84,'MÉTODOS CUANTITATIVOS Y PRONÓSTICOS'),(85,'ADMINISTRACIÓN DE SUELDOS Y SALARIOS'),(86,'ANÁLISIS FINANCIERO'),(87,'MERCADOTECNIA ESTRATÉGICA'),(88,'TECNOLOGÍAS DE INFORMACIÓN APLICADA A LOS NEGOCIOS'),(89,'ADMINISTRACIÓN DE LA PRODUCCIÓN'),(90,'COMERCIO INTERNACIONAL'),(91,'AUDITORÍA ADMINISTRATIVA'),(92,'ADMINISTRACIÓN FINANCIERA'),(93,'COMERCIO ELECTRÓNICO'),(94,'CALIDAD'),(95,'CONTRIBUCIONES FISCALES'),(96,'SEMINARIO DE HABILIDADES GERENCIALES'),(97,'FORMULACIÓN Y EVALUACIÓN DE PROYECTOS DE INVERSIÓN'),(98,'DESARROLLO EMPRENDEDOR'),(99,'LOGÍSTICA ADMINISTRATIVA'),(100,'DESARROLLO SUSTENTABLE'),(101,'CONSULTORÍA'),(102,'HERRAMIENTAS METODOLÓGICAS PARA LA CALIDAD'),(103,'DESARROLLO DE LA GESTIÓN ADMINISTRATIVA EN LAS ORGANIZACIONES'),(104,'ADMINISTRACIÓN DE EMPRESAS AGROINDUSTRIALES'),(105,'GESTIÓN DE LA INNOVACIÓN'),(106,'ÁLGEBRA LINEAL'),(107,'QUÍMICA INORGÁNICA'),(108,'OFIMÁTICA'),(109,'FÍSICA'),(110,'CÁLCULO DIFERENCIAL E INTEGRAL'),(111,'QUÍMICA ANALÍTICA'),(112,'QUÍMICA ORGÁNICA'),(113,'TERMODINÁMICA'),(114,'CALIDAD DEL PRODUCTO BIOTECNOLÓGICO'),(115,'ANÁLISIS QUÍMICO CUANTITATIVO'),(116,'ANÁLISIS INSTRUMENTAL'),(117,'EQUILIBRIO QUÍMICO'),(118,'MICROBIOLOGÍA GENERAL'),(119,'ANÁLISIS DIFERENCIAL'),(120,'BIOQUÍMICA MICROBIANA'),(121,'BALANCE DE MATERIA Y ENERGÍA'),(122,'MICROBIOLOGÍA APLICADA'),(123,'MÉTODOS NUMÉRICOS'),(124,'GENÉTICA MOLECULAR'),(125,'FENÓMENOS DE TRANSPORTE DE MOMENTO Y CALOR'),(126,'DISEÑO DE EXPERIMENTOS'),(127,'OPERACIONES UNITARIAS'),(128,'PLANEACIÓN E IMPLEMENTACIÓN DE LA PRODUCCIÓN'),(129,'INGENIERÍA GENÉTICA'),(130,'FENÓMENOS DE TRANSPORTE DE MASA'),(131,'INGENIERÍA DE BIOPROCESOS'),(132,'CONTROL ESTADÍSTICO DEL PROCESO'),(133,'VERIFICACIÓN Y CONTROL DE LA PRODUCCIÓN'),(134,'INGENIERÍA DE BIORREACTORES'),(135,'BIOTECNOLOGÍA MÉDICA'),(136,'BIOTECNOLOGÍA VEGETAL'),(137,'ENZIMOLOGÍA'),(138,'PROCESOS DE BIOSEPARACIÓN'),(139,'INGENIERÍA DE PROYECTOS'),(140,'BIOTECNOLOGÍA ALIMENTARIA'),(141,'BIOTECNOLOGÍA AMBIENTAL'),(142,'BIOTECNOLOGÍA MARINA'),(143,'GESTIÓN DE CALIDAD'),(144,'CONTROL PARA BIOPROCESOS'),(145,'EVALUACIÓN ECONÓMICA DE PROYECTOS'),(146,'MATEMÁTICAS'),(147,'LÓGICA DE PROGRAMACIÓN'),(148,'INGENIERÍA DE HARDWARE'),(149,'ADMINISTRACIÓN Y CONTABILIDAD'),(150,'FUNDAMENTOS DE PROGRAMACIÓN ESTRUCTURADA'),(151,'MANTENIMIENTO DE EQUIPO DE COMPUTO'),(152,'ANÁLISIS DE SISTEMAS'),(153,'PROGRAMACIÓN ESTRUCTURADA'),(154,'MATEMÁTICAS DISCRETAS'),(155,'ESTRUCTURA DE DATOS'),(156,'DISEÑO DE SISTEMAS'),(157,'FUNDAMENTOS DE PROGRAMACIÓN ORIENTADA A OBJETOS'),(158,'FUNDAMENTOS DE REDES DE COMPUTADORAS'),(159,'INGENIERÍA DE SOFTWARE'),(160,'PROGRAMACIÓN ORIENTADA A OBJETOS'),(161,'BASE DE DATOS'),(162,'DISEÑO DE REDES DE COMPUTADORAS'),(163,'NGENIERÍA DE SOFTWARE APLICADA'),(164,'SISTEMAS OPERATIVOS'),(165,'BASE DE DATOS DISTRIBUIDAS'),(166,'CONFIGURACION DE REDES DE COMPUTADORAS'),(167,'GESTION DE PROYECTOS DE TECNOLÓGIA'),(168,'HERRAMIENTAS WEB'),(169,'INVESTIGACION DE OPERACIONES'),(170,'ADMINISTRACION DE REDES DE COMPUTADORAS'),(171,'PROGRAMACION AVANZADA'),(172,'PROGRAMACION EN INTERNET'),(173,'VISION EMPRESARIAL'),(174,'INTERACCION HUMANO COMPUTADORA'),(175,'ADMINISTRACIÓN DE LA FUNCIÓN INFORMÁTICA'),(176,'INVESTIGACION APLICADA'),(177,'SISTEMAS INTEGRALES DE INFORMACIÓN'),(178,'METROLOGÍA'),(179,'ELECTRICIDAD Y MAGNETISMO'),(180,'DIBUJO PARA INGENIERÍA'),(181,'ESTÁTICA'),(182,'ANÁLISIS DE CIRCUITOS ELÉCTRICOS'),(183,'CÁLCULO VECTORIAL'),(184,'NORMATIVIDAD Y SEGURIDAD INDUSTRIAL'),(185,'DINÁMICA'),(186,'ELECTRÓNICA ANALÓGICA'),(187,'ELECTRÓNICA DIGITAL'),(188,'INGENIERÍA DEL MANTENIMIENTO'),(189,'RESISTENCIA DE MATERIALES'),(190,'ELECTRÓNICA DE POTENCIA'),(191,'PROGRAMACIÓN DE PERIFÉRICOS'),(192,'ECUACIONES DIFERENCIALES'),(193,'ANÁLISIS DE MECANISMOS'),(194,'SENSORES Y ACONDICIONAMIENTO DE SEÑALES'),(195,'MICROCONTROLADORES'),(196,'MODELADO Y SIMULACIÓN DE SISTEMAS'),(197,'MECÁNICA DE FLUIDOS'),(198,'DISEÑO MECÁNICO'),(199,'AUTOMATIZACIÓN INDUSTRIAL'),(200,'MÁQUINAS ELÉCTRICAS'),(201,'PROCESOS DE MANUFACTURA'),(202,'SISTEMAS HIDRÁULICOS Y NEUMÁTICOS'),(203,'ADQUISICIÓN Y PROCESAMIENTO DE SEÑALES'),(204,'INGENIERÍA ASISTIDA POR COMPUTADORA'),(205,'ADMINISTRACIÓN E INGENIERÍA DE PROYECTOS'),(206,'INGENIERÍA ECONÓMICA'),(207,'TEORÍA DE CONTROL'),(208,'SISTEMAS CAM Y CNC'),(209,'DISEÑO MECATRÓNICO'),(210,'CINEMÁTICA DE ROBOTS'),(211,'CONTROL DIGITAL'),(212,'VIBRACIONES MECÁNICAS'),(213,'TRANSFERENCIA DE CALOR'),(214,'REDES INDUSTRIALES'),(215,'INTEGRACIÓN DE SISTEMAS MECATRÓNICOS'),(216,'DINÁMICA Y CONTROL DE ROBOTS'),(217,'CONTROL INTELIGENTE'),(218,'CALIDAD E INNOVACIÓN TECNOLÓGICA'),(219,'INTRODUCCIÓN A LA INGENIERÍA EN ENERGÍA'),(220,'TRANSFORMACIONES QUÍMICAS CON LABORATORIO'),(221,'MECÁNICA CON LABORATORIO'),(222,'CÁLCULO DIFERENCIAL'),(223,'PROGRAMACIÓN'),(224,'SEMINARIO DE INGENIERÍA EN ENERGÍA TÉRMICA'),(225,'TERMODINÁMICA CON LABORATORIO'),(226,'LABORATORIO DE SIMULACIÓN Y DISEÑO POR COMPUTADORA'),(227,'CÁLCULO INTEGRAL'),(228,'ÓPTICA'),(229,'SEMINARIO DE INGENIERÍA EN ENERGÍA EÓLICA'),(230,'TRANSFERENCIA DE CALOR Y MASA'),(231,'CÁLCULO DE VARIAS VARIABLES'),(232,'MECÁNICA DE FLUIDOS CON LABORATORIO'),(233,'SEMINARIO DE INGENIERÍA EN ENERGÍA DEL HIDRÓGENO'),(234,'ENERGÍA DEL HIDRÓGENO CON LABORATORIO'),(235,'FÍSICA MODERNA'),(236,'SEMINARIO DE INGENIERÍA EN ENERGÍA FOTOVOLTAICA'),(237,'ESTADO SÓLIDO'),(238,'ELECTRICIDAD Y MAGNETISMO CON LABORATORIO'),(239,'ECUACIONES DIFERENCIALES PARCIALES'),(240,'SISTEMAS FOTOVOLTAICOS CON LABORATORIO'),(241,'SEMINARIO DE INGENIERÍA EN ENERGÍA DE BIOMASA'),(242,'ELECTROQUÍMICA'),(243,'BIOMASA CON LABORATORIO'),(244,'CELDAS DE COMBUSTIBLE'),(245,'METROLOGÍA E INSTRUMENTACIÓN'),(246,'FÍSICA NUCLEAR CON LABORATORIO'),(247,'INGENIERÍA AMBIENTAL'),(248,'TECNOLOGÍA DE LOS GENERADORES ELECTROMECÁNICOS'),(249,'CONTABILIDAD EMPRESARIAL'),(250,'ALMACENAMIENTO DE LA ENERGÍA SOLAR'),(251,'AHORRO Y USO EFICIENTE DE ENERGÍA'),(252,'SEGURIDAD INDUSTRIAL'),(253,'ENERGÍA HIDRÁULICA CON LABORATORIO'),(254,'INGENIERÍA ENERGÉTICA'),(255,'DISEÑO SUSTENTABLE DE INSTALACIONES ELÉCTRICAS'),(256,'INNOVACIÓN TECNOLÓGICA'),(257,'INTRODUCCIÓN A LA ARQUITECTURA BIOCLIMÁTICA'),(258,'GESTIÓN DE PROYECTOS'),(259,'DISEÑO SUSTENTABLE CON ENERGÍAS ALTERNATIVAS'),(260,'ÉTICA DE LOS NEGOCIOS'),(261,'FUNDAMENTOS DE LA CADENA DE SUMINISTRO'),(262,'ADMINISTRACIÓN Y PRINCIPIOS DE ECONOMÍA'),(263,'TEMAS SELECTOS DE FÍSICA'),(264,'CALIDAD EN LA CADENA DE SUMINISTRO'),(265,'LOGÍSTICA DEL ABASTECIMIENTO'),(266,'QUÍMICA ENERGÉTICA Y AMBIENTAL'),(267,'CONTROL ESTADÍSTICO DE LA CALIDAD'),(268,'PRONÓSTICOS EN LA CADENA DE SUMINISTROS'),(269,'PLANEACIÓN Y CONTROL DE INVENTARIOS'),(270,'INTRODUCCIÓN A LA OPERACIÓN DEL TRANSPORTE'),(271,'TI APLICADAS A LA LOGÍSTICA'),(272,'LOGÍSTICA DE LA PRODUCCIÓN'),(273,'INVESTIGACIÓN DE OPERACIONES LOGÍSTICAS'),(274,'SISTEMAS DE TRANSPORTACIÓN FERROVIARIO Y CARRETERO'),(275,'TI APLICADAS AL TRANSPORTE'),(276,'CENTROS DE DISTRIBUCIÓN Y ALMACENES'),(277,'MÉTODOS CUANTITATIVOS PARA OPTIMIZACIÓN'),(278,'SISTEMAS DE TRANSPORTACIÓN AÉREO Y MARÍTIMO'),(279,'TÉCNICAS DE SELECCIÓN Y RENOVACIÓN VEHICULAR'),(280,'MERCADOTECNIA Y VENTA DEL SERVICIO'),(281,'ECONOMÍA DEL TRANSPORTE'),(282,'ADMINISTRACIÓN DEL MANTENIMIENTO'),(283,'TRANSPORTE Y SISTEMA DE DISTRIBUCIÓN'),(284,'ADMINISTRACIÓN DE PERSONAL'),(285,'BLOQUES ECONÓMICOS'),(286,'SISTEMAS DE COSTEO EN OPERACIONES LOGÍSTICAS'),(287,'ESTUDIOS DE INGENIERÍA DEL TRANSPORTE'),(288,'PLANEACIÓN OPERATIVA EN LA LOGÍSTICA Y EL TRANSPORTE'),(289,'LOGÍSTICA EN EL COMERCIO INTERNACIONAL'),(290,'OPERACIÓN DE FLOTAS Y TERMINALES'),(291,'LEGISLACIÓN Y DERECHO DEL TRANSPORTE'),(292,'INGENIERÍA DE TRÁNSITO'),(293,'OPERACIÓN DE ALMACENES Y REFACCIONARIAS'),(294,'DISTRIBUCIÓN FÍSICA INTERNACIONAL'),(295,'GESTIÓN Y DIRECCIÓN DE EMPRESAS'),(296,'FORMULACIÓN Y EVALUACIÓN DE PROYECTOS'),(297,'MODELOS DE TRANSPORTE Y LOGÍSTICA'),(298,'TRANSPORTE URBANO'),(299,'SEMINARIO DE ANÁLISIS DE CASOS Y DECISIONES'),(300,'ECUACIONES LINEALES'),(301,'BIOLOGÍA'),(302,'BIOESTADÍSTICA'),(303,'ECOLOGÍA DE SISTEMAS AMBIENTALES'),(304,'QUÍMICA AMBIENTAL'),(305,'MICROBIOLOGÍA AMBIENTAL'),(306,'MODELOS MATEMÁTICOS'),(307,'MUESTREO ESTADÍSTICO'),(308,'CONTAMINACIÓN AMBIENTAL'),(309,'DISEÑO EXPERIMENTAL'),(310,'BIOQUÍMICA'),(311,'GESTIÓN INTEGRAL DE RESIDUOS'),(312,'FISICOQUÍMICA'),(313,'LEGISLACIÓN AMBIENTAL Y GESTIÓN'),(314,'IMPACTO AMBIENTAL '),(315,'FENÓMENOS DE TRANSPORTE'),(316,'ORDENAMIENTO TERRITORIAL Y ECOLÓGICO'),(317,'PLANEACIÓN ESTRATÉGICA Y CONSULTORÍA'),(318,'ANÁLISIS DE RIESGO LABORAL Y AMBIENTAL'),(319,'AUDITORÍA AMBIENTAL'),(320,'OPERACIONES UNITARIAS PARA SISTEMAS AMBIENTALES'),(321,'MECÁNICA DE FLUIDOS E HIDRÁULICA'),(322,'TOXICOLOGÍA AMBIENTAL'),(323,'DE INVERSIÓN'),(324,'REMEDIACIÓN DE SUELOS'),(325,'TECNOLOGÍA PARA EL TRATAMIENTO DE AGUAS'),(326,'ENERGÍAS ALTERNATIVAS'),(327,'SISTEMAS DE CONSERVACIÓN AMBIENTALES'),(328,'DISEÑO DE TECNOLOGÍAS AMBIENTALES'),(329,'SIMULACIÓN Y EVALUACIÓN DE TECNOLOGÍAS AMBIENTALES'),(330,'TECNOLOGÍA PARA EL TRATAMIENTO DE AIRE'),(331,'OPERACIONES UNITARIAS AVANZADAS'),(332,'TECNOLOGÍA ENZIMÁTICA'),(333,'TRATAMIENTO DE RESIDUOS'),(334,'INTRODUCCION A LA INGENIERÍA BIOMÉDICA'),(335,'HERRAMIENTAS OFIMÁTICAS'),(336,'FUNDAMENTOS DE QUÍMICA'),(337,'INSTRUMENTACION BIOMÉDICA'),(338,'MEDICIONES ELÉCTRICAS'),(339,'FUNDAMENTOS DE ELECTRONICA'),(340,'BIOQUÍMICA CLÍNICA'),(341,'APLICACION DE ECUACIONES DIFERENCIALES'),(342,'SENSORES Y ACTUADORES BIOMÉDICOS'),(343,'FISIOLOGIA'),(344,'ENTORNO DE INSTRUMENTACION'),(345,'SUMINISTRO DE ENERGIA ELECTRICA'),(346,'SISTEMA DE GESTION DE SALUD'),(347,'MANTENIMIENTO DE EQUIPO MEDICO'),(348,'MICROPROCESADORES'),(349,'FÍSICA MEDICA'),(350,'DISEñO ASISTIDO POR COMPUTADORA'),(351,'APLICACIONES DE LA TELEMEDICINA'),(352,'SERIES Y TRANSFORMADAS'),(353,'PROTOCOLOS E INTERFACES D COMUNICACION'),(354,'TECNOLOGÍA CLÍNICA HOSPITALARIA'),(355,'SISTEMAS DE CONTROL'),(356,'DESARROLLO DE SISTEMAS BIOMEDICOS'),(357,'TECNOLOGÍA HOSPITALARIA AMBIENTAL'),(358,'SEGURIDAD Y NORMAS'),(359,'PROCESAMIENTO DE SEÑAS BIOMÉDICAS'),(360,'DISPOSITIVOS PROGRAMABLES'),(361,'INTEGRACION DE SISTEMAS BIOMÉDICOS'),(362,'PROCESAMIENTO DE IMÁGENES'),(363,'FUNDAMENTOS DE TELEMEDICINA'),(364,'ADMINISTRACION DE RECURSOS HOSPITALARIOS'),(365,'BIOMECÁNICA'),(366,'TALLER DE MODELADO'),(367,'DIBUJO ARTÍSTICO'),(368,'ANATOMÍA HUMANA Y ANIMAL'),(369,'HISTORIA Y ANÁLISIS DEL ARTE'),(370,'TEORÍA DEL COLOR APLICADA A LA PINTURA'),(371,'DIBUJO DIGITAL'),(372,'CÁLCULO'),(373,'ANIMACIÓN 2D'),(374,'CREACIÓN Y PSICOLOGÍA DE PERSONAJES'),(375,'INTRODUCCIÓN AL MODELADO 3D'),(376,'ANÁLISIS DE HISTORIAS'),(377,'NARRATIVA'),(378,'CARACTERIZACIÓN DE PERSONAJES EN 3D'),(379,'SEMIÓTICA'),(380,'FUNDAMENTOS DE FOTOGRAFÍA'),(381,'STORYBOARD'),(382,'LOGICA PARA PROGRAMACIÓN'),(383,'INTRODUCCIÓN A LA ANIMACIÓN 3D'),(384,'EDICIÓN Y COMPOSICIÓN FOTOGRÁFICA'),(385,'GRABACIÓN DE AUDIO'),(386,'PAINTING 3D'),(387,'DISEÑO DE ALGORITMOS'),(388,'ESQUELETOS Y CINEMÁTICA'),(389,'DISEÑO DE ESCENARIOS EN MAQUETA'),(390,'DISEÑO DE AUDIO'),(391,'FUNDAMENTOS DE EFECTOS VISUALES'),(392,'DINÁMICOS Y FLUIDOS'),(393,'TÉCNICAS DE CINE'),(394,'DINÁMICOS Y ROPA'),(395,'EMPRENDEDOR'),(396,'PRODUCCIÓN DE EFECTOS ESPECIALES'),(397,'DINÁMICOS Y MÚSCULOS'),(398,'DIRECCIÓN ARTÍSTICA'),(399,'SIMULACIÓN 3D'),(400,'CINEMATOGRAFÍA'),(401,'COMPOSICIÓN DE EFECTOS'),(402,'DINÁMICOS Y PELO'),(403,'PROPIEDAD INTELECTUAL'),(404,'MOTORES DE VIDEO JUEGOS');

/*Table structure for table `asignaturas_carreras` */

DROP TABLE IF EXISTS `asignaturas_carreras`;

CREATE TABLE `asignaturas_carreras` (
  `asignatura_id` int(10) unsigned NOT NULL,
  `carrera_id` int(10) unsigned NOT NULL,
  `cuatrimestre` int(10) unsigned NOT NULL,
  `horas_semana` int(11) NOT NULL,
  PRIMARY KEY (`carrera_id`,`asignatura_id`),
  KEY `fk_asignaturas_carreras_asignatura_id` (`asignatura_id`),
  CONSTRAINT `fk_asignaturas_carreras_asignatura_id` FOREIGN KEY (`asignatura_id`) REFERENCES `asignaturas` (`id`),
  CONSTRAINT `fk_asignaturas_carreras_carrera_id` FOREIGN KEY (`carrera_id`) REFERENCES `carreras` (`id`)
) ENGINE=InnoDB DEFAULT CHARSET=utf8 COLLATE=utf8_unicode_ci;

/*Data for the table `asignaturas_carreras` */

insert  into `asignaturas_carreras`(`asignatura_id`,`carrera_id`,`cuatrimestre`,`horas_semana`) values (1,1,1,10),(2,1,1,5),(3,1,1,5),(4,1,1,5),(5,1,1,5),(6,1,1,5),(7,1,1,5),(8,1,2,10),(9,1,2,5),(10,1,2,5),(11,1,2,5),(12,1,2,5),(13,1,2,5),(14,1,2,5),(15,1,3,8),(16,1,3,6),(17,1,3,6),(18,1,3,5),(19,1,3,5),(20,1,3,5),(21,1,3,5),(22,1,4,10),(23,1,4,5),(24,1,4,5),(25,1,4,5),(26,1,4,5),(27,1,4,5),(28,1,4,5),(29,1,5,7),(30,1,5,7),(31,1,5,5),(32,1,5,6),(33,1,5,5),(34,1,5,5),(35,1,5,5),(36,1,6,10),(37,1,6,5),(38,1,6,5),(39,1,6,5),(40,1,6,5),(41,1,6,5),(42,1,6,5),(43,1,7,9),(44,1,7,6),(45,1,7,5),(46,1,7,5),(47,1,7,5),(48,1,7,5),(49,1,7,5),(50,1,8,10),(51,1,8,5),(52,1,8,5),(53,1,8,5),(54,1,8,5),(55,1,8,5),(56,1,8,5),(57,1,9,10),(58,1,9,10),(59,1,9,10),(60,1,9,10),(61,1,10,40),(1,2,1,10),(2,2,1,5),(8,2,2,7),(9,2,2,6),(10,2,3,6),(15,2,3,6),(16,2,3,6),(17,2,3,5),(22,2,4,7),(23,2,4,7),(29,2,5,9),(30,2,5,5),(36,2,6,10),(37,2,6,5),(43,2,7,9),(50,2,8,6),(57,2,9,7),(59,2,4,5),(60,2,7,5),(61,2,10,40),(62,2,1,5),(63,2,1,5),(64,2,1,5),(65,2,1,5),(66,2,1,5),(67,2,2,6),(68,2,2,5),(69,2,2,5),(70,2,2,6),(71,2,2,5),(72,2,3,5),(73,2,3,6),(74,2,3,6),(75,2,4,6),(76,2,4,5),(77,2,4,5),(78,2,4,5),(79,2,5,6),(80,2,5,5),(81,2,5,5),(82,2,5,5),(83,2,5,5),(84,2,6,5),(85,2,6,5),(86,2,6,5),(87,2,6,5),(88,2,6,5),(89,2,7,5),(90,2,7,6),(91,2,7,5),(92,2,7,5),(93,2,7,5),(94,2,8,7),(95,2,8,5),(96,2,8,6),(97,2,8,6),(98,2,8,5),(99,2,8,5),(100,2,9,8),(101,2,9,5),(102,2,9,5),(103,2,9,5),(104,2,9,5),(105,2,9,5),(1,3,1,7),(2,3,1,7),(4,3,3,5),(8,3,2,6),(9,3,2,8),(10,3,2,5),(15,3,3,8),(16,3,3,7),(17,3,1,5),(22,3,4,6),(23,3,4,9),(29,3,5,7),(30,3,5,7),(36,3,6,10),(37,3,6,5),(43,3,7,8),(50,3,8,9),(57,3,9,7),(59,3,4,5),(60,3,7,8),(61,3,10,40),(106,3,1,5),(107,3,1,6),(108,3,1,5),(109,3,1,5),(110,3,2,5),(111,3,2,5),(112,3,2,5),(113,3,2,6),(114,3,3,5),(115,3,3,5),(116,3,3,5),(117,3,3,5),(118,3,4,5),(119,3,4,5),(120,3,4,5),(121,3,4,5),(122,3,5,5),(123,3,5,6),(124,3,5,5),(125,3,5,5),(126,3,5,5),(127,3,6,5),(128,3,6,5),(129,3,6,5),(130,3,6,5),(131,3,6,5),(132,3,7,8),(133,3,7,8),(134,3,7,8),(135,3,8,6),(136,3,8,6),(137,3,8,6),(138,3,8,6),(139,3,8,7),(140,3,9,6),(141,3,9,6),(142,3,9,5),(143,3,9,6),(144,3,9,5),(145,3,9,5),(1,4,1,8),(2,4,1,7),(3,4,1,6),(8,4,2,9),(9,4,2,7),(15,4,3,7),(16,4,3,5),(17,4,3,8),(22,4,4,9),(23,4,4,7),(29,4,5,8),(30,4,5,6),(36,4,6,9),(37,4,6,7),(43,4,7,8),(50,4,8,6),(57,4,9,8),(59,4,4,6),(60,4,7,8),(61,4,10,40),(110,4,2,6),(123,4,4,6),(146,4,1,6),(147,4,1,6),(148,4,1,7),(149,4,2,6),(150,4,2,6),(151,4,2,6),(152,4,3,5),(153,4,3,5),(154,4,3,5),(155,4,3,5),(156,4,4,6),(157,4,4,6),(158,4,5,7),(159,4,5,7),(160,4,5,6),(161,4,5,6),(162,4,6,6),(163,4,6,6),(164,4,6,6),(165,4,6,6),(166,4,7,8),(167,4,7,8),(168,4,7,8),(169,4,8,9),(170,4,8,6),(171,4,8,7),(172,4,8,6),(173,4,8,6),(174,4,9,8),(175,4,9,8),(176,4,9,8),(177,4,9,8),(1,5,1,6),(2,5,1,6),(8,5,2,6),(9,5,2,8),(15,5,3,9),(16,5,3,5),(17,5,3,5),(22,5,4,7),(23,5,4,6),(29,5,5,6),(30,5,5,6),(36,5,6,10),(37,5,6,5),(43,5,7,7),(50,5,8,10),(57,5,9,10),(59,5,4,5),(60,5,7,5),(61,5,10,40),(106,5,1,5),(110,5,1,5),(113,5,8,5),(153,5,2,5),(178,5,1,5),(179,5,1,7),(180,5,1,6),(181,5,2,5),(182,5,2,6),(183,5,2,5),(184,5,2,5),(185,5,3,5),(186,5,3,6),(187,5,3,5),(188,5,3,5),(189,5,4,5),(190,5,4,7),(191,5,4,5),(192,5,4,5),(193,5,5,7),(194,5,5,5),(195,5,5,6),(196,5,5,5),(197,5,5,5),(198,5,6,5),(199,5,6,5),(200,5,6,5),(201,5,6,5),(202,5,6,5),(203,5,7,7),(204,5,7,5),(205,5,7,5),(206,5,7,5),(207,5,7,6),(208,5,8,5),(209,5,8,5),(210,5,8,5),(211,5,8,5),(212,5,8,5),(213,5,9,5),(214,5,9,5),(215,5,9,5),(216,5,9,5),(217,5,9,5),(218,5,9,5),(1,6,1,5),(2,6,1,5),(8,6,2,5),(9,6,2,5),(15,6,3,5),(16,6,3,5),(22,6,4,5),(23,6,4,5),(29,6,5,6),(30,6,5,5),(36,6,6,5),(37,6,6,5),(43,6,7,5),(50,6,8,5),(57,6,9,5),(59,6,4,5),(60,6,7,5),(61,6,10,40),(63,6,9,7),(106,6,3,5),(192,6,4,6),(200,6,6,5),(219,6,1,5),(220,6,1,6),(221,6,1,8),(222,6,1,6),(223,6,1,5),(224,6,2,6),(225,6,2,8),(226,6,2,6),(227,6,2,5),(228,6,2,5),(229,6,3,8),(230,6,3,7),(231,6,3,5),(232,6,3,5),(233,6,4,6),(234,6,4,8),(235,6,4,5),(236,6,5,5),(237,6,5,7),(238,6,5,6),(239,6,5,6),(240,6,5,5),(241,6,6,7),(242,6,6,8),(243,6,6,5),(244,6,6,5),(245,6,7,9),(246,6,7,5),(247,6,7,6),(248,6,7,5),(249,6,7,5),(250,6,8,8),(251,6,8,6),(252,6,8,6),(253,6,8,5),(254,6,8,5),(255,6,8,5),(256,6,9,6),(257,6,9,5),(258,6,9,5),(259,6,9,6),(260,6,9,6),(1,7,1,6),(2,7,1,6),(8,7,2,8),(9,7,2,6),(10,7,7,5),(15,7,3,6),(16,7,3,7),(17,7,1,5),(22,7,4,8),(23,7,4,7),(29,7,5,10),(30,7,5,5),(36,7,6,7),(37,7,6,6),(43,7,7,6),(50,7,8,8),(57,7,9,9),(59,7,4,5),(60,7,7,5),(61,7,10,40),(72,7,6,7),(106,7,3,7),(110,7,2,6),(147,7,2,5),(206,7,8,5),(261,7,1,5),(262,7,1,6),(263,7,1,7),(264,7,1,5),(265,7,2,5),(266,7,2,5),(267,7,2,5),(268,7,3,5),(269,7,3,5),(270,7,3,5),(271,7,3,5),(272,7,4,5),(273,7,4,5),(274,7,4,5),(275,7,4,5),(276,7,5,5),(277,7,5,5),(278,7,5,5),(279,7,5,5),(280,7,5,5),(281,7,6,5),(282,7,6,5),(283,7,6,5),(284,7,6,5),(285,7,7,6),(286,7,7,6),(287,7,7,7),(288,7,7,5),(289,7,8,7),(290,7,8,5),(291,7,8,5),(292,7,8,5),(293,7,8,5),(294,7,9,5),(295,7,9,5),(296,7,9,5),(297,7,9,5),(298,7,9,6),(299,7,9,5),(1,8,1,7),(2,8,1,8),(8,8,2,5),(9,8,2,5),(15,8,3,7),(16,8,3,6),(22,8,4,10),(23,8,4,5),(29,8,5,9),(30,8,5,5),(36,8,6,10),(37,8,6,5),(43,8,7,6),(50,8,8,5),(57,8,9,7),(59,8,4,5),(60,8,7,5),(61,8,10,40),(100,8,5,5),(107,8,1,5),(108,8,1,5),(109,8,1,5),(110,8,2,6),(111,8,2,6),(112,8,2,6),(113,8,4,5),(121,8,5,6),(123,8,7,5),(131,8,8,5),(206,8,7,5),(296,8,8,5),(300,8,1,5),(301,8,1,5),(302,8,2,6),(303,8,2,6),(304,8,3,6),(305,8,3,6),(306,8,3,5),(307,8,3,5),(308,8,3,5),(309,8,4,5),(310,8,4,5),(311,8,4,5),(312,8,5,5),(313,8,5,5),(314,8,5,5),(315,8,6,5),(316,8,6,5),(317,8,6,5),(318,8,6,5),(319,8,6,5),(320,8,7,8),(321,8,7,5),(322,8,7,6),(323,8,8,5),(324,8,8,5),(325,8,8,5),(326,8,8,5),(327,8,8,5),(328,8,9,6),(329,8,9,6),(330,8,9,6),(331,8,9,5),(332,8,9,5),(333,8,9,5),(1,9,1,6),(2,9,1,9),(3,9,1,5),(8,9,2,7),(9,9,2,6),(15,9,3,7),(16,9,3,7),(17,9,4,5),(22,9,4,5),(23,9,4,10),(29,9,5,5),(30,9,5,6),(36,9,6,8),(37,9,6,6),(43,9,7,9),(50,9,8,6),(57,9,9,10),(59,9,4,5),(60,9,7,5),(61,9,10,40),(106,9,3,5),(123,9,3,6),(153,9,3,5),(160,9,4,5),(161,9,4,5),(186,9,3,5),(187,9,4,5),(190,9,5,5),(200,9,5,5),(206,9,9,5),(222,9,1,5),(227,9,2,6),(334,9,1,5),(335,9,1,5),(336,9,1,5),(337,9,2,6),(338,9,2,5),(339,9,2,5),(340,9,2,5),(341,9,3,5),(342,9,5,8),(343,9,5,6),(344,9,5,5),(345,9,6,6),(346,9,6,5),(347,9,6,5),(348,9,6,5),(349,9,6,5),(350,9,7,6),(351,9,7,5),(352,9,7,5),(353,9,7,5),(354,9,7,5),(355,9,8,5),(356,9,8,5),(357,9,8,6),(358,9,8,6),(359,9,8,6),(360,9,8,6),(361,9,9,5),(362,9,9,5),(363,9,9,5),(364,9,9,5),(365,9,9,5),(1,10,1,8),(2,10,1,6),(3,10,2,6),(8,10,2,5),(9,10,2,6),(15,10,3,7),(16,10,3,7),(17,10,3,5),(22,10,4,10),(23,10,4,5),(29,10,5,7),(30,10,5,8),(36,10,6,9),(37,10,6,6),(43,10,7,8),(50,10,8,6),(57,10,9,7),(59,10,4,5),(60,10,7,5),(61,10,10,40),(82,10,9,5),(106,10,1,5),(223,10,9,5),(258,10,7,6),(335,10,1,5),(366,10,1,6),(367,10,1,5),(368,10,1,5),(369,10,2,5),(370,10,2,6),(371,10,2,6),(372,10,2,6),(373,10,3,5),(374,10,3,6),(375,10,3,5),(376,10,3,5),(377,10,4,5),(378,10,4,5),(379,10,4,5),(380,10,4,5),(381,10,5,5),(382,10,5,5),(383,10,5,5),(384,10,5,5),(385,10,5,5),(386,10,6,5),(387,10,6,5),(388,10,6,5),(389,10,6,5),(390,10,6,5),(391,10,7,6),(392,10,7,5),(393,10,7,5),(394,10,7,5),(395,10,8,6),(396,10,8,7),(397,10,8,6),(398,10,8,5),(399,10,8,5),(400,10,8,5),(401,10,9,7),(402,10,9,5),(403,10,9,6),(404,10,9,5);

/*Table structure for table `asignaturas_profesores` */

DROP TABLE IF EXISTS `asignaturas_profesores`;

CREATE TABLE `asignaturas_profesores` (
  `asignatura_id` int(10) unsigned NOT NULL,
  `profesor_id` int(10) unsigned NOT NULL,
  PRIMARY KEY (`asignatura_id`,`profesor_id`),
  KEY `fk_asignaturas_profesores_profesor_id` (`profesor_id`),
  CONSTRAINT `fk_asignaturas_profesores_asignatura_id` FOREIGN KEY (`asignatura_id`) REFERENCES `asignaturas` (`id`),
  CONSTRAINT `fk_asignaturas_profesores_profesor_id` FOREIGN KEY (`profesor_id`) REFERENCES `profesores` (`id`)
) ENGINE=InnoDB DEFAULT CHARSET=utf8 COLLATE=utf8_unicode_ci;

/*Data for the table `asignaturas_profesores` */

insert  into `asignaturas_profesores`(`asignatura_id`,`profesor_id`) values (1,1),(2,1),(3,1),(4,1),(5,1),(1,2),(2,2),(3,2),(6,2),(7,2),(1,3),(4,3),(5,3),(6,3),(7,3),(2,4),(3,4),(4,4),(5,4),(6,4),(7,4),(1,5),(2,5),(62,5),(63,5),(64,5),(1,6),(2,6),(62,6),(65,6),(66,6),(1,7),(63,7),(64,7),(65,7),(66,7),(2,8),(62,8),(63,8),(64,8),(65,8),(66,8),(1,9),(2,9),(17,9),(106,9),(107,9),(1,10),(2,10),(17,10),(108,10),(109,10),(1,11),(106,11),(107,11),(108,11),(109,11),(2,12),(17,12),(106,12),(107,12),(108,12),(1,13),(2,13),(3,13),(109,13),(1,14),(146,14),(147,14),(148,14),(2,15),(3,15),(106,15),(146,15),(147,15),(1,16),(2,16),(3,16),(148,16),(1,17),(106,17),(146,17),(147,17),(148,17),(2,18),(110,18),(178,18),(179,18),(180,18),(1,19),(2,19),(110,19),(178,19),(179,19),(1,20),(2,20),(106,20),(110,20),(180,20),(1,21),(2,21),(178,21),(179,21),(180,21),(219,22),(220,22),(221,22),(222,22),(223,22),(1,23),(2,23),(219,23),(220,23),(221,23),(1,24),(2,24),(219,24),(222,24),(223,24),(220,25),(221,25),(222,25),(223,25),(261,25),(1,26),(2,26),(17,26),(262,26),(263,26),(1,27),(2,27),(17,27),(261,27),(264,27),(1,28),(2,28),(262,28),(263,28),(264,28),(17,29),(261,29),(262,29),(263,29),(264,29),(1,30),(2,30),(107,30),(108,30),(109,30),(1,31),(2,31),(107,31),(300,31),(301,31),(1,32),(108,32),(109,32),(300,32),(301,32),(2,33),(107,33),(108,33),(109,33),(300,33),(1,34),(2,34),(3,34),(222,34),(301,34),(1,35),(2,35),(334,35),(335,35),(336,35),(3,36),(222,36),(334,36),(335,36),(336,36),(1,37),(2,37),(222,37),(334,37),(335,37),(1,38),(2,38),(106,38),(335,38),(336,38),(1,39),(2,39),(366,39),(367,39),(368,39),(106,40),(335,40),(366,40),(367,40),(368,40),(1,41),(2,41),(106,41),(335,41),(366,41),(367,42),(368,42);

/*Table structure for table `aulas` */

DROP TABLE IF EXISTS `aulas`;

CREATE TABLE `aulas` (
  `id` int(10) unsigned NOT NULL AUTO_INCREMENT,
  `nombre` varchar(20) COLLATE utf8_unicode_ci NOT NULL,
  PRIMARY KEY (`id`)
) ENGINE=InnoDB AUTO_INCREMENT=141 DEFAULT CHARSET=utf8 COLLATE=utf8_unicode_ci;

/*Data for the table `aulas` */

insert  into `aulas`(`id`,`nombre`) values (1,'110'),(2,'111'),(3,'112'),(4,'113'),(5,'114'),(6,'115'),(7,'116'),(8,'117'),(9,'118'),(10,'119'),(11,'120'),(12,'121'),(13,'122'),(14,'123'),(15,'124'),(16,'125'),(17,'126'),(18,'127'),(19,'128'),(20,'129'),(21,'130'),(22,'131'),(23,'132'),(24,'133'),(25,'134'),(26,'135'),(27,'136'),(28,'137'),(29,'138'),(30,'139'),(31,'140'),(32,'141'),(33,'142'),(34,'143'),(35,'144'),(36,'145'),(37,'146'),(38,'147'),(39,'148'),(40,'149'),(41,'210'),(42,'211'),(43,'212'),(44,'213'),(45,'214'),(46,'215'),(47,'216'),(48,'217'),(49,'218'),(50,'219'),(51,'220'),(52,'221'),(53,'222'),(54,'223'),(55,'224'),(56,'225'),(57,'226'),(58,'227'),(59,'228'),(60,'229'),(61,'230'),(62,'231'),(63,'232'),(64,'233'),(65,'234'),(66,'235'),(67,'236'),(68,'237'),(69,'238'),(70,'239'),(71,'240'),(72,'241'),(73,'242'),(74,'243'),(75,'244'),(76,'245'),(77,'246'),(78,'247'),(79,'248'),(80,'249'),(81,'310'),(82,'311'),(83,'312'),(84,'313'),(85,'314'),(86,'315'),(87,'316'),(88,'317'),(89,'318'),(90,'319'),(91,'320'),(92,'321'),(93,'322'),(94,'323'),(95,'324'),(96,'325'),(97,'326'),(98,'327'),(99,'328'),(100,'329'),(101,'330'),(102,'331'),(103,'332'),(104,'333'),(105,'334'),(106,'335'),(107,'336'),(108,'337'),(109,'338'),(110,'339'),(111,'410'),(112,'411'),(113,'412'),(114,'413'),(115,'414'),(116,'415'),(117,'416'),(118,'417'),(119,'418'),(120,'419'),(121,'420'),(122,'421'),(123,'422'),(124,'423'),(125,'424'),(126,'425'),(127,'426'),(128,'427'),(129,'428'),(130,'429'),(131,'430'),(132,'431'),(133,'432'),(134,'433'),(135,'434'),(136,'435'),(137,'436'),(138,'437'),(139,'438'),(140,'439');

/*Table structure for table `calificaciones` */

DROP TABLE IF EXISTS `calificaciones`;

CREATE TABLE `calificaciones` (
  `alumno_id` int(10) unsigned NOT NULL,
  `asignatura_id` int(10) unsigned NOT NULL,
  `corte_1` float DEFAULT NULL,
  `corte_2` float DEFAULT NULL,
  `corte_3` float DEFAULT NULL,
  PRIMARY KEY (`alumno_id`,`asignatura_id`),
  KEY `fk_calificaciones_asignatura_id` (`asignatura_id`),
  CONSTRAINT `fk_calificaciones_alumno_id` FOREIGN KEY (`alumno_id`) REFERENCES `alumnos` (`id`),
  CONSTRAINT `fk_calificaciones_asignatura_id` FOREIGN KEY (`asignatura_id`) REFERENCES `asignaturas` (`id`)
) ENGINE=InnoDB DEFAULT CHARSET=utf8 COLLATE=utf8_unicode_ci;

/*Data for the table `calificaciones` */

/*Table structure for table `carreras` */

DROP TABLE IF EXISTS `carreras`;

CREATE TABLE `carreras` (
  `id` int(10) unsigned NOT NULL AUTO_INCREMENT,
  `nombre` varchar(200) COLLATE utf8_unicode_ci NOT NULL,
  `clave` varchar(3) COLLATE utf8_unicode_ci NOT NULL,
  `fecha_eliminacion` timestamp NULL DEFAULT NULL,
  PRIMARY KEY (`id`)
) ENGINE=InnoDB AUTO_INCREMENT=11 DEFAULT CHARSET=utf8 COLLATE=utf8_unicode_ci;

/*Data for the table `carreras` */

insert  into `carreras`(`id`,`nombre`,`clave`,`fecha_eliminacion`) values (1,'Licenciatura en Terapia Física','TPF',NULL),(2,'Licenciatura en Administración y Gestión de PyMES','AGP',NULL),(3,'Ingeniería en Biotecnología','BIO',NULL),(4,'Ingeniería en Informática','INF',NULL),(5,'Ingeniería Mecatrónica','MEC',NULL),(6,'Ingeniería en Energía','ENE',NULL),(7,'Ingeniería en Logistíca y Transporte','LYT',NULL),(8,'Ingeniería en Tecnología Ambiental','AMB',NULL),(9,'Ingeniería Biomédica','BMD',NULL),(10,'Ingeniería en Animación y Efectos Visuales','AEF',NULL);

/*Table structure for table `ciclos` */

DROP TABLE IF EXISTS `ciclos`;

CREATE TABLE `ciclos` (
  `id` int(10) unsigned NOT NULL AUTO_INCREMENT,
  `nombre` varchar(50) COLLATE utf8_unicode_ci NOT NULL,
  `fecha_inicio` date NOT NULL,
  `fecha_fin` date NOT NULL,
  PRIMARY KEY (`id`)
) ENGINE=InnoDB AUTO_INCREMENT=2 DEFAULT CHARSET=utf8 COLLATE=utf8_unicode_ci;

/*Data for the table `ciclos` */

insert  into `ciclos`(`id`,`nombre`,`fecha_inicio`,`fecha_fin`) values (1,'SEP-2010 - DIC-2010','2010-09-01','2010-12-20');

/*Table structure for table `clases` */

DROP TABLE IF EXISTS `clases`;

CREATE TABLE `clases` (
  `id` int(10) unsigned NOT NULL AUTO_INCREMENT,
  `profesor_id` int(10) unsigned NOT NULL,
  `grupo_id` int(10) unsigned NOT NULL,
  `asignatura_id` int(10) unsigned NOT NULL,
  `aula_id` int(10) unsigned NOT NULL,
  `horario_id` int(10) unsigned NOT NULL,
  PRIMARY KEY (`id`),
  KEY `fk_clases_profesor_id` (`profesor_id`),
  KEY `fk_clases_grupo_id` (`grupo_id`),
  KEY `fk_clases_asignatura_id` (`asignatura_id`),
  KEY `fk_clases_aula_id` (`aula_id`),
  KEY `fk_clases_horario_id` (`horario_id`),
  CONSTRAINT `fk_clases_asignatura_id` FOREIGN KEY (`asignatura_id`) REFERENCES `asignaturas` (`id`),
  CONSTRAINT `fk_clases_aula_id` FOREIGN KEY (`aula_id`) REFERENCES `aulas` (`id`),
  CONSTRAINT `fk_clases_grupo_id` FOREIGN KEY (`grupo_id`) REFERENCES `grupos` (`id`),
  CONSTRAINT `fk_clases_horario_id` FOREIGN KEY (`horario_id`) REFERENCES `horarios` (`id`),
  CONSTRAINT `fk_clases_profesor_id` FOREIGN KEY (`profesor_id`) REFERENCES `profesores` (`id`)
) ENGINE=InnoDB AUTO_INCREMENT=1201 DEFAULT CHARSET=utf8 COLLATE=utf8_unicode_ci;

/*Data for the table `clases` */

insert  into `clases`(`id`,`profesor_id`,`grupo_id`,`asignatura_id`,`aula_id`,`horario_id`) values (1,1,1,1,125,1),(2,1,1,1,131,10),(3,1,1,1,56,19),(4,1,1,1,41,28),(5,1,1,1,15,37),(6,1,1,1,17,2),(7,1,1,1,73,11),(8,1,1,1,72,20),(9,1,1,1,12,29),(10,1,1,1,16,38),(11,1,1,2,25,3),(12,1,1,2,42,12),(13,1,1,2,41,21),(14,1,1,2,8,30),(15,1,1,2,134,39),(16,1,1,3,57,4),(17,1,1,3,124,13),(18,1,1,3,39,22),(19,1,1,3,64,31),(20,1,1,3,63,40),(21,1,1,4,117,5),(22,1,1,4,9,14),(23,1,1,4,107,23),(24,1,1,4,8,32),(25,1,1,4,19,41),(26,1,1,5,77,6),(27,1,1,5,104,15),(28,1,1,5,87,24),(29,1,1,5,34,33),(30,1,1,5,17,42),(31,2,1,6,84,1),(32,2,1,6,117,10),(33,2,1,6,116,19),(34,2,1,6,135,28),(35,2,1,6,61,37),(36,2,1,7,87,2),(37,2,1,7,8,11),(38,2,1,7,126,20),(39,2,1,7,72,29),(40,2,1,7,100,38),(41,2,2,1,54,3),(42,2,2,1,67,12),(43,2,2,1,45,21),(44,2,2,1,21,30),(45,2,2,1,137,39),(46,2,2,1,17,4),(47,2,2,1,10,13),(48,2,2,1,38,22),(49,2,2,1,19,31),(50,2,2,1,27,40),(51,2,2,2,29,5),(52,2,2,2,16,14),(53,2,2,2,69,23),(54,2,2,2,136,32),(55,2,2,2,121,41),(56,2,2,3,89,6),(57,2,2,3,77,15),(58,2,2,3,11,24),(59,2,2,3,101,33),(60,2,2,3,139,42),(61,3,2,4,38,1),(62,3,2,4,74,10),(63,3,2,4,70,19),(64,3,2,4,12,28),(65,3,2,4,64,37),(66,3,2,5,123,2),(67,3,2,5,16,11),(68,3,2,5,23,20),(69,3,2,5,132,29),(70,3,2,5,27,38),(71,3,2,6,80,3),(72,3,2,6,71,12),(73,3,2,6,40,21),(74,3,2,6,90,30),(75,3,2,6,91,39),(76,3,2,7,37,4),(77,3,2,7,3,13),(78,3,2,7,110,22),(79,3,2,7,2,31),(80,3,2,7,15,40),(81,3,3,1,68,5),(82,3,3,1,138,14),(83,3,3,1,30,23),(84,3,3,1,19,32),(85,3,3,1,9,41),(86,3,3,1,2,6),(87,3,3,1,95,15),(88,3,3,1,121,24),(89,3,3,1,78,33),(90,3,3,1,101,42),(91,4,3,2,6,1),(92,4,3,2,42,10),(93,4,3,2,21,19),(94,4,3,2,97,28),(95,4,3,2,58,37),(96,4,3,3,111,2),(97,4,3,3,49,11),(98,4,3,3,92,20),(99,4,3,3,129,29),(100,4,3,3,96,38),(101,4,3,4,3,3),(102,4,3,4,138,12),(103,4,3,4,68,21),(104,4,3,4,5,30),(105,4,3,4,105,39),(106,4,3,5,51,4),(107,4,3,5,61,13),(108,4,3,5,90,22),(109,4,3,5,115,31),(110,4,3,5,37,40),(111,4,3,6,6,5),(112,4,3,6,130,14),(113,4,3,6,103,23),(114,4,3,6,46,32),(115,4,3,6,95,41),(116,4,3,7,83,6),(117,4,3,7,11,15),(118,4,3,7,86,24),(119,4,3,7,27,33),(120,4,3,7,135,42),(121,5,4,1,110,1),(122,5,4,1,98,10),(123,5,4,1,52,19),(124,5,4,1,35,28),(125,5,4,1,34,37),(126,5,4,1,59,2),(127,5,4,1,77,11),(128,5,4,1,3,20),(129,5,4,1,82,29),(130,5,4,1,74,38),(131,5,4,2,117,3),(132,5,4,2,19,12),(133,5,4,2,137,21),(134,5,4,2,56,30),(135,5,4,2,18,39),(136,5,4,62,48,4),(137,5,4,62,80,13),(138,5,4,62,7,22),(139,5,4,62,6,31),(140,5,4,62,43,40),(141,5,4,63,140,5),(142,5,4,63,120,14),(143,5,4,63,67,23),(144,5,4,63,110,32),(145,5,4,63,27,41),(146,5,4,64,86,6),(147,5,4,64,33,15),(148,5,4,64,41,24),(149,5,4,64,70,33),(150,5,4,64,71,42),(151,6,4,65,72,1),(152,6,4,65,92,10),(153,6,4,65,109,19),(154,6,4,65,70,28),(155,6,4,65,117,37),(156,6,4,66,70,2),(157,6,4,66,60,11),(158,6,4,66,85,20),(159,6,4,66,112,29),(160,6,4,66,9,38),(161,6,5,1,96,3),(162,6,5,1,62,12),(163,6,5,1,58,21),(164,6,5,1,139,30),(165,6,5,1,11,39),(166,6,5,1,34,4),(167,6,5,1,4,13),(168,6,5,1,104,22),(169,6,5,1,106,31),(170,6,5,1,127,40),(171,6,5,2,132,5),(172,6,5,2,19,14),(173,6,5,2,24,23),(174,6,5,2,105,32),(175,6,5,2,11,41),(176,6,5,62,138,6),(177,6,5,62,1,15),(178,6,5,62,140,24),(179,6,5,62,49,33),(180,6,5,62,82,42),(181,7,5,63,9,1),(182,7,5,63,86,10),(183,7,5,63,14,19),(184,7,5,63,98,28),(185,7,5,63,50,37),(186,7,5,64,81,2),(187,7,5,64,132,11),(188,7,5,64,67,20),(189,7,5,64,6,29),(190,7,5,64,52,38),(191,7,5,65,118,3),(192,7,5,65,51,12),(193,7,5,65,13,21),(194,7,5,65,80,30),(195,7,5,65,48,39),(196,7,5,66,14,4),(197,7,5,66,117,13),(198,7,5,66,140,22),(199,7,5,66,16,31),(200,7,5,66,66,40),(201,7,6,1,106,5),(202,7,6,1,38,14),(203,7,6,1,88,23),(204,7,6,1,125,32),(205,7,6,1,64,41),(206,7,6,1,118,6),(207,7,6,1,125,15),(208,7,6,1,50,24),(209,7,6,1,56,33),(210,7,6,1,47,42),(211,8,6,2,91,1),(212,8,6,2,139,10),(213,8,6,2,15,19),(214,8,6,2,24,28),(215,8,6,2,5,37),(216,8,6,62,97,2),(217,8,6,62,5,11),(218,8,6,62,86,20),(219,8,6,62,128,29),(220,8,6,62,45,38),(221,8,6,63,91,3),(222,8,6,63,48,12),(223,8,6,63,65,21),(224,8,6,63,136,30),(225,8,6,63,65,39),(226,8,6,64,103,4),(227,8,6,64,121,13),(228,8,6,64,111,22),(229,8,6,64,45,31),(230,8,6,64,7,40),(231,8,6,65,55,5),(232,8,6,65,109,14),(233,8,6,65,10,23),(234,8,6,65,114,32),(235,8,6,65,93,41),(236,8,6,66,109,6),(237,8,6,66,88,15),(238,8,6,66,36,24),(239,8,6,66,57,33),(240,8,6,66,4,42),(241,9,7,1,83,1),(242,9,7,1,126,10),(243,9,7,1,119,19),(244,9,7,1,105,28),(245,9,7,1,113,37),(246,9,7,1,33,2),(247,9,7,1,139,11),(248,9,7,2,31,3),(249,9,7,2,37,12),(250,9,7,2,44,20),(251,9,7,2,57,29),(252,9,7,2,97,38),(253,9,7,2,46,4),(254,9,7,2,126,13),(255,9,7,17,79,5),(256,9,7,17,118,14),(257,9,7,17,36,21),(258,9,7,17,83,30),(259,9,7,17,132,39),(260,9,7,106,6,6),(261,9,7,106,86,15),(262,9,7,106,78,22),(263,9,7,106,35,31),(264,9,7,106,47,40),(265,9,7,107,78,7),(266,9,7,107,83,16),(267,9,7,107,40,23),(268,9,7,107,80,32),(269,9,7,107,138,41),(270,9,7,107,14,8),(271,10,7,108,16,1),(272,10,7,108,54,10),(273,10,7,108,112,19),(274,10,7,108,71,28),(275,10,7,108,111,37),(276,10,7,109,52,2),(277,10,7,109,102,11),(278,10,7,109,133,20),(279,10,7,109,32,29),(280,10,7,109,39,38),(281,10,8,1,113,3),(282,10,8,1,94,12),(283,10,8,1,132,21),(284,10,8,1,32,30),(285,10,8,1,50,39),(286,10,8,1,72,4),(287,10,8,1,100,13),(288,10,8,2,19,5),(289,10,8,2,37,14),(290,10,8,2,11,22),(291,10,8,2,36,31),(292,10,8,2,3,40),(293,10,8,2,66,6),(294,10,8,2,106,15),(295,10,8,17,140,7),(296,10,8,17,128,16),(297,10,8,17,100,23),(298,10,8,17,41,32),(299,10,8,17,71,41),(300,11,8,106,119,1),(301,11,8,106,45,10),(302,11,8,106,73,19),(303,11,8,106,123,28),(304,11,8,106,11,37),(305,11,8,107,74,2),(306,11,8,107,88,11),(307,11,8,107,14,20),(308,11,8,107,41,29),(309,11,8,107,133,38),(310,11,8,107,38,3),(311,11,8,108,60,4),(312,11,8,108,45,12),(313,11,8,108,55,21),(314,11,8,108,100,30),(315,11,8,108,81,39),(316,11,8,109,103,5),(317,11,8,109,110,13),(318,11,8,109,73,22),(319,11,8,109,68,31),(320,11,8,109,40,40),(321,11,9,1,70,6),(322,11,9,1,117,14),(323,11,9,1,131,23),(324,11,9,1,134,32),(325,11,9,1,131,41),(326,11,9,1,79,7),(327,11,9,1,34,15),(328,12,9,2,137,1),(329,12,9,2,56,10),(330,12,9,2,49,19),(331,12,9,2,130,28),(332,12,9,2,124,37),(333,12,9,2,50,2),(334,12,9,2,136,11),(335,12,9,17,22,3),(336,12,9,17,130,12),(337,12,9,17,98,20),(338,12,9,17,24,29),(339,12,9,17,127,38),(340,12,9,106,94,4),(341,12,9,106,8,13),(342,12,9,106,54,21),(343,12,9,106,91,30),(344,12,9,106,110,39),(345,12,9,107,96,5),(346,12,9,107,40,14),(347,12,9,107,138,22),(348,12,9,107,94,31),(349,12,9,107,101,40),(350,12,9,107,95,6),(351,12,9,108,5,7),(352,12,9,108,78,15),(353,12,9,108,112,23),(354,12,9,108,89,32),(355,12,9,108,52,41),(356,13,9,109,95,1),(357,13,9,109,39,10),(358,13,9,109,33,19),(359,13,9,109,4,28),(360,13,9,109,19,37),(361,13,10,1,19,2),(362,13,10,1,81,11),(363,13,10,1,25,20),(364,13,10,1,8,29),(365,13,10,1,118,38),(366,13,10,1,40,3),(367,13,10,1,114,12),(368,13,10,1,125,21),(369,13,10,2,3,4),(370,13,10,2,74,13),(371,13,10,2,105,22),(372,13,10,2,15,30),(373,13,10,2,131,39),(374,13,10,2,100,5),(375,13,10,2,58,14),(376,13,10,3,136,6),(377,13,10,3,127,15),(378,13,10,3,135,23),(379,13,10,3,100,31),(380,13,10,3,118,40),(381,13,10,3,82,7),(382,14,10,146,93,1),(383,14,10,146,67,10),(384,14,10,146,51,19),(385,14,10,146,38,28),(386,14,10,146,9,37),(387,14,10,146,22,2),(388,14,10,147,93,3),(389,14,10,147,137,11),(390,14,10,147,27,20),(391,14,10,147,133,29),(392,14,10,147,106,38),(393,14,10,147,107,4),(394,14,10,148,125,5),(395,14,10,148,35,12),(396,14,10,148,107,21),(397,14,10,148,33,30),(398,14,10,148,78,39),(399,14,10,148,52,6),(400,14,10,148,133,13),(401,14,11,1,60,7),(402,14,11,1,113,14),(403,14,11,1,41,22),(404,14,11,1,140,31),(405,14,11,1,72,40),(406,14,11,1,19,8),(407,14,11,1,119,15),(408,14,11,1,92,23),(409,15,11,2,60,1),(410,15,11,2,118,10),(411,15,11,2,11,19),(412,15,11,2,117,28),(413,15,11,2,131,37),(414,15,11,2,39,2),(415,15,11,2,26,11),(416,15,11,3,13,3),(417,15,11,3,53,12),(418,15,11,3,20,20),(419,15,11,3,73,29),(420,15,11,3,93,38),(421,15,11,3,15,4),(422,15,11,146,91,5),(423,15,11,146,91,13),(424,15,11,146,69,21),(425,15,11,146,110,30),(426,15,11,146,140,39),(427,15,11,146,20,6),(428,15,11,147,64,7),(429,15,11,147,36,14),(430,15,11,147,115,22),(431,15,11,147,48,31),(432,15,11,147,134,40),(433,15,11,147,34,8),(434,16,11,148,35,1),(435,16,11,148,38,10),(436,16,11,148,28,19),(437,16,11,148,60,28),(438,16,11,148,27,37),(439,16,11,148,125,2),(440,16,11,148,93,11),(441,16,12,1,28,3),(442,16,12,1,69,12),(443,16,12,1,12,20),(444,16,12,1,91,29),(445,16,12,1,43,38),(446,16,12,1,140,4),(447,16,12,1,25,13),(448,16,12,1,88,21),(449,16,12,2,49,5),(450,16,12,2,112,14),(451,16,12,2,33,22),(452,16,12,2,65,30),(453,16,12,2,115,39),(454,16,12,2,18,6),(455,16,12,2,10,15),(456,16,12,3,62,7),(457,16,12,3,21,16),(458,16,12,3,86,23),(459,16,12,3,25,31),(460,16,12,3,46,40),(461,16,12,3,136,8),(462,17,12,146,77,1),(463,17,12,146,121,10),(464,17,12,146,132,19),(465,17,12,146,8,28),(466,17,12,146,96,37),(467,17,12,146,8,2),(468,17,12,147,102,3),(469,17,12,147,61,11),(470,17,12,147,55,20),(471,17,12,147,35,29),(472,17,12,147,88,38),(473,17,12,147,80,4),(474,17,12,148,129,5),(475,17,12,148,2,12),(476,17,12,148,78,21),(477,17,12,148,47,30),(478,17,12,148,117,39),(479,17,12,148,73,6),(480,17,12,148,109,13),(481,17,13,1,45,7),(482,17,13,1,87,14),(483,17,13,1,80,22),(484,17,13,1,123,31),(485,17,13,1,42,40),(486,17,13,1,102,8),(487,18,13,2,98,1),(488,18,13,2,84,10),(489,18,13,2,103,19),(490,18,13,2,18,28),(491,18,13,2,133,37),(492,18,13,2,65,2),(493,17,13,106,39,9),(494,17,13,106,18,15),(495,17,13,106,18,23),(496,17,13,106,77,32),(497,17,13,106,79,41),(498,18,13,110,11,3),(499,18,13,110,19,11),(500,18,13,110,33,20),(501,18,13,110,49,29),(502,18,13,110,47,38),(503,18,13,178,7,4),(504,18,13,178,125,12),(505,18,13,178,77,21),(506,18,13,178,30,30),(507,18,13,178,126,39),(508,18,13,179,41,5),(509,18,13,179,70,13),(510,18,13,179,69,22),(511,18,13,179,113,31),(512,18,13,179,32,40),(513,18,13,179,117,6),(514,18,13,179,4,14),(515,18,13,180,8,7),(516,18,13,180,23,15),(517,18,13,180,85,23),(518,18,13,180,113,32),(519,18,13,180,97,41),(520,18,13,180,37,8),(521,19,14,1,7,1),(522,19,14,1,107,10),(523,19,14,1,44,19),(524,19,14,1,90,28),(525,19,14,1,132,37),(526,19,14,1,138,2),(527,19,14,2,84,3),(528,19,14,2,1,11),(529,19,14,2,102,20),(530,19,14,2,10,29),(531,19,14,2,109,38),(532,19,14,2,78,4),(533,15,14,106,36,9),(534,15,14,106,113,15),(535,15,14,106,59,23),(536,15,14,106,70,32),(537,15,14,106,48,41),(538,19,14,110,21,5),(539,19,14,110,101,12),(540,19,14,110,64,21),(541,19,14,110,12,30),(542,19,14,110,10,39),(543,19,14,178,41,6),(544,19,14,178,23,13),(545,19,14,178,29,22),(546,19,14,178,37,31),(547,19,14,178,18,40),(548,19,14,179,74,7),(549,19,14,179,132,14),(550,19,14,179,54,23),(551,19,14,179,99,32),(552,19,14,179,101,41),(553,19,14,179,81,8),(554,19,14,179,14,15),(555,20,14,180,105,1),(556,20,14,180,112,10),(557,20,14,180,58,19),(558,20,14,180,48,28),(559,20,14,180,85,37),(560,20,14,180,82,2),(561,20,15,1,14,3),(562,20,15,1,71,11),(563,20,15,1,140,20),(564,20,15,1,20,29),(565,20,15,1,25,38),(566,20,15,1,138,4),(567,20,15,2,10,5),(568,20,15,2,28,12),(569,20,15,2,94,21),(570,20,15,2,81,30),(571,20,15,2,43,39),(572,20,15,2,102,6),(573,20,15,106,100,7),(574,20,15,106,43,13),(575,20,15,106,3,22),(576,20,15,106,126,31),(577,20,15,106,2,40),(578,20,15,110,15,8),(579,20,15,110,77,14),(580,20,15,110,134,23),(581,20,15,110,54,32),(582,20,15,110,21,41),(583,21,15,178,1,1),(584,21,15,178,106,10),(585,21,15,178,123,19),(586,21,15,178,108,28),(587,21,15,178,109,37),(588,21,15,179,3,2),(589,21,15,179,22,11),(590,21,15,179,51,20),(591,21,15,179,27,29),(592,21,15,179,112,38),(593,21,15,179,2,3),(594,21,15,179,59,12),(595,21,15,180,98,4),(596,21,15,180,39,13),(597,21,15,180,52,21),(598,21,15,180,103,30),(599,21,15,180,95,39),(600,21,15,180,138,5),(601,21,16,1,24,6),(602,21,16,1,5,14),(603,21,16,1,99,22),(604,21,16,1,133,31),(605,21,16,1,8,40),(606,21,16,2,114,7),(607,21,16,2,28,15),(608,21,16,2,50,23),(609,21,16,2,45,32),(610,21,16,2,102,41),(611,22,16,219,121,1),(612,22,16,219,35,10),(613,22,16,219,7,19),(614,22,16,219,133,28),(615,22,16,219,136,37),(616,22,16,220,53,2),(617,22,16,220,110,11),(618,22,16,220,99,20),(619,22,16,220,15,29),(620,22,16,220,99,38),(621,22,16,220,36,3),(622,22,16,221,135,4),(623,22,16,221,92,12),(624,22,16,221,136,21),(625,22,16,221,106,30),(626,22,16,221,37,39),(627,22,16,221,38,5),(628,22,16,221,67,13),(629,22,16,221,85,22),(630,22,16,222,3,6),(631,22,16,222,92,14),(632,22,16,222,82,23),(633,22,16,222,134,31),(634,22,16,222,22,40),(635,22,16,222,3,7),(636,22,16,223,133,8),(637,22,16,223,20,15),(638,22,16,223,47,24),(639,22,16,223,20,32),(640,22,16,223,54,41),(641,23,17,1,76,1),(642,23,17,1,7,10),(643,23,17,1,5,19),(644,23,17,1,49,28),(645,23,17,1,67,37),(646,23,17,2,124,2),(647,23,17,2,112,11),(648,23,17,2,79,20),(649,23,17,2,125,29),(650,23,17,2,29,38),(651,23,17,219,101,3),(652,23,17,219,36,12),(653,23,17,219,44,21),(654,23,17,219,79,30),(655,23,17,219,79,39),(656,23,17,220,96,4),(657,23,17,220,105,13),(658,23,17,220,125,22),(659,23,17,220,79,31),(660,23,17,220,133,40),(661,23,17,220,80,5),(662,23,17,221,64,6),(663,23,17,221,91,14),(664,23,17,221,130,23),(665,23,17,221,11,32),(666,23,17,221,109,41),(667,23,17,221,67,7),(668,23,17,221,65,15),(669,23,17,221,139,24),(670,24,17,222,5,1),(671,24,17,222,34,10),(672,24,17,222,3,19),(673,24,17,222,106,28),(674,24,17,222,112,37),(675,24,17,222,21,2),(676,24,17,223,115,3),(677,24,17,223,120,11),(678,24,17,223,71,20),(679,24,17,223,18,29),(680,24,17,223,28,38),(681,24,18,1,102,4),(682,24,18,1,30,12),(683,24,18,1,133,21),(684,24,18,1,28,30),(685,24,18,1,55,39),(686,24,18,2,105,5),(687,24,18,2,52,13),(688,24,18,2,94,22),(689,24,18,2,23,31),(690,24,18,2,103,40),(691,24,18,219,16,6),(692,24,18,219,90,14),(693,24,18,219,73,23),(694,24,18,219,91,32),(695,24,18,219,137,41),(696,25,18,220,34,1),(697,25,18,220,37,10),(698,25,18,220,9,19),(699,25,18,220,59,28),(700,25,18,220,1,37),(701,25,18,220,135,2),(702,25,18,221,5,3),(703,25,18,221,53,11),(704,25,18,221,16,20),(705,25,18,221,78,29),(706,25,18,221,15,38),(707,25,18,221,56,4),(708,25,18,221,16,12),(709,25,18,221,99,21),(710,25,18,222,89,5),(711,25,18,222,122,13),(712,25,18,222,70,22),(713,25,18,222,126,30),(714,25,18,222,39,39),(715,25,18,222,76,6),(716,25,18,223,23,7),(717,25,18,223,140,14),(718,25,18,223,75,23),(719,25,18,223,136,31),(720,25,18,223,132,40),(721,26,19,1,56,1),(722,26,19,1,63,10),(723,26,19,1,62,19),(724,26,19,1,118,28),(725,26,19,1,75,37),(726,26,19,1,103,2),(727,26,19,2,32,3),(728,26,19,2,7,11),(729,26,19,2,115,20),(730,26,19,2,5,29),(731,26,19,2,98,38),(732,26,19,2,121,4),(733,26,19,17,26,5),(734,26,19,17,55,12),(735,26,19,17,108,21),(736,26,19,17,57,30),(737,26,19,17,70,39),(738,25,19,261,135,8),(739,25,19,261,75,15),(740,25,19,261,104,24),(741,25,19,261,88,32),(742,25,19,261,136,41),(743,26,19,262,32,6),(744,26,19,262,49,13),(745,26,19,262,9,22),(746,26,19,262,66,31),(747,26,19,262,126,40),(748,26,19,262,13,7),(749,26,19,263,115,8),(750,26,19,263,103,14),(751,26,19,263,120,23),(752,26,19,263,106,32),(753,26,19,263,40,41),(754,26,19,263,55,9),(755,26,19,263,5,15),(756,27,19,264,99,1),(757,27,19,264,120,10),(758,27,19,264,137,19),(759,27,19,264,73,28),(760,27,19,264,98,37),(761,27,20,1,104,2),(762,27,20,1,40,11),(763,27,20,1,62,20),(764,27,20,1,123,29),(765,27,20,1,10,38),(766,27,20,1,50,3),(767,27,20,2,50,4),(768,27,20,2,74,12),(769,27,20,2,104,21),(770,27,20,2,6,30),(771,27,20,2,49,39),(772,27,20,2,139,5),(773,27,20,17,99,6),(774,27,20,17,128,13),(775,27,20,17,14,22),(776,27,20,17,44,31),(777,27,20,17,55,40),(778,27,20,261,42,7),(779,27,20,261,134,14),(780,27,20,261,25,23),(781,27,20,261,78,32),(782,27,20,261,16,41),(783,28,20,262,79,1),(784,28,20,262,32,10),(785,28,20,262,57,19),(786,28,20,262,84,28),(787,28,20,262,14,37),(788,28,20,262,102,2),(789,28,20,263,51,3),(790,28,20,263,96,11),(791,28,20,263,109,20),(792,28,20,263,75,29),(793,28,20,263,32,38),(794,28,20,263,67,4),(795,28,20,263,131,12),(796,28,20,264,76,5),(797,28,20,264,130,13),(798,28,20,264,61,21),(799,28,20,264,119,30),(800,28,20,264,82,39),(801,28,21,1,108,6),(802,28,21,1,45,14),(803,28,21,1,132,22),(804,28,21,1,104,31),(805,28,21,1,139,40),(806,28,21,1,48,7),(807,28,21,2,51,8),(808,28,21,2,79,15),(809,28,21,2,117,23),(810,28,21,2,23,32),(811,28,21,2,41,41),(812,28,21,2,10,9),(813,29,21,17,26,1),(814,29,21,17,3,10),(815,29,21,17,84,19),(816,29,21,17,103,28),(817,29,21,17,21,37),(818,29,21,261,49,2),(819,29,21,261,126,11),(820,29,21,261,87,20),(821,29,21,261,97,29),(822,29,21,261,87,38),(823,29,21,262,55,3),(824,29,21,262,73,12),(825,29,21,262,12,21),(826,29,21,262,130,30),(827,29,21,262,20,39),(828,29,21,262,55,4),(829,29,21,263,77,5),(830,29,21,263,1,13),(831,29,21,263,130,22),(832,29,21,263,24,31),(833,29,21,263,89,40),(834,29,21,263,103,6),(835,29,21,263,17,14),(836,29,21,264,43,7),(837,29,21,264,124,15),(838,29,21,264,66,23),(839,29,21,264,62,32),(840,29,21,264,51,41),(841,30,22,1,11,1),(842,30,22,1,43,10),(843,30,22,1,50,19),(844,30,22,1,66,28),(845,30,22,1,93,37),(846,30,22,1,122,2),(847,30,22,1,129,11),(848,30,22,2,88,3),(849,30,22,2,81,12),(850,30,22,2,45,20),(851,30,22,2,88,29),(852,30,22,2,78,38),(853,30,22,2,128,4),(854,30,22,2,84,13),(855,30,22,2,91,21),(856,30,22,107,119,5),(857,30,22,107,128,14),(858,30,22,107,61,22),(859,30,22,107,41,30),(860,30,22,107,116,39),(861,30,22,108,121,6),(862,30,22,108,57,15),(863,30,22,108,132,23),(864,30,22,108,130,31),(865,30,22,108,91,40),(866,30,22,109,138,7),(867,30,22,109,29,16),(868,30,22,109,129,24),(869,30,22,109,75,32),(870,30,22,109,50,41),(871,31,22,300,86,1),(872,31,22,300,94,10),(873,31,22,300,76,19),(874,31,22,300,7,28),(875,31,22,300,22,37),(876,31,22,301,42,2),(877,31,22,301,104,11),(878,31,22,301,90,20),(879,31,22,301,46,29),(880,31,22,301,104,38),(881,31,23,1,63,3),(882,31,23,1,122,12),(883,31,23,1,130,21),(884,31,23,1,18,30),(885,31,23,1,108,39),(886,31,23,1,4,4),(887,31,23,1,107,13),(888,31,23,2,5,5),(889,31,23,2,86,14),(890,31,23,2,119,22),(891,31,23,2,10,31),(892,31,23,2,107,40),(893,31,23,2,58,6),(894,31,23,2,122,15),(895,31,23,2,45,23),(896,31,23,107,34,7),(897,31,23,107,4,16),(898,31,23,107,17,24),(899,31,23,107,24,32),(900,31,23,107,90,41),(901,32,23,108,19,1),(902,32,23,108,9,10),(903,32,23,108,135,19),(904,32,23,108,46,28),(905,32,23,108,2,37),(906,32,23,109,90,2),(907,32,23,109,124,11),(908,32,23,109,68,20),(909,32,23,109,33,29),(910,32,23,109,61,38),(911,32,23,300,85,3),(912,32,23,300,60,12),(913,32,23,300,123,21),(914,32,23,300,55,30),(915,32,23,300,93,39),(916,32,23,301,68,4),(917,32,23,301,93,13),(918,32,23,301,128,22),(919,32,23,301,83,31),(920,32,23,301,128,40),(921,32,24,1,137,5),(922,32,24,1,136,14),(923,32,24,1,52,23),(924,32,24,1,137,32),(925,32,24,1,30,41),(926,32,24,1,79,6),(927,32,24,1,58,15),(928,33,24,2,33,1),(929,33,24,2,11,10),(930,33,24,2,29,19),(931,33,24,2,111,28),(932,33,24,2,123,37),(933,33,24,2,67,2),(934,33,24,2,140,11),(935,33,24,2,138,20),(936,33,24,107,126,3),(937,33,24,107,127,12),(938,33,24,107,63,21),(939,33,24,107,96,29),(940,33,24,107,68,38),(941,33,24,108,93,4),(942,33,24,108,62,13),(943,33,24,108,137,22),(944,33,24,108,19,30),(945,33,24,108,30,39),(946,33,24,109,42,5),(947,33,24,109,95,14),(948,33,24,109,81,23),(949,33,24,109,103,31),(950,33,24,109,78,40),(951,33,24,300,57,6),(952,33,24,300,26,15),(953,33,24,300,117,24),(954,33,24,300,107,32),(955,33,24,300,84,41),(956,34,24,301,127,1),(957,34,24,301,17,10),(958,34,24,301,136,19),(959,34,24,301,129,28),(960,34,24,301,72,37),(961,34,25,1,28,2),(962,34,25,1,18,11),(963,34,25,1,59,20),(964,34,25,1,28,29),(965,34,25,1,83,38),(966,34,25,1,77,3),(967,34,25,2,52,4),(968,34,25,2,77,12),(969,34,25,2,33,21),(970,34,25,2,112,30),(971,34,25,2,73,39),(972,34,25,2,124,5),(973,34,25,2,102,13),(974,34,25,2,77,22),(975,34,25,2,78,31),(976,34,25,3,1,6),(977,34,25,3,43,14),(978,34,25,3,136,23),(979,34,25,3,50,32),(980,34,25,3,80,40),(981,34,25,222,81,7),(982,34,25,222,4,15),(983,34,25,222,26,24),(984,34,25,222,44,33),(985,34,25,222,47,41),(986,35,25,334,22,1),(987,35,25,334,72,10),(988,35,25,334,32,19),(989,35,25,334,100,28),(990,35,25,334,87,37),(991,35,25,335,95,2),(992,35,25,335,75,11),(993,35,25,335,13,20),(994,35,25,335,108,29),(995,35,25,335,53,38),(996,35,25,336,69,3),(997,35,25,336,124,12),(998,35,25,336,101,21),(999,35,25,336,64,30),(1000,35,25,336,135,39),(1001,35,26,1,38,4),(1002,35,26,1,73,13),(1003,35,26,1,30,22),(1004,35,26,1,105,31),(1005,35,26,1,23,40),(1006,35,26,1,12,5),(1007,35,26,2,80,6),(1008,35,26,2,27,14),(1009,35,26,2,42,23),(1010,35,26,2,55,32),(1011,35,26,2,26,41),(1012,35,26,2,49,7),(1013,35,26,2,135,15),(1014,35,26,2,103,24),(1015,35,26,2,15,33),(1016,36,26,3,128,1),(1017,36,26,3,108,10),(1018,36,26,3,66,19),(1019,36,26,3,113,28),(1020,36,26,3,13,37),(1021,36,26,222,76,2),(1022,36,26,222,109,11),(1023,36,26,222,65,20),(1024,36,26,222,45,29),(1025,36,26,222,111,38),(1026,36,26,334,94,3),(1027,36,26,334,1,12),(1028,36,26,334,120,21),(1029,36,26,334,37,30),(1030,36,26,334,86,39),(1031,36,26,335,54,4),(1032,36,26,335,140,13),(1033,36,26,335,1,22),(1034,36,26,335,86,31),(1035,36,26,335,130,40),(1036,36,26,336,57,5),(1037,36,26,336,18,14),(1038,36,26,336,87,23),(1039,36,26,336,93,32),(1040,36,26,336,140,41),(1041,37,27,1,23,1),(1042,37,27,1,15,10),(1043,37,27,1,69,19),(1044,37,27,1,67,28),(1045,37,27,1,116,37),(1046,37,27,1,115,2),(1047,37,27,2,125,3),(1048,37,27,2,23,11),(1049,37,27,2,135,20),(1050,37,27,2,99,29),(1051,37,27,2,56,38),(1052,37,27,2,21,4),(1053,37,27,2,21,12),(1054,37,27,2,96,21),(1055,37,27,2,98,30),(1056,36,27,3,15,6),(1057,36,27,3,25,15),(1058,36,27,3,29,24),(1059,36,27,3,46,33),(1060,36,27,3,43,42),(1061,37,27,222,9,5),(1062,37,27,222,129,13),(1063,37,27,222,103,22),(1064,37,27,222,21,31),(1065,37,27,222,12,39),(1066,37,27,334,94,6),(1067,37,27,334,59,14),(1068,37,27,334,47,23),(1069,37,27,334,82,32),(1070,37,27,334,85,40),(1071,37,27,335,120,7),(1072,37,27,335,42,15),(1073,37,27,335,115,24),(1074,37,27,335,4,33),(1075,37,27,335,8,41),(1076,38,27,336,14,1),(1077,38,27,336,104,10),(1078,38,27,336,130,19),(1079,38,27,336,10,28),(1080,38,27,336,69,37),(1081,38,28,1,45,2),(1082,38,28,1,45,11),(1083,38,28,1,24,20),(1084,38,28,1,113,29),(1085,38,28,1,17,38),(1086,38,28,1,56,3),(1087,38,28,1,108,12),(1088,38,28,1,139,21),(1089,38,28,2,134,4),(1090,38,28,2,134,13),(1091,38,28,2,13,22),(1092,38,28,2,1,30),(1093,38,28,2,77,39),(1094,38,28,2,34,5),(1095,38,28,106,11,6),(1096,38,28,106,124,14),(1097,38,28,106,89,23),(1098,38,28,106,52,31),(1099,38,28,106,38,40),(1100,38,28,335,91,7),(1101,38,28,335,72,15),(1102,38,28,335,74,24),(1103,38,28,335,56,32),(1104,38,28,335,28,41),(1105,39,28,366,107,1),(1106,39,28,366,77,10),(1107,39,28,366,17,19),(1108,39,28,366,15,28),(1109,39,28,366,52,37),(1110,39,28,366,25,2),(1111,39,28,367,39,3),(1112,39,28,367,41,11),(1113,39,28,367,21,20),(1114,39,28,367,95,29),(1115,39,28,367,137,38),(1116,39,28,368,89,4),(1117,39,28,368,113,12),(1118,39,28,368,129,21),(1119,39,28,368,108,30),(1120,39,28,368,14,39),(1121,39,29,1,133,5),(1122,39,29,1,131,13),(1123,39,29,1,64,22),(1124,39,29,1,56,31),(1125,39,29,1,100,40),(1126,39,29,1,42,6),(1127,39,29,1,53,14),(1128,39,29,1,13,23),(1129,39,29,2,77,7),(1130,39,29,2,108,15),(1131,39,29,2,65,24),(1132,39,29,2,29,32),(1133,39,29,2,127,41),(1134,39,29,2,38,8),(1135,40,29,106,28,1),(1136,40,29,106,110,10),(1137,40,29,106,35,19),(1138,40,29,106,63,28),(1139,40,29,106,55,37),(1140,40,29,335,51,2),(1141,40,29,335,67,11),(1142,40,29,335,63,20),(1143,40,29,335,65,29),(1144,40,29,335,51,38),(1145,40,29,366,4,3),(1146,40,29,366,136,12),(1147,40,29,366,14,21),(1148,40,29,366,24,30),(1149,40,29,366,92,39),(1150,40,29,366,95,4),(1151,40,29,367,115,5),(1152,40,29,367,16,13),(1153,40,29,367,25,22),(1154,40,29,367,12,31),(1155,40,29,367,4,40),(1156,40,29,368,97,6),(1157,40,29,368,33,14),(1158,40,29,368,137,23),(1159,40,29,368,123,32),(1160,40,29,368,122,41),(1161,41,30,1,10,1),(1162,41,30,1,23,10),(1163,41,30,1,65,19),(1164,41,30,1,29,28),(1165,41,30,1,134,37),(1166,41,30,1,2,2),(1167,41,30,1,66,11),(1168,41,30,1,7,20),(1169,41,30,2,110,3),(1170,41,30,2,44,12),(1171,41,30,2,60,21),(1172,41,30,2,120,29),(1173,41,30,2,95,38),(1174,41,30,2,108,4),(1175,41,30,106,109,5),(1176,41,30,106,7,13),(1177,41,30,106,93,22),(1178,41,30,106,120,30),(1179,41,30,106,61,39),(1180,41,30,335,8,6),(1181,41,30,335,78,14),(1182,41,30,335,58,23),(1183,41,30,335,32,31),(1184,41,30,335,44,40),(1185,41,30,366,20,7),(1186,41,30,366,59,15),(1187,41,30,366,100,24),(1188,41,30,366,124,32),(1189,41,30,366,46,41),(1190,41,30,366,25,8),(1191,42,30,367,140,1),(1192,42,30,367,59,10),(1193,42,30,367,118,19),(1194,42,30,367,1,28),(1195,42,30,367,62,37),(1196,42,30,368,14,2),(1197,42,30,368,99,11),(1198,42,30,368,11,20),(1199,42,30,368,81,29),(1200,42,30,368,50,38);

/*Table structure for table `grupos` */

DROP TABLE IF EXISTS `grupos`;

CREATE TABLE `grupos` (
  `id` int(10) unsigned NOT NULL AUTO_INCREMENT,
  `nombre` varchar(20) COLLATE utf8_unicode_ci NOT NULL,
  `carrera_id` int(10) unsigned NOT NULL,
  `ciclo_id` int(10) unsigned NOT NULL,
  `cuatrimestre` int(11) NOT NULL,
  PRIMARY KEY (`id`),
  KEY `fk_grupos_carrera_id` (`carrera_id`),
  KEY `fk_grupos_ciclo_id` (`ciclo_id`),
  CONSTRAINT `fk_grupos_carrera_id` FOREIGN KEY (`carrera_id`) REFERENCES `carreras` (`id`),
  CONSTRAINT `fk_grupos_ciclo_id` FOREIGN KEY (`ciclo_id`) REFERENCES `ciclos` (`id`)
) ENGINE=InnoDB AUTO_INCREMENT=31 DEFAULT CHARSET=utf8 COLLATE=utf8_unicode_ci;

/*Data for the table `grupos` */

insert  into `grupos`(`id`,`nombre`,`carrera_id`,`ciclo_id`,`cuatrimestre`) values (1,'TPF 1-1',1,1,1),(2,'TPF 1-2',1,1,1),(3,'TPF 1-3',1,1,1),(4,'AGP 1-1',2,1,1),(5,'AGP 1-2',2,1,1),(6,'AGP 1-3',2,1,1),(7,'BIO 1-1',3,1,1),(8,'BIO 1-2',3,1,1),(9,'BIO 1-3',3,1,1),(10,'INF 1-1',4,1,1),(11,'INF 1-2',4,1,1),(12,'INF 1-3',4,1,1),(13,'MEC 1-1',5,1,1),(14,'MEC 1-2',5,1,1),(15,'MEC 1-3',5,1,1),(16,'ENE 1-1',6,1,1),(17,'ENE 1-2',6,1,1),(18,'ENE 1-3',6,1,1),(19,'LYT 1-1',7,1,1),(20,'LYT 1-2',7,1,1),(21,'LYT 1-3',7,1,1),(22,'AMB 1-1',8,1,1),(23,'AMB 1-2',8,1,1),(24,'AMB 1-3',8,1,1),(25,'BMD 1-1',9,1,1),(26,'BMD 1-2',9,1,1),(27,'BMD 1-3',9,1,1),(28,'AEF 1-1',10,1,1),(29,'AEF 1-2',10,1,1),(30,'AEF 1-3',10,1,1);

/*Table structure for table `horarios` */

DROP TABLE IF EXISTS `horarios`;

CREATE TABLE `horarios` (
  `id` int(10) unsigned NOT NULL AUTO_INCREMENT,
  `hora_inicio` time NOT NULL,
  `hora_fin` time NOT NULL,
  `dia` varchar(10) COLLATE utf8_unicode_ci NOT NULL,
  PRIMARY KEY (`id`)
) ENGINE=InnoDB AUTO_INCREMENT=46 DEFAULT CHARSET=utf8 COLLATE=utf8_unicode_ci;

/*Data for the table `horarios` */

insert  into `horarios`(`id`,`hora_inicio`,`hora_fin`,`dia`) values (1,'07:00:00','07:50:00','LUNES'),(2,'08:00:00','08:50:00','LUNES'),(3,'09:00:00','09:50:00','LUNES'),(4,'10:00:00','10:50:00','LUNES'),(5,'11:00:00','11:50:00','LUNES'),(6,'12:00:00','12:50:00','LUNES'),(7,'13:00:00','13:50:00','LUNES'),(8,'14:00:00','14:50:00','LUNES'),(9,'15:00:00','15:50:00','LUNES'),(10,'07:00:00','07:50:00','MARTES'),(11,'08:00:00','08:50:00','MARTES'),(12,'09:00:00','09:50:00','MARTES'),(13,'10:00:00','10:50:00','MARTES'),(14,'11:00:00','11:50:00','MARTES'),(15,'12:00:00','12:50:00','MARTES'),(16,'13:00:00','13:50:00','MARTES'),(17,'14:00:00','14:50:00','MARTES'),(18,'15:00:00','15:50:00','MARTES'),(19,'07:00:00','07:50:00','MIERCOLES'),(20,'08:00:00','08:50:00','MIERCOLES'),(21,'09:00:00','09:50:00','MIERCOLES'),(22,'10:00:00','10:50:00','MIERCOLES'),(23,'11:00:00','11:50:00','MIERCOLES'),(24,'12:00:00','12:50:00','MIERCOLES'),(25,'13:00:00','13:50:00','MIERCOLES'),(26,'14:00:00','14:50:00','MIERCOLES'),(27,'15:00:00','15:50:00','MIERCOLES'),(28,'07:00:00','07:50:00','JUEVES'),(29,'08:00:00','08:50:00','JUEVES'),(30,'09:00:00','09:50:00','JUEVES'),(31,'10:00:00','10:50:00','JUEVES'),(32,'11:00:00','11:50:00','JUEVES'),(33,'12:00:00','12:50:00','JUEVES'),(34,'13:00:00','13:50:00','JUEVES'),(35,'14:00:00','14:50:00','JUEVES'),(36,'15:00:00','15:50:00','JUEVES'),(37,'07:00:00','07:50:00','VIERNES'),(38,'08:00:00','08:50:00','VIERNES'),(39,'09:00:00','09:50:00','VIERNES'),(40,'10:00:00','10:50:00','VIERNES'),(41,'11:00:00','11:50:00','VIERNES'),(42,'12:00:00','12:50:00','VIERNES'),(43,'13:00:00','13:50:00','VIERNES'),(44,'14:00:00','14:50:00','VIERNES'),(45,'15:00:00','15:50:00','VIERNES');

/*Table structure for table `profesores` */

DROP TABLE IF EXISTS `profesores`;

CREATE TABLE `profesores` (
  `id` int(10) unsigned NOT NULL AUTO_INCREMENT,
  `nombre` varchar(50) COLLATE utf8_unicode_ci NOT NULL,
  `apellido_paterno` varchar(50) COLLATE utf8_unicode_ci NOT NULL,
  `apellido_materno` varchar(50) COLLATE utf8_unicode_ci NOT NULL,
  `fecha_nacimiento` date NOT NULL,
  `curp` varchar(18) COLLATE utf8_unicode_ci NOT NULL,
  `genero` char(1) COLLATE utf8_unicode_ci NOT NULL,
  `ciudad` varchar(50) COLLATE utf8_unicode_ci DEFAULT NULL,
  `estado` varchar(50) COLLATE utf8_unicode_ci DEFAULT NULL,
  PRIMARY KEY (`id`)
) ENGINE=InnoDB AUTO_INCREMENT=43 DEFAULT CHARSET=utf8 COLLATE=utf8_unicode_ci;

/*Data for the table `profesores` */

insert  into `profesores`(`id`,`nombre`,`apellido_paterno`,`apellido_materno`,`fecha_nacimiento`,`curp`,`genero`,`ciudad`,`estado`) values (1,'Martín','Escobar','Gutiérrez','1976-03-25','EOGM760325HSRSTRA3','H','Hermosillo','Sonora'),(2,'Yuridia Fabiana','Gómez','Castillo','1970-12-17','GOCY701217MSRMSRA2','M','Hermosillo','Sonora'),(3,'Benito','Quiroga','González','1976-10-01','QUGB761001HJCRNNA7','H','Zapopan','Jalisco'),(4,'Salvador Adrián','Vidal','López','1980-06-17','VILS800617HJCDPLA1','H','Zapopan','Jalisco'),(5,'Sergio Gabino','Romero','Muñoz','1980-08-02','ROMS800802HSRMXRA6','H','Hermosillo','Sonora'),(6,'Fabiana Fabiana','Zúñiga','Mendoza','1978-08-22','ZUMF780822MSLXNBA6','M','Culiacan','Sinaloa'),(7,'Domingo Aurelio','Valdez','Vega','1971-12-03','VAVD711203HSLLGMA9','H','Los Mochis','Sinaloa'),(8,'Fabricio Cruz','Velázquez','Torres','1970-08-17','VETF700817HJCLRBA9','H','Guadalajara','Jalisco'),(9,'Rocío','Valenzuela','Toledo','1970-01-21','VATR700121MSLLLCA9','M','Los Mochis','Sinaloa'),(10,'Félix','Castro','Figueroa','1976-01-03','CAFF760103HJCSGLA4','H','Zapopan','Jalisco'),(11,'Cayetano Claudio','Alarcón','Farías','1977-05-05','AAFC770505HJCLRYA9','H','Guadalajara','Jalisco'),(12,'Vicente','Cabrera','Agüero','1971-08-11','CAAV710811HSRBGCA4','H','Hermosillo','Sonora'),(13,'Gloria Julia','Gallardo','Jiménez','1975-02-06','GAJG750206MJCLMLA5','M','Guadalajara','Jalisco'),(14,'Rocío Cándida','Velázquez','Moreno','1971-11-04','VEMR711104MSRLRCA7','M','Hermosillo','Sonora'),(15,'Florencio René','Ávila','Barrios','1974-03-16','AIBF740316HSLVRLA3','H','Mazatlan','Sinaloa'),(16,'Inés','Martinez','Alvarado','1972-12-05','MAAI721205MNTRLNA1','M','Tepic','Nayarit'),(17,'Cristina','Espinoza','Castillo','1977-02-07','EICC770207MSLSSRA8','M','Culiacan','Sinaloa'),(18,'Mauricio Clemente','Valenzuela','Valenzuela','1974-11-24','VAVM741124HNTLLRA1','H','Tepic','Nayarit'),(19,'Pedro Cristian','Arias','Domínguez','1973-02-22','AIDP730222HSRRMDA9','H','Hermosillo','Sonora'),(20,'Félix','Espinoza','Jara','1972-10-19','EIJF721019HJCSRLA5','H','Guadalajara','Jalisco'),(21,'Gloria','Zúñiga','Peña','1975-11-17','ZUPG751117MSLXXLA8','M','Mazatlan','Sinaloa'),(22,'Martín','Navarrete','Quiroga','1976-05-15','NAQM760515HNTVRRA8','H','Tepic','Nayarit'),(23,'Caridad','Mansilla','Martinez','1978-02-13','MAMC780213MSLNRRA7','M','Los Mochis','Sinaloa'),(24,'Virginia','Cortés','Vega','1976-01-15','COVV760115MSRRGRA2','M','Hermosillo','Sonora'),(25,'Bonifacio Marcos','Molina','Chávez','1980-02-08','MOCB800208HSRLHNA1','H','Hermosillo','Sonora'),(26,'Víctor','Leiva','Martinez','1978-12-10','LEMV781210HSLVRCA3','H','Mazatlan','Sinaloa'),(27,'Rocío','Valenzuela','Toledo','1970-01-21','VATR700121MSLLLCA9','M','Los Mochis','Sinaloa'),(28,'Salvador','Barrios','Barrios','1970-08-02','BABS700802HJCRRLA7','H','Guadalajara','Jalisco'),(29,'Celestina Concepción','Castro','Páez','1977-07-03','CAPC770703MSLSZLA8','M','Los Mochis','Sinaloa'),(30,'Fabiana','Valdés','Fuentes','1976-03-04','VAFF760304MSRLNBA6','M','Ciudad Obregon','Sonora'),(31,'Constancia Yolanda','Ortiz','Acosta','1974-02-09','OIAC740209MSLRCNA6','M','Los Mochis','Sinaloa'),(32,'Adriano','Agüero','Ramírez','1980-02-13','AERA800213HSRGMDA1','H','Ciudad Obregon','Sonora'),(33,'Fermín','Herrera','Pino','1973-04-17','HEPF730417HSRRNRA8','H','Ciudad Obregon','Sonora'),(34,'Patricia','Sánchez','Montenegro','1972-04-08','SAMP720408MNTNNTA7','M','Tepic','Nayarit'),(35,'Amparo','Arias','Valdez','1973-02-19','AIVA730219MJCRLMA9','M','Zapopan','Jalisco'),(36,'Cornelia Claudia','Rojas','Morales','1971-05-18','ROMC710518MJCJRRA1','M','Guadalajara','Jalisco'),(37,'Benedicto Benedicto','Espinoza','Méndez','1972-08-22','EIMB720822HSRSNNA4','H','Hermosillo','Sonora'),(38,'Amado Fabricio','Vásquez','Blanco','1975-10-06','VABA751006HNTSLMA3','H','Tepic','Nayarit'),(39,'Asunción Amparo','Paredes','Reyes','1973-10-15','PARA731015MJCRYSA4','M','Guadalajara','Jalisco'),(40,'Bonifacio','Méndez','Vargas','1979-09-18','MEVB790918HSRNRNA6','H','Hermosillo','Sonora'),(41,'Vicente','Fernández','Ríos','1975-04-23','FERV750423HNTRSCA8','H','Tepic','Nayarit'),(42,'Norma Angélica','Molina','Gutiérrez','1970-04-09','MOGN700409MNTLTRA4','M','Tepic','Nayarit');

/*Table structure for table `horario_clases` */

DROP TABLE IF EXISTS `horario_clases`;

/*!50001 DROP VIEW IF EXISTS `horario_clases` */;
/*!50001 DROP TABLE IF EXISTS `horario_clases` */;

/*!50001 CREATE TABLE  `horario_clases`(
 `profesor_id` int(10) unsigned ,
 `profesor_nombre` varchar(50) ,
 `grupo_id` int(10) unsigned ,
 `grupo_nombre` varchar(20) ,
 `asignatura_id` int(10) unsigned ,
 `asignatura_nombre` varchar(100) ,
 `aula_id` int(10) unsigned ,
 `aula_nombre` varchar(20) ,
 `horario_id` int(10) unsigned ,
 `dia` varchar(10) ,
 `hora_inicio` time ,
 `hora_fin` time 
)*/;

/*View structure for view horario_clases */

/*!50001 DROP TABLE IF EXISTS `horario_clases` */;
/*!50001 DROP VIEW IF EXISTS `horario_clases` */;

/*!50001 CREATE ALGORITHM=UNDEFINED DEFINER=`root`@`localhost` SQL SECURITY DEFINER VIEW `horario_clases` AS (select `profesores`.`id` AS `profesor_id`,`profesores`.`nombre` AS `profesor_nombre`,`grupos`.`id` AS `grupo_id`,`grupos`.`nombre` AS `grupo_nombre`,`asignaturas`.`id` AS `asignatura_id`,`asignaturas`.`nombre` AS `asignatura_nombre`,`aulas`.`id` AS `aula_id`,`aulas`.`nombre` AS `aula_nombre`,`horarios`.`id` AS `horario_id`,`horarios`.`dia` AS `dia`,`horarios`.`hora_inicio` AS `hora_inicio`,`horarios`.`hora_fin` AS `hora_fin` from (((((`clases` join `profesores` on((`profesores`.`id` = `clases`.`profesor_id`))) join `grupos` on((`grupos`.`id` = `clases`.`grupo_id`))) join `asignaturas` on((`asignaturas`.`id` = `clases`.`asignatura_id`))) join `aulas` on((`aulas`.`id` = `clases`.`aula_id`))) join `horarios` on((`horarios`.`id` = `clases`.`horario_id`)))) */;

/*!40101 SET SQL_MODE=@OLD_SQL_MODE */;
/*!40014 SET FOREIGN_KEY_CHECKS=@OLD_FOREIGN_KEY_CHECKS */;
/*!40014 SET UNIQUE_CHECKS=@OLD_UNIQUE_CHECKS */;
/*!40111 SET SQL_NOTES=@OLD_SQL_NOTES */;
