/*
SQLyog Community v12.12 (64 bit)
MySQL - 5.6.24 : Database - trinity
*********************************************************************
*/

/*!40101 SET NAMES utf8 */;

/*!40101 SET SQL_MODE=''*/;

/*!40014 SET @OLD_UNIQUE_CHECKS=@@UNIQUE_CHECKS, UNIQUE_CHECKS=0 */;
/*!40014 SET @OLD_FOREIGN_KEY_CHECKS=@@FOREIGN_KEY_CHECKS, FOREIGN_KEY_CHECKS=0 */;
/*!40101 SET @OLD_SQL_MODE=@@SQL_MODE, SQL_MODE='NO_AUTO_VALUE_ON_ZERO' */;
/*!40111 SET @OLD_SQL_NOTES=@@SQL_NOTES, SQL_NOTES=0 */;
CREATE DATABASE /*!32312 IF NOT EXISTS*/`trinity` /*!40100 DEFAULT CHARACTER SET utf8 COLLATE utf8_unicode_ci */;

USE `trinity`;

/*Table structure for table `alumnos` */

DROP TABLE IF EXISTS `alumnos`;

CREATE TABLE `alumnos` (
  `id` int(10) unsigned NOT NULL AUTO_INCREMENT,
  `matricula` varchar(16) COLLATE utf8_unicode_ci NOT NULL,
  `nombre` varchar(50) COLLATE utf8_unicode_ci NOT NULL,
  `apellido_paterno` varchar(50) COLLATE utf8_unicode_ci NOT NULL,
  `apellido_materno` varchar(50) COLLATE utf8_unicode_ci NOT NULL,
  `fecha_nacimiento` date NOT NULL,
  `curp` varchar(18) COLLATE utf8_unicode_ci NOT NULL,
  `genero` char(1) COLLATE utf8_unicode_ci NOT NULL,
  `ciudad` varchar(50) COLLATE utf8_unicode_ci DEFAULT NULL,
  `estado` varchar(50) COLLATE utf8_unicode_ci DEFAULT NULL,
  `carrera_id` int(10) unsigned NOT NULL,
  PRIMARY KEY (`id`),
  KEY `fk_alumnos_carrera_id` (`carrera_id`),
  CONSTRAINT `fk_alumnos_carrera_id` FOREIGN KEY (`carrera_id`) REFERENCES `carreras` (`id`)
) ENGINE=InnoDB AUTO_INCREMENT=830 DEFAULT CHARSET=utf8 COLLATE=utf8_unicode_ci;

/*Data for the table `alumnos` */

insert  into `alumnos`(`id`,`matricula`,`nombre`,`apellido_paterno`,`apellido_materno`,`fecha_nacimiento`,`curp`,`genero`,`ciudad`,`estado`,`carrera_id`) values (1,'TPF1008AIAC00001','Claudia Lucía','Arias','Alvarado','1992-01-15','AIAC920115MSLRLLA6','M','Los Mochis','Sinaloa',1),(2,'TPF1008JIAX00002','Ximena','Jiménez','Ávila','1991-12-23','JIAX911223MNTMVMA8','M','Tepic','Nayarit',1),(3,'TPF1008CACC00003','Candelaria Olivia','Cárdenas','Córdoba','1992-06-04','CACC920604MSLRRNA7','M','Mazatlan','Sinaloa',1),(4,'TPF1008BANI00004','Ignacio','Bravo','Núñez','1992-06-20','BANI920620HJCRXGA2','H','Guadalajara','Jalisco',1),(5,'TPF1008GOPA00005','Adriana Rosalba','Gómez','Paz','1991-06-02','GOPA910602MSLMZDA3','M','Mazatlan','Sinaloa',1),(6,'TPF1008NADC00006','Cornelia','Navarrete','Duarte','1991-02-10','NADC910210MSLVRRA4','M','Culiacan','Sinaloa',1),(7,'TPF1008VIVJ00007','Julián','Vidal','Vásquez','1992-12-02','VIVJ921202HNTDSLA2','H','Tepic','Nayarit',1),(8,'TPF1008ROAC00008','Consuelo','Romero','Arce','1991-08-20','ROAC910820MSLMRNA2','M','Los Mochis','Sinaloa',1),(9,'TPF1008LEVG00009','Gabino','Ledesma','Vega','1991-09-23','LEVG910923HSLDGBA2','H','Mazatlan','Sinaloa',1),(10,'TPF1008JILI00010','Ignacio Constantino','Jiménez','López','1991-03-11','JILI910311HJCMPGA4','H','Zapopan','Jalisco',1),(11,'TPF1008MEPA00011','Aurelio Lorenzo','Mendoza','Parra','1992-12-10','MEPA921210HJCNRRA1','H','Zapopan','Jalisco',1),(12,'TPF1008GABP00012','Patricia','García','Bustamante','1992-08-14','GABP920814MSLRSTA8','M','Culiacan','Sinaloa',1),(13,'TPF1008TASP00013','Paloma Rosalba','Tapia','Sánchez','1992-05-08','TASP920508MNTPNLA3','M','Tepic','Nayarit',1),(14,'TPF1008BAOA00014','Aurelia Inés','Bravo','Ortiz','1991-08-21','BAOA910821MSLRRRA8','M','Culiacan','Sinaloa',1),(15,'TPF1008BUPP00015','Patricio','Bustamante','Peña','1991-10-01','BUPP911001HSRSXTA4','H','Hermosillo','Sonora',1),(16,'TPF1008DOPP00016','Paloma','Domínguez','Pérez','1991-08-10','DOPP910810MJCMRLA1','M','Zapopan','Jalisco',1),(17,'TPF1008TOOL00017','Leticia Julia','Torres','Ojeda','1992-11-19','TOOL921119MSLRJTA3','M','Culiacan','Sinaloa',1),(18,'TPF1008ROOC00018','Concepción Flor','Rojas','Olivares','1992-06-11','ROOC920611MSRJLNA8','M','Hermosillo','Sonora',1),(19,'TPF1008VACL00019','Leticia Fabiana','Valdés','Cárdenas','1992-03-04','VACL920304MSLLRTA1','M','Culiacan','Sinaloa',1),(20,'TPF1008MOVC00020','Cristian','Morales','Vega','1992-02-05','MOVC920205HSLRGRA6','H','Los Mochis','Sinaloa',1),(21,'TPF1008FOVC00021','Concepción Clementina','Flores','Valdés','1992-05-18','FOVC920518MSLLLNA1','M','Culiacan','Sinaloa',1),(22,'TPF1008LUCC00022','Cruz Julián','Luna','Cabrera','1992-01-04','LUCC920104HSLNBRA1','H','Culiacan','Sinaloa',1),(23,'TPF1008NUCF00023','Flor','Núñez','Cardozo','1992-05-01','NUCF920501MJCXRLA4','M','Guadalajara','Jalisco',1),(24,'TPF1008MOPN00024','Norma','Montenegro','Ponce','1992-10-20','MOPN921020MSRNNRA8','M','Hermosillo','Sonora',1),(25,'TPF1008LEPA00025','Avelina','Leiva','Pérez','1991-01-18','LEPA910118MSRVRVA5','M','Ciudad Obregon','Sonora',1),(26,'TPF1008RAYC00026','Cristina Amparo','Ramírez','Yáñez','1991-03-11','RAYC910311MSLMXRA4','M','Culiacan','Sinaloa',1),(27,'TPF1008VABM00027','Marcos','Valdez','Barrios','1991-08-18','VABM910818HJCLRRA8','H','Guadalajara','Jalisco',1),(28,'TPF1008GAOC00028','Celestino Faustino','García','Olivares','1992-09-04','GAOC920904HSLRLLA3','H','Culiacan','Sinaloa',1),(29,'TPF1008CARB00029','Benedicto Adriano','Carrizo','Rodríguez','1991-01-09','CARB910109HSRRDNA3','H','Hermosillo','Sonora',1),(30,'TPF1008AECG00030','Genaro','Agüero','Cárdenas','1991-07-16','AECG910716HSRGRNA4','H','Ciudad Obregon','Sonora',1),(31,'TPF1008GULS00031','Silvia Julia','Guerrero','Lagos','1991-12-14','GULS911214MJCRGLA3','M','Guadalajara','Jalisco',1),(32,'TPF1008MEVI00032','Inés','Méndez','Vázquez','1991-04-05','MEVI910405MSRNZNA9','M','Hermosillo','Sonora',1),(33,'TPF1008PAFV00033','Vicente','Paz','Fuentes','1991-11-05','PAFV911105HSLZNCA5','H','Mazatlan','Sinaloa',1),(34,'TPF1008CADY00034','Yuridia','Cabrera','Duarte','1991-07-21','CADY910721MSLBRRA8','M','Culiacan','Sinaloa',1),(35,'TPF1008VEPM00035','Mariano Casto','Venegas','Pino','1991-10-22','VEPM911022HSRNNRA1','H','Hermosillo','Sonora',1),(36,'TPF1008SOAB00036','Bonifacio Adriano','Soto','Acuña','1991-01-19','SOAB910119HNTTCNA2','H','Tepic','Nayarit',1),(37,'TPF1008DUEH00037','Horacio','Duarte','Espinoza','1992-12-05','DUEH921205HSRRSRA9','H','Ciudad Obregon','Sonora',1),(38,'TPF1008AORA00038','Aurelio Luciano','Acosta','Romero','1991-06-21','AORA910621HJCCMRA8','H','Guadalajara','Jalisco',1),(39,'TPF1008VAAR00039','Renata Camila','Vásquez','Arce','1992-07-05','VAAR920705MSLSRNA6','M','Culiacan','Sinaloa',1),(40,'TPF1008DUPA00040','Aurelia','Duarte','Peña','1992-10-11','DUPA921011MSRRXRA9','M','Ciudad Obregon','Sonora',1),(41,'TPF1008JIRC00041','Constantino Amador','Jiménez','Ramos','1992-11-05','JIRC921105HSRMMNA8','H','Hermosillo','Sonora',1),(42,'TPF1008TOTR00042','Renata','Torres','Tapia','1992-07-13','TOTR920713MJCRPNA7','M','Guadalajara','Jalisco',1),(43,'TPF1008CALA00043','Amanda Natalia','Cabrera','Ledesma','1991-12-14','CALA911214MNTBDMA8','M','Tepic','Nayarit',1),(44,'TPF1008FACD00044','Desiderio','Franco','Chávez','1992-04-07','FACD920407HNTRHSA2','H','Tepic','Nayarit',1),(45,'TPF1008VATF00045','Florencia','Valenzuela','Torres','1992-04-02','VATF920402MSRLRLA6','M','Hermosillo','Sonora',1),(46,'TPF1008TOPC00046','Claudio','Toledo','Páez','1992-08-09','TOPC920809HJCLZLA5','H','Zapopan','Jalisco',1),(47,'TPF1008LOLF00047','Fidel Cándido','López','Lagos','1991-04-09','LOLF910409HJCPGDA9','H','Guadalajara','Jalisco',1),(48,'TPF1008FUDA00048','Aurelia Yuridia','Fuentes','Duarte','1991-06-12','FUDA910612MJCNRRA7','M','Guadalajara','Jalisco',1),(49,'TPF1008AAVC00049','Cándida','Alarcón','Valenzuela','1992-02-10','AAVC920210MJCLLNA4','M','Zapopan','Jalisco',1),(50,'TPF1008SAJB00050','Bonifacio Cayetano','Sánchez','Juárez','1992-11-20','SAJB921120HJCNRNA4','H','Zapopan','Jalisco',1),(51,'TPF1008OIAC00051','Constancia Antonina','Ortiz','Agüero','1992-01-19','OIAC920119MJCRGNA6','M','Zapopan','Jalisco',1),(52,'TPF1008AIMF00052','Fabián','Arias','Muñoz','1991-01-07','AIMF910107HSRRXBA1','H','Hermosillo','Sonora',1),(53,'TPF1008MUFM00053','Mariana Ximena','Muñoz','Fernández','1992-04-14','MUFM920414MJCXRRA3','M','Zapopan','Jalisco',1),(54,'TPF1008OIRX00054','Ximena','Ortiz','Ruiz','1991-05-25','OIRX910525MNTRZMA9','M','Tepic','Nayarit',1),(55,'TPF1008NUGC00055','Cornelio Víctor','Núñez','Guzmán','1991-01-14','NUGC910114HSRXZRA9','H','Ciudad Obregon','Sonora',1),(56,'TPF1008AUBR00056','Rocío Lucía','Aguirre','Bustos','1992-09-11','AUBR920911MJCGSCA2','M','Guadalajara','Jalisco',1),(57,'TPF1008PAPA00057','Avelino Pablo','Paredes','Ponce','1991-12-19','PAPA911219HSLRNVA4','H','Mazatlan','Sinaloa',1),(58,'TPF1008PAVF00058','Florencia Yolanda','Páez','Valenzuela','1992-08-05','PAVF920805MSLZLLA3','M','Culiacan','Sinaloa',1),(59,'TPF1008PARA00059','Agustína','Paredes','Ruiz','1992-03-04','PARA920304MSLRZGA8','M','Mazatlan','Sinaloa',1),(60,'TPF1008MOVM00060','Marina Olivia','Molina','Valenzuela','1992-11-24','MOVM921124MSRLLRA3','M','Ciudad Obregon','Sonora',1),(61,'TPF1008RIRM00061','Mariano','Rivera','Ríos','1992-03-02','RIRM920302HJCVSRA7','H','Zapopan','Jalisco',1),(62,'TPF1008AUCA00062','Avelina','Aguilera','Cabrera','1992-11-04','AUCA921104MSRGBVA1','M','Ciudad Obregon','Sonora',1),(63,'TPF1008JAMX00063','Ximena','Jara','Muñoz','1992-12-01','JAMX921201MJCRXMA5','M','Zapopan','Jalisco',1),(64,'TPF1008GUVE00064','Estela','Guerrero','Vidal','1992-10-09','GUVE921009MJCRDSA8','M','Zapopan','Jalisco',1),(65,'TPF1008LENJ00065','Julio','Leiva','Núñez','1991-07-07','LENJ910707HSRVXLA4','H','Hermosillo','Sonora',1),(66,'TPF1008MEJC00066','Constancia Alba','Mendoza','Jiménez','1991-05-24','MEJC910524MJCNMNA3','M','Guadalajara','Jalisco',1),(67,'TPF1008PAGC00067','Consuelo','Parra','Gallardo','1991-06-16','PAGC910616MSLRLNA9','M','Mazatlan','Sinaloa',1),(68,'TPF1008AEPV00068','Valentina Clementina','Arce','Peña','1992-10-02','AEPV921002MSRRXLA1','M','Ciudad Obregon','Sonora',1),(69,'TPF1008MARA00069','Antonino','Martinez','Ramírez','1992-10-11','MARA921011HSRRMNA3','H','Ciudad Obregon','Sonora',1),(70,'TPF1008VAPL00070','Lorenzo Amador','Vásquez','Pereyra','1992-05-10','VAPL920510HSLSRRA1','H','Culiacan','Sinaloa',1),(71,'TPF1008AEPP00071','Paul Augusto','Arce','Palma','1992-11-06','AEPP921106HJCRLLA2','H','Guadalajara','Jalisco',1),(72,'TPF1008FASB00072','Bonifacio','Franco','Salinas','1992-03-20','FASB920320HJCRLNA5','H','Guadalajara','Jalisco',1),(73,'TPF1008AEJC00073','Constancia Cándida','Arce','Jara','1992-08-01','AEJC920801MSRRRNA1','M','Hermosillo','Sonora',1),(74,'TPF1008LAMM00074','Marcelo Marcelo','Lagos','Mansilla','1991-11-19','LAMM911119HNTGNRA5','H','Tepic','Nayarit',1),(75,'TPF1008MORI00075','Ignacio','Molina','Rodríguez','1992-06-14','MORI920614HSLLDGA1','H','Mazatlan','Sinaloa',1),(76,'TPF1008AIMC00076','Cristina Aurelia','Ávila','Méndez','1992-04-13','AIMC920413MSRVNRA9','M','Ciudad Obregon','Sonora',1),(77,'TPF1008DICF00077','Fabián','Díaz','Carrizo','1991-12-19','DICF911219HSRZRBA4','H','Ciudad Obregon','Sonora',1),(78,'TPF1008FUBR00078','Rosalba','Fuentes','Blanco','1992-03-17','FUBR920317MSRNLSA5','M','Ciudad Obregon','Sonora',1),(79,'TPF1008EOVH00079','Horacio Cornelio','Escobar','Vergara','1992-10-08','EOVH921008HNTSRRA9','H','Tepic','Nayarit',1),(80,'TPF1008AOOG00080','Gabino','Acosta','Ortiz','1991-10-02','AOOG911002HJCCRBA9','H','Guadalajara','Jalisco',1),(81,'TPF1008CAAF00081','Fabricio Lorenzo','Cabrera','Arce','1991-02-18','CAAF910218HSLBRBA7','H','Culiacan','Sinaloa',1),(82,'AGP1008RIRH00001','Horacio','Ríos','Ramírez','1992-08-18','RIRH920818HSLSMRA6','H','Culiacan','Sinaloa',2),(83,'AGP1008TORL00002','Luz Aurora','Torres','Ruiz','1991-07-03','TORL910703MSRRZZA9','M','Ciudad Obregon','Sonora',2),(84,'AGP1008SAHC00003','Cristina','Sandoval','Hernández','1992-05-16','SAHC920516MSLNRRA9','M','Mazatlan','Sinaloa',2),(85,'AGP1008OIGF00004','Florencio Félix','Olivera','Guerrero','1991-03-12','OIGF910312HSLLRLA6','H','Los Mochis','Sinaloa',2),(86,'AGP1008AEPA00005','Aurelio Marcos','Agüero','Paz','1992-06-15','AEPA920615HSRGZRA1','H','Ciudad Obregon','Sonora',2),(87,'AGP1008GUBA00006','Agustín','Guzmán','Benítez','1991-12-11','GUBA911211HSLZNGA1','H','Los Mochis','Sinaloa',2),(88,'AGP1008AESC00007','Cornelio','Agüero','Sepúlveda','1992-08-20','AESC920820HSRGPRA3','H','Ciudad Obregon','Sonora',2),(89,'AGP1008PEAC00008','Cipriano Benedicto','Pérez','Aguilera','1992-10-17','PEAC921017HNTRGPA1','H','Tepic','Nayarit',2),(90,'AGP1008SACC00009','Camilo Félix','Sandoval','Carrizo','1992-01-03','SACC920103HNTNRMA9','H','Tepic','Nayarit',2),(91,'AGP1008FALA00010','Adriana','Franco','Ledesma','1991-08-05','FALA910805MSLRDDA2','M','Culiacan','Sinaloa',2),(92,'AGP1008DUAF00011','Florencio','Duarte','Acuña','1992-07-23','DUAF920723HSLRCLA2','H','Los Mochis','Sinaloa',2),(93,'AGP1008FICM00012','Martín Pablo','Figueroa','Cabrera','1992-11-10','FICM921110HSRGBRA9','H','Ciudad Obregon','Sonora',2),(94,'AGP1008MEJC00013','Cayetano Félix','Medina','Jiménez','1992-12-13','MEJC921213HSLDMYA8','H','Mazatlan','Sinaloa',2),(95,'AGP1008PEPL00014','Luciano Cecilio','Pérez','Paz','1992-11-07','PEPL921107HSLRZCA1','H','Los Mochis','Sinaloa',2),(96,'AGP1008HEFP00015','Pedro','Hernández','Franco','1991-12-04','HEFP911204HSLRRDA3','H','Mazatlan','Sinaloa',2),(97,'AGP1008MURC00016','Cornelia Candelaria','Muñoz','Rodríguez','1992-09-17','MURC920917MSLXDRA5','M','Los Mochis','Sinaloa',2),(98,'AGP1008RIFN00017','Natalia Angélica','Rivera','Fernández','1992-09-16','RIFN920916MSLVRTA6','M','Los Mochis','Sinaloa',2),(99,'AGP1008SUGC00018','Celestina','Suárez','Guzmán','1992-12-08','SUGC921208MSLRZLA1','M','Los Mochis','Sinaloa',2),(100,'AGP1008FAMY00019','Yuridia','Franco','Mansilla','1992-09-20','FAMY920920MSRRNRA9','M','Ciudad Obregon','Sonora',2),(101,'AGP1008SECC00020','Cipriano Víctor','Sepúlveda','Castro','1992-08-12','SECC920812HSLPSPA2','H','Los Mochis','Sinaloa',2),(102,'AGP1008CAPF00021','Fausto','Cárdenas','Pérez','1991-04-20','CAPF910420HSRRRSA5','H','Hermosillo','Sonora',2),(103,'AGP1008RAFE00022','Estela Constancia','Ramos','Farías','1992-08-07','RAFE920807MJCMRSA1','M','Zapopan','Jalisco',2),(104,'AGP1008PELG00023','Gloria','Pereyra','Ledesma','1991-03-20','PELG910320MSLRDLA5','M','Mazatlan','Sinaloa',2),(105,'AGP1008AUVM00024','Martín Cecilio','Acuña','Valenzuela','1991-03-13','AUVM910313HSRCLRA6','H','Ciudad Obregon','Sonora',2),(106,'AGP1008JAMM00025','Mauricio','Jara','Morales','1992-02-09','JAMM920209HSLRRRA4','H','Mazatlan','Sinaloa',2),(107,'AGP1008AARJ00026','Julia','Álvarez','Rivera','1992-03-12','AARJ920312MSLLVLA5','M','Los Mochis','Sinaloa',2),(108,'AGP1008RORF00027','Fabián','Romero','Ramírez','1992-10-14','RORF921014HSLMMBA9','H','Mazatlan','Sinaloa',2),(109,'AGP1008VAFF00028','Florencio','Valdés','Flores','1992-07-24','VAFF920724HNTLLLA3','H','Tepic','Nayarit',2),(110,'AGP1008NACA00029','Aurora Bonifacia','Navarro','Chávez','1991-10-15','NACA911015MSLVHRA8','M','Culiacan','Sinaloa',2),(111,'AGP1008PEGA00030','Adriano Avelino','Pérez','Gallardo','1991-05-07','PEGA910507HJCRLDA6','H','Zapopan','Jalisco',2),(112,'AGP1008VEBR00031','Renata','Velázquez','Benítez','1991-12-05','VEBR911205MJCLNNA9','M','Zapopan','Jalisco',2),(113,'AGP1008VIAC00032','Constantino Genaro','Vidal','Alarcón','1992-09-15','VIAC920915HSLDLNA1','H','Los Mochis','Sinaloa',2),(114,'AGP1008VISC00033','Concepción Amparo','Vidal','Salinas','1992-10-09','VISC921009MNTDLNA6','M','Tepic','Nayarit',2),(115,'AGP1008GURD00034','Domingo','Guzmán','Ríos','1991-04-20','GURD910420HNTZSMA9','H','Tepic','Nayarit',2),(116,'AGP1008DICR00035','Rosalba Consuelo','Díaz','Cortés','1992-01-12','DICR920112MNTZRSA2','M','Tepic','Nayarit',2),(117,'AGP1008PACG00036','Gabino René','Palma','Cárdenas','1992-02-20','PACG920220HSLLRBA9','H','Mazatlan','Sinaloa',2),(118,'AGP1008EIMD00037','Domingo Bonifacio','Espinoza','Martinez','1991-10-05','EIMD911005HSLSRMA3','H','Culiacan','Sinaloa',2),(119,'AGP1008SAOC00038','Cornelio Cruz','Salinas','Ortega','1992-03-25','SAOC920325HSLLRRA6','H','Culiacan','Sinaloa',2),(120,'AGP1008GUOP00039','Paul Julio','Guzmán','Olivera','1991-08-05','GUOP910805HSRZLLA9','H','Ciudad Obregon','Sonora',2),(121,'AGP1008PECF00040','Fermín','Pereyra','Cardozo','1991-02-08','PECF910208HNTRRRA5','H','Tepic','Nayarit',2),(122,'AGP1008JIRY00041','Yolanda','Jiménez','Ríos','1991-10-22','JIRY911022MSLMSLA9','M','Los Mochis','Sinaloa',2),(123,'AGP1008CAAM00042','Marina','Castillo','Ávila','1991-01-10','CAAM910110MSRSVRA2','M','Hermosillo','Sonora',2),(124,'AGP1008VAVC00043','Cayetano Augusto','Vázquez','Vergara','1991-06-22','VAVC910622HSLZRYA1','H','Los Mochis','Sinaloa',2),(125,'AGP1008VEFM00044','Mariana','Vega','Flores','1991-03-06','VEFM910306MSLGLRA1','M','Los Mochis','Sinaloa',2),(126,'AGP1008PATM00045','Marcos Constantino','Paredes','Tapia','1991-11-08','PATM911108HJCRPRA9','H','Guadalajara','Jalisco',2),(127,'AGP1008SUBC00046','Consuelo Gloria','Suárez','Bustamante','1992-03-24','SUBC920324MSLRSNA5','M','Culiacan','Sinaloa',2),(128,'AGP1008AIRM00047','Marina Beatriz','Ávila','Rojas','1992-01-19','AIRM920119MSLVJRA3','M','Culiacan','Sinaloa',2),(129,'AGP1008AUFC00048','Clemente Vicente','Aguilera','Flores','1991-02-10','AUFC910210HSRGLLA3','H','Ciudad Obregon','Sonora',2),(130,'AGP1008CALB00049','Beatriz Aurelia','Cárdenas','Ledesma','1992-06-25','CALB920625MSLRDTA2','M','Los Mochis','Sinaloa',2),(131,'AGP1008SOFA00050','Angélica Natalia','Soto','Fernández','1991-12-18','SOFA911218MSRTRNA4','M','Ciudad Obregon','Sonora',2),(132,'AGP1008MUAC00051','Cipriano','Muñoz','Alarcón','1992-10-18','MUAC921018HSLXLPA5','H','Los Mochis','Sinaloa',2),(133,'AGP1008SOAA00052','Angélica','Soto','Álvarez','1992-06-08','SOAA920608MJCTLNA6','M','Zapopan','Jalisco',2),(134,'AGP1008TADP00053','Pedro','Tapia','Domínguez','1991-08-21','TADP910821HSLPMDA6','H','Culiacan','Sinaloa',2),(135,'AGP1008GADB00054','Beatriz','García','Domínguez','1991-08-17','GADB910817MJCRMTA4','M','Guadalajara','Jalisco',2),(136,'AGP1008GACB00055','Benedicto','García','Campos','1992-11-05','GACB921105HNTRMNA5','H','Tepic','Nayarit',2),(137,'AGP1008AACA00056','Aurora','Alvarado','Córdoba','1991-08-04','AACA910804MNTLRRA7','M','Tepic','Nayarit',2),(138,'AGP1008RURC00057','Claudio','Ruiz','Rivera','1991-10-03','RURC911003HSLZVLA8','H','Mazatlan','Sinaloa',2),(139,'AGP1008SAVA00058','Altagracia','Sandoval','Vidal','1991-05-13','SAVA910513MSLNDLA2','M','Mazatlan','Sinaloa',2),(140,'AGP1008SANE00059','Estela','Salazar','Navarro','1991-01-24','SANE910124MSLLVSA9','M','Los Mochis','Sinaloa',2),(141,'AGP1008HEAA00060','Agustína','Herrera','Arce','1991-07-01','HEAA910701MJCRRGA5','M','Guadalajara','Jalisco',2),(142,'AGP1008MUGA00061','Aurelio Celestino','Muñoz','Gutiérrez','1992-11-04','MUGA921104HSLXTRA4','H','Mazatlan','Sinaloa',2),(143,'AGP1008BAMA00062','Amparo Estela','Barrios','Maldonado','1992-03-02','BAMA920302MNTRLMA9','M','Tepic','Nayarit',2),(144,'AGP1008GUAM00063','Mariano','Guerrero','Álvarez','1991-09-19','GUAM910919HJCRLRA7','H','Guadalajara','Jalisco',2),(145,'AGP1008FARC00064','Claudio Cornelio','Franco','Ruiz','1991-08-09','FARC910809HJCRZLA1','H','Guadalajara','Jalisco',2),(146,'AGP1008DORC00065','Cándida Bonifacia','Domínguez','Ríos','1991-09-03','DORC910903MSRMSNA8','M','Hermosillo','Sonora',2),(147,'AGP1008JICC00066','Cándido Camilo','Jiménez','Campos','1991-04-22','JICC910422HSRMMNA3','H','Hermosillo','Sonora',2),(148,'AGP1008LOBY00067','Yuridia','López','Barrios','1991-03-23','LOBY910323MSRPRRA2','M','Ciudad Obregon','Sonora',2),(149,'AGP1008FEHA00068','Aurora Claudia','Fernández','Herrera','1992-08-25','FEHA920825MSLRRRA6','M','Culiacan','Sinaloa',2),(150,'AGP1008CAAV00069','Verónica Victoria','Cárdenas','Acuña','1991-10-17','CAAV911017MSRRCRA2','M','Hermosillo','Sonora',2),(151,'AGP1008VEDF00070','Florencia','Vergara','Duarte','1991-08-21','VEDF910821MSRRRLA5','M','Hermosillo','Sonora',2),(152,'AGP1008CAJC00071','Caridad Patricia','Castro','Juárez','1991-11-20','CAJC911120MSRSRRA2','M','Hermosillo','Sonora',2),(153,'AGP1008DURC00072','Cecilia Fabiana','Duarte','Ríos','1991-02-21','DURC910221MJCRSCA4','M','Zapopan','Jalisco',2),(154,'AGP1008FORE00073','Estela Rosalba','Flores','Ramos','1992-02-23','FORE920223MSLLMSA8','M','Los Mochis','Sinaloa',2),(155,'AGP1008SAOF00074','Félix Víctor','Sandoval','Olivares','1992-06-24','SAOF920624HSRNLLA3','H','Ciudad Obregon','Sonora',2),(156,'AGP1008GUCB00075','Benito Marcos','Guerrero','Cabrera','1991-05-09','GUCB910509HNTRBNA8','H','Tepic','Nayarit',2),(157,'AGP1008COOD00076','Desiderio','Córdoba','Ortega','1991-10-21','COOD911021HJCRRSA4','H','Zapopan','Jalisco',2),(158,'AGP1008OIQC00077','Casto Julio','Olivera','Quiroga','1992-12-10','OIQC921210HSLLRSA8','H','Mazatlan','Sinaloa',2),(159,'AGP1008OESA00078','Amadeo','Ortega','Suárez','1991-05-07','OESA910507HNTRRMA9','H','Tepic','Nayarit',2),(160,'AGP1008AUTF00079','Florencia Norma','Aguilera','Tapia','1991-11-15','AUTF911115MSLGPLA8','M','Mazatlan','Sinaloa',2),(161,'AGP1008CARM00080','Marcelo','Castillo','Ríos','1992-12-09','CARM921209HSLSSRA3','H','Culiacan','Sinaloa',2),(162,'AGP1008MOSJ00081','Julián','Moreno','Soto','1991-08-09','MOSJ910809HJCRTLA4','H','Zapopan','Jalisco',2),(163,'BIO1008RIPG00001','Genaro','Rivera','Pérez','1992-02-08','RIPG920208HSLVRNA9','H','Culiacan','Sinaloa',3),(164,'BIO1008LAOC00002','Cándida','Lagos','Olivera','1991-08-18','LAOC910818MJCGLNA4','M','Zapopan','Jalisco',3),(165,'BIO1008PALA00003','Amparo Verónica','Palma','Luna','1991-05-04','PALA910504MSLLNMA7','M','Culiacan','Sinaloa',3),(166,'BIO1008LECA00004','Augusto','Ledesma','Campos','1991-07-25','LECA910725HSLDMGA7','H','Mazatlan','Sinaloa',3),(167,'BIO1008HERC00005','Cecilia','Hernández','Rojas','1992-03-09','HERC920309MSRRJCA7','M','Hermosillo','Sonora',3),(168,'BIO1008VAOC00006','Constantino Clemente','Valenzuela','Olivera','1991-08-15','VAOC910815HSRLLNA3','H','Hermosillo','Sonora',3),(169,'BIO1008VAMA00007','Adrián','Valenzuela','Montenegro','1992-09-23','VAMA920923HSRLNDA3','H','Ciudad Obregon','Sonora',3),(170,'BIO1008ROMX00008','Ximena','Rojas','Montenegro','1992-01-12','ROMX920112MNTJNMA4','M','Tepic','Nayarit',3),(171,'BIO1008SEVR00009','Román','Sepúlveda','Venegas','1991-06-21','SEVR910621HJCPNMA1','H','Zapopan','Jalisco',3),(172,'BIO1008MAGL00010','Laura','Martinez','González','1991-06-02','MAGL910602MNTRNRA6','M','Tepic','Nayarit',3),(173,'BIO1008AUER00011','Rosalba','Acuña','Escobar','1992-07-16','AUER920716MSLCSSA2','M','Mazatlan','Sinaloa',3),(174,'BIO1008VAEC00012','Camila Camila','Vázquez','Espinoza','1991-01-05','VAEC910105MJCZSMA4','M','Zapopan','Jalisco',3),(175,'BIO1008AIFS00013','Silvia','Arias','Fuentes','1991-09-09','AIFS910909MJCRNLA2','M','Zapopan','Jalisco',3),(176,'BIO1008LAAJ00014','Julio Gabino','Lagos','Arias','1992-06-02','LAAJ920602HSLGRLA2','H','Mazatlan','Sinaloa',3),(177,'BIO1008VEMF00015','Faustino','Velázquez','Moreno','1991-11-04','VEMF911104HSRLRSA7','H','Hermosillo','Sonora',3),(178,'BIO1008NAVC00016','Celestina','Navarro','Vargas','1992-02-17','NAVC920217MSLVRLA4','M','Mazatlan','Sinaloa',3),(179,'BIO1008PACC00017','Candelaria Amparo','Palma','Cortés','1992-02-06','PACC920206MNTLRNA8','M','Tepic','Nayarit',3),(180,'BIO1008BAAA00018','Antonino','Barrios','Aguilera','1991-04-03','BAAA910403HSRRGNA3','H','Ciudad Obregon','Sonora',3),(181,'BIO1008BAPP00019','Patricia Cornelia','Blanco','Paredes','1991-10-25','BAPP911025MJCLRTA7','M','Zapopan','Jalisco',3),(182,'BIO1008ROMA00020','Asunción','Rojas','Morales','1991-04-24','ROMA910424MSRJRSA2','M','Hermosillo','Sonora',3),(183,'BIO1008CAOC00021','Celestina','Carrasco','Ortega','1991-05-22','CAOC910522MSLRRLA5','M','Culiacan','Sinaloa',3),(184,'BIO1008AEMA00022','Adrián','Agüero','Martinez','1991-04-03','AEMA910403HSLGRDA7','H','Los Mochis','Sinaloa',3),(185,'BIO1008DOSC00023','Clementina Consuelo','Domínguez','Sepúlveda','1991-12-19','DOSC911219MSLMPLA4','M','Culiacan','Sinaloa',3),(186,'BIO1008CANA00024','Adriano','Chávez','Navarrete','1991-04-16','CANA910416HSRHVDA3','H','Hermosillo','Sonora',3),(187,'BIO1008PALM00025','Mario','Parra','Lagos','1991-04-19','PALM910419HJCRGRA8','H','Guadalajara','Jalisco',3),(188,'BIO1008NAAC00026','César','Navarrete','Aguilera','1991-04-25','NAAC910425HNTVGSA1','H','Tepic','Nayarit',3),(189,'BIO1008ZUBL00027','Luciano','Zúñiga','Barrios','1991-04-13','ZUBL910413HSRXRCA1','H','Ciudad Obregon','Sonora',3),(190,'BIO1008VACC00028','Constancia Rosalba','Valdés','Córdoba','1991-12-02','VACC911202MSLLRNA1','M','Culiacan','Sinaloa',3),(191,'BIO1008AUAJ00029','Julia Antonina','Aguilera','Agüero','1991-07-05','AUAJ910705MSLGGLA7','M','Culiacan','Sinaloa',3),(192,'BIO1008SEMA00030','Altagracia Valentina','Sepúlveda','Maldonado','1991-01-18','SEMA910118MSRPLLA8','M','Hermosillo','Sonora',3),(193,'BIO1008HEVR00031','Rocío Agustína','Hernández','Vergara','1992-04-07','HEVR920407MSLRRCA1','M','Los Mochis','Sinaloa',3),(194,'BIO1008PODF00032','Facundo Cándido','Ponce','Domínguez','1992-11-07','PODF921107HSLNMCA2','H','Mazatlan','Sinaloa',3),(195,'BIO1008LOZP00033','Patricio','López','Zúñiga','1991-01-15','LOZP910115HSRPXTA5','H','Hermosillo','Sonora',3),(196,'BIO1008AOVL00034','Lorenzo','Acosta','Vázquez','1992-05-11','AOVL920511HSRCZRA4','H','Ciudad Obregon','Sonora',3),(197,'BIO1008CAEL00035','Lucía Renata','Cárdenas','Espinoza','1992-03-23','CAEL920323MSLRSCA8','M','Culiacan','Sinaloa',3),(198,'BIO1008VETS00036','Silvia Renata','Venegas','Torres','1991-05-08','VETS910508MSLNRLA1','M','Los Mochis','Sinaloa',3),(199,'BIO1008SOAC00037','Cornelia Silvia','Soto','Acosta','1991-05-14','SOAC910514MSLTCRA8','M','Los Mochis','Sinaloa',3),(200,'BIO1008FAQA00038','Avelino','Farías','Quiroga','1992-05-09','FAQA920509HSLRRVA9','H','Mazatlan','Sinaloa',3),(201,'BIO1008GACC00039','Clementina Rocío','Gallardo','Cárdenas','1991-01-23','GACC910123MSLLRLA4','M','Mazatlan','Sinaloa',3),(202,'BIO1008OECA00040','Adriano','Ortega','Campos','1991-05-06','OECA910506HSRRMDA1','H','Hermosillo','Sonora',3),(203,'BIO1008AARC00041','Casto','Alvarado','Romero','1991-01-10','AARC910110HSLLMSA7','H','Culiacan','Sinaloa',3),(204,'BIO1008OIDR00042','Renata','Olivera','Domínguez','1992-10-20','OIDR921020MSLLMNA4','M','Mazatlan','Sinaloa',3),(205,'BIO1008MAML00043','Leticia','Maldonado','Moreno','1991-10-14','MAML911014MNTLRTA9','M','Tepic','Nayarit',3),(206,'BIO1008RUFP00044','Patricia','Ruiz','Farías','1992-09-07','RUFP920907MSRZRTA3','M','Ciudad Obregon','Sonora',3),(207,'BIO1008LOJC00045','Camila','López','Jara','1991-01-18','LOJC910118MSRPRMA3','M','Hermosillo','Sonora',3),(208,'BIO1008VESM00046','Marcos Mario','Vergara','Salinas','1991-09-22','VESM910922HJCRLRA8','H','Zapopan','Jalisco',3),(209,'BIO1008SIDC00047','Claudio','Silva','Duarte','1992-10-24','SIDC921024HSLLRLA8','H','Los Mochis','Sinaloa',3),(210,'BIO1008VIAR00048','Rosalba Fabiana','Vidal','Acuña','1992-03-18','VIAR920318MSLDCSA7','M','Culiacan','Sinaloa',3),(211,'BIO1008CAAY00049','Yolanda Patricia','Chávez','Aguirre','1992-02-07','CAAY920207MJCHGLA1','M','Zapopan','Jalisco',3),(212,'BIO1008OEVL00050','Leticia Victoria','Ojeda','Vázquez','1991-07-07','OEVL910707MSLJZTA7','M','Culiacan','Sinaloa',3),(213,'BIO1008GOYV00051','Vicente','González','Yáñez','1991-09-15','GOYV910915HNTNXCA9','H','Tepic','Nayarit',3),(214,'BIO1008PESA00052','Antonino','Peralta','Sepúlveda','1991-04-09','PESA910409HSLRPNA4','H','Mazatlan','Sinaloa',3),(215,'BIO1008BEGC00053','Cristian','Benítez','Gutiérrez','1992-04-25','BEGC920425HJCNTRA1','H','Zapopan','Jalisco',3),(216,'BIO1008CABC00054','Camila','Campos','Benítez','1992-04-13','CABC920413MJCMNMA4','M','Zapopan','Jalisco',3),(217,'BIO1008AISA00055','Antonina','Ávila','Sánchez','1991-10-03','AISA911003MSLVNNA5','M','Los Mochis','Sinaloa',3),(218,'BIO1008FACO00056','Olivia Diana','Farías','Chávez','1992-02-11','FACO920211MNTRHLA7','M','Tepic','Nayarit',3),(219,'BIO1008LERL00057','Leticia Avelina','Leiva','Rodríguez','1991-09-23','LERL910923MNTVDTA6','M','Tepic','Nayarit',3),(220,'BIO1008AECA00058','Angélica Silvia','Arce','Castillo','1992-08-11','AECA920811MSRRSNA7','M','Hermosillo','Sonora',3),(221,'BIO1008JISM00059','Mariana Clementina','Jiménez','Soto','1991-09-18','JISM910918MSLMTRA8','M','Los Mochis','Sinaloa',3),(222,'BIO1008CARM00060','Martín','Carrizo','Rojas','1991-09-14','CARM910914HJCRJRA5','H','Guadalajara','Jalisco',3),(223,'BIO1008NAVC00061','Cristina Claudia','Navarro','Vega','1992-05-08','NAVC920508MSRVGRA2','M','Ciudad Obregon','Sonora',3),(224,'BIO1008AOPJ00062','Julián Celso','Acosta','Peralta','1992-11-21','AOPJ921121HSRCRLA7','H','Hermosillo','Sonora',3),(225,'BIO1008PEOB00063','Bonifacia Cecilia','Peña','Ortega','1992-07-21','PEOB920721MSRXRNA8','M','Hermosillo','Sonora',3),(226,'BIO1008VEAC00064','Caridad','Velázquez','Arce','1991-06-02','VEAC910602MNTLRRA5','M','Tepic','Nayarit',3),(227,'BIO1008VEHF00065','Flor Angélica','Velázquez','Hernández','1992-12-08','VEHF921208MSLLRLA1','M','Mazatlan','Sinaloa',3),(228,'BIO1008LALA00066','Alba Olivia','Lagos','Luna','1991-12-03','LALA911203MJCGNLA5','M','Guadalajara','Jalisco',3),(229,'BIO1008CAMO00067','Olivia','Chávez','Muñoz','1992-12-17','CAMO921217MSRHXLA6','M','Ciudad Obregon','Sonora',3),(230,'BIO1008FAVC00068','Cecilio Mariano','Farías','Vidal','1992-11-05','FAVC921105HSLRDCA7','H','Los Mochis','Sinaloa',3),(231,'BIO1008OIAB00069','Beatriz','Ortiz','Arias','1992-01-19','OIAB920119MSLRRTA5','M','Culiacan','Sinaloa',3),(232,'BIO1008VAGI00070','Ignacio','Valdés','García','1991-01-21','VAGI910121HSLLRGA7','H','Culiacan','Sinaloa',3),(233,'BIO1008GAZF00071','Fidel Faustino','García','Zúñiga','1991-07-16','GAZF910716HJCRXDA4','H','Guadalajara','Jalisco',3),(234,'BIO1008SOOM00072','Martín Gabino','Soto','Ojeda','1991-08-23','SOOM910823HSLTJRA8','H','Culiacan','Sinaloa',3),(235,'BIO1008SEGD00073','Dolores','Sepúlveda','Gómez','1992-04-02','SEGD920402MJCPMLA1','M','Zapopan','Jalisco',3),(236,'BIO1008SURP00074','Pablo','Suárez','Rojas','1991-10-14','SURP911014HSLRJBA1','H','Los Mochis','Sinaloa',3),(237,'BIO1008PEVA00075','Aurora','Peralta','Valdez','1991-12-07','PEVA911207MSLRLRA4','M','Mazatlan','Sinaloa',3),(238,'BIO1008LUCL00076','Laura Lucía','Luna','Campos','1991-04-10','LUCL910410MSRNMRA7','M','Ciudad Obregon','Sonora',3),(239,'BIO1008NABF00077','Facundo Julián','Navarro','Barrios','1992-12-23','NABF921223HSRVRCA1','H','Hermosillo','Sonora',3),(240,'BIO1008AILY00078','Yolanda Yolanda','Ávila','Lagos','1991-08-08','AILY910808MSLVGLA8','M','Los Mochis','Sinaloa',3),(241,'BIO1008LESM00079','Mario','Leiva','Sepúlveda','1992-04-09','LESM920409HSRVPRA8','H','Ciudad Obregon','Sonora',3),(242,'BIO1008PAEA00080','Avelina Verónica','Parra','Espinoza','1991-01-17','PAEA910117MSLRSVA5','M','Los Mochis','Sinaloa',3),(243,'BIO1008PABB00081','Benito','Parra','Bustos','1992-05-09','PABB920509HJCRSNA6','H','Guadalajara','Jalisco',3),(244,'INF1008FIVP00001','Paula','Figueroa','Valdez','1992-08-05','FIVP920805MSLGLLA8','M','Mazatlan','Sinaloa',4),(245,'INF1008BUGM00002','Mario Adriano','Bustamante','Gallardo','1992-01-21','BUGM920121HJCSLRA2','H','Zapopan','Jalisco',4),(246,'INF1008AEMN00003','Natalia Marina','Arce','Mendoza','1991-06-13','AEMN910613MSLRNTA9','M','Culiacan','Sinaloa',4),(247,'INF1008GABM00004','Marina Alba','García','Bustos','1991-11-19','GABM911119MSRRSRA5','M','Ciudad Obregon','Sonora',4),(248,'INF1008EOCN00005','Natalia Ximena','Escobar','Campos','1992-04-19','EOCN920419MSLSMTA8','M','Los Mochis','Sinaloa',4),(249,'INF1008TAOO00006','Octavio','Tapia','Ortiz','1991-11-11','TAOO911111HSLPRCA3','H','Los Mochis','Sinaloa',4),(250,'INF1008PACE00007','Esperanza','Paredes','Cardozo','1992-07-13','PACE920713MSRRRSA5','M','Hermosillo','Sonora',4),(251,'INF1008CAAF00008','Fidel Octavio','Carrasco','Ávila','1991-07-06','CAAF910706HSRRVDA8','H','Hermosillo','Sonora',4),(252,'INF1008MOBY00009','Yuridia Victoria','Morales','Blanco','1991-09-06','MOBY910906MSRRLRA6','M','Ciudad Obregon','Sonora',4),(253,'INF1008BUGA00010','Araceli','Bustos','Gómez','1992-01-25','BUGA920125MSLSMRA1','M','Los Mochis','Sinaloa',4),(254,'INF1008MURO00011','Olivia','Muñoz','Rivera','1992-06-05','MURO920605MJCXVLA7','M','Guadalajara','Jalisco',4),(255,'INF1008BABC00012','Constantino Mariano','Blanco','Benítez','1992-09-25','BABC920925HNTLNNA5','H','Tepic','Nayarit',4),(256,'INF1008MAVA00013','Augusto Marcelino','Martinez','Vargas','1992-11-08','MAVA921108HSLRRGA6','H','Culiacan','Sinaloa',4),(257,'INF1008CARO00014','Octavio','Cardozo','Ramírez','1991-02-16','CARO910216HSLRMCA5','H','Mazatlan','Sinaloa',4),(258,'INF1008PAMC00015','César Fermín','Parra','Molina','1991-03-14','PAMC910314HJCRLSA6','H','Guadalajara','Jalisco',4),(259,'INF1008MOQF00016','Faustino','Moreno','Quiroga','1992-11-04','MOQF921104HJCRRSA5','H','Zapopan','Jalisco',4),(260,'INF1008PAAS00017','Salvador Genaro','Palma','Arce','1992-03-24','PAAS920324HSLLRLA2','H','Mazatlan','Sinaloa',4),(261,'INF1008CANC00018','Cornelio','Castro','Núñez','1992-10-16','CANC921016HJCSXRA8','H','Zapopan','Jalisco',4),(262,'INF1008FURG00019','Gloria','Fuentes','Ríos','1992-03-20','FURG920320MSRNSLA6','M','Hermosillo','Sonora',4),(263,'INF1008EIZA00020','Aurora Julia','Espinoza','Zúñiga','1992-02-18','EIZA920218MSLSXRA5','M','Culiacan','Sinaloa',4),(264,'INF1008VERF00021','Félix','Venegas','Ramos','1992-01-20','VERF920120HSRNMLA8','H','Hermosillo','Sonora',4),(265,'INF1008JIMA00022','Alba','Jiménez','Maldonado','1991-10-22','JIMA911022MJCMLLA7','M','Zapopan','Jalisco',4),(266,'INF1008VAFA00023','Amadeo','Valdez','Franco','1991-03-22','VAFA910322HSLLRMA5','H','Los Mochis','Sinaloa',4),(267,'INF1008VITC00024','Camila','Vidal','Toledo','1991-02-14','VITC910214MSLDLMA2','M','Mazatlan','Sinaloa',4),(268,'INF1008FIVI00025','Inés','Figueroa','Vega','1992-06-07','FIVI920607MSRGGNA9','M','Ciudad Obregon','Sonora',4),(269,'INF1008JAFA00026','Antonina','Jara','Fernández','1991-11-19','JAFA911119MSLRRNA4','M','Los Mochis','Sinaloa',4),(270,'INF1008GUJM00027','Marina','Guzmán','Juárez','1992-06-18','GUJM920618MJCZRRA6','M','Guadalajara','Jalisco',4),(271,'INF1008VELA00028','Adrián Claudio','Venegas','Ledesma','1992-05-15','VELA920515HJCNDDA4','H','Guadalajara','Jalisco',4),(272,'INF1008CACP00029','Patricio','Campos','Cárdenas','1991-05-13','CACP910513HSLMRTA2','H','Los Mochis','Sinaloa',4),(273,'INF1008VAOC00030','Cecilia','Valdez','Olivares','1992-11-16','VAOC921116MJCLLCA1','M','Zapopan','Jalisco',4),(274,'INF1008COYS00031','Sergio Benedicto','Córdoba','Yáñez','1992-02-05','COYS920205HSLRXRA1','H','Los Mochis','Sinaloa',4),(275,'INF1008DOVA00032','Amanda Natalia','Domínguez','Valdez','1992-09-17','DOVA920917MSLMLMA4','M','Culiacan','Sinaloa',4),(276,'INF1008PAGC00033','Camila Paloma','Paredes','González','1991-12-16','PAGC911216MSRRNMA5','M','Hermosillo','Sonora',4),(277,'INF1008AEGL00034','Lucía','Agüero','Guzmán','1991-09-21','AEGL910921MSLGZCA5','M','Los Mochis','Sinaloa',4),(278,'INF1008CARC00035','Claudia','Castillo','Reyes','1992-04-23','CARC920423MSLSYLA8','M','Culiacan','Sinaloa',4),(279,'INF1008AANM00036','Marcos Constantino','Alarcón','Navarrete','1991-05-16','AANM910516HJCLVRA1','H','Zapopan','Jalisco',4),(280,'INF1008COPC00037','Cecilia','Córdoba','Peralta','1991-03-20','COPC910320MSLRRCA8','M','Los Mochis','Sinaloa',4),(281,'INF1008GOMS00038','Salvador','Gómez','Morales','1992-01-10','GOMS920110HNTMRLA2','H','Tepic','Nayarit',4),(282,'INF1008FARV00039','Virginia','Farías','Ruiz','1992-05-13','FARV920513MJCRZRA7','M','Guadalajara','Jalisco',4),(283,'INF1008MOSF00040','Florencia','Molina','Sandoval','1992-03-08','MOSF920308MSLLNLA2','M','Culiacan','Sinaloa',4),(284,'INF1008TOLH00041','Horacio','Toledo','López','1992-10-22','TOLH921022HJCLPRA8','H','Guadalajara','Jalisco',4),(285,'INF1008RIGC00042','Cruz Celso','Rivera','Guerrero','1991-09-01','RIGC910901HSLVRRA4','H','Mazatlan','Sinaloa',4),(286,'INF1008RIBV00043','Virginia','Rivera','Bustos','1991-10-16','RIBV911016MSRVSRA1','M','Hermosillo','Sonora',4),(287,'INF1008CAGA00044','Adriano Camilo','Castillo','García','1991-11-12','CAGA911112HJCSRDA6','H','Zapopan','Jalisco',4),(288,'INF1008ZUAA00045','Amadeo','Zúñiga','Arias','1992-05-03','ZUAA920503HJCXRMA2','H','Zapopan','Jalisco',4),(289,'INF1008ROVV00046','Victoria','Rojas','Vega','1991-06-04','ROVV910604MNTJGCA7','M','Tepic','Nayarit',4),(290,'INF1008JACA00047','Amado','Jara','Carrizo','1992-02-06','JACA920206HSRRRMA5','H','Hermosillo','Sonora',4),(291,'INF1008BAMM00048','Marcelo','Barrios','Mendoza','1991-04-17','BAMM910417HJCRNRA8','H','Guadalajara','Jalisco',4),(292,'INF1008TOLE00049','Estela Angélica','Torres','Leiva','1992-06-16','TOLE920616MSRRVSA1','M','Hermosillo','Sonora',4),(293,'INF1008GOAC00050','Cándida Aurora','González','Alarcón','1992-09-15','GOAC920915MSRNLNA8','M','Ciudad Obregon','Sonora',4),(294,'INF1008MAOC00051','Celso','Martinez','Ortega','1992-04-22','MAOC920422HJCRRLA9','H','Guadalajara','Jalisco',4),(295,'INF1008CAMC00052','Camila Leticia','Cardozo','Medina','1992-03-16','CAMC920316MNTRDMA2','M','Tepic','Nayarit',4),(296,'INF1008AIPR00053','Román','Arias','Peralta','1992-05-07','AIPR920507HSLRRMA4','H','Los Mochis','Sinaloa',4),(297,'INF1008LUEF00054','Félix','Luna','Espinoza','1992-05-07','LUEF920507HJCNSLA3','H','Guadalajara','Jalisco',4),(298,'INF1008VEOD00055','Dolores','Vega','Ojeda','1991-12-19','VEOD911219MSLGJLA5','M','Los Mochis','Sinaloa',4),(299,'INF1008RESA00056','Alba Celestina','Reyes','Silva','1991-05-06','RESA910506MJCYLLA5','M','Zapopan','Jalisco',4),(300,'INF1008MARI00057','Ignacio','Martinez','Ruiz','1991-06-16','MARI910616HSLRZGA4','H','Mazatlan','Sinaloa',4),(301,'INF1008VAGF00058','Fabiana Candelaria','Valdés','García','1992-05-20','VAGF920520MSLLRBA3','M','Los Mochis','Sinaloa',4),(302,'INF1008MALA00059','Antonino Cruz','Martinez','Leiva','1992-05-22','MALA920522HNTRVNA4','H','Tepic','Nayarit',4),(303,'INF1008AOVV00060','Virginia','Acosta','Vidal','1991-03-20','AOVV910320MSRCDRA5','M','Ciudad Obregon','Sonora',4),(304,'INF1008NUDD00061','Desiderio Domingo','Núñez','Domínguez','1992-12-16','NUDD921216HNTXMSA5','H','Tepic','Nayarit',4),(305,'INF1008AEVS00062','Silvia Cornelia','Agüero','Valdez','1991-12-01','AEVS911201MSRGLLA8','M','Hermosillo','Sonora',4),(306,'INF1008AITC00063','Cándida','Arias','Torres','1992-02-09','AITC920209MJCRRNA9','M','Guadalajara','Jalisco',4),(307,'INF1008MOPB00064','Bonifacia','Molina','Palma','1991-06-10','MOPB910610MSRLLNA5','M','Hermosillo','Sonora',4),(308,'INF1008PESA00065','Agustína','Peralta','Salazar','1991-09-12','PESA910912MNTRLGA1','M','Tepic','Nayarit',4),(309,'INF1008SAOA00066','Adriana','Salazar','Ortega','1991-03-07','SAOA910307MJCLRDA7','M','Guadalajara','Jalisco',4),(310,'INF1008VAPC00067','Claudio','Valdez','Palma','1991-01-18','VAPC910118HJCLLLA7','H','Guadalajara','Jalisco',4),(311,'INF1008LAMR00068','Renata','Lagos','Moreno','1992-07-18','LAMR920718MNTGRNA6','M','Tepic','Nayarit',4),(312,'INF1008SOAV00069','Valentina Angélica','Soto','Alarcón','1991-11-21','SOAV911121MJCTLLA2','M','Zapopan','Jalisco',4),(313,'INF1008LEPY00070','Yuridia Lucía','Leiva','Palma','1991-11-06','LEPY911106MSRVLRA8','M','Ciudad Obregon','Sonora',4),(314,'INF1008RALA00071','Angélica','Ramírez','Leiva','1991-09-21','RALA910921MJCMVNA5','M','Zapopan','Jalisco',4),(315,'INF1008SICI00072','Ignacio Amado','Silva','Cardozo','1992-07-22','SICI920722HSRLRGA3','H','Hermosillo','Sonora',4),(316,'INF1008TAAP00073','Paula Cristina','Tapia','Agüero','1992-01-16','TAAP920116MSLPGLA9','M','Los Mochis','Sinaloa',4),(317,'INF1008TORC00074','Cayetano','Torres','Ramírez','1992-03-22','TORC920322HJCRMYA4','H','Guadalajara','Jalisco',4),(318,'INF1008VACC00075','Celso','Valdez','Castro','1991-02-04','VACC910204HSLLSLA9','H','Los Mochis','Sinaloa',4),(319,'INF1008NAMC00076','Claudio','Navarrete','Muñoz','1991-10-14','NAMC911014HJCVXLA9','H','Zapopan','Jalisco',4),(320,'INF1008COVR00077','Rocío Camila','Cortés','Vásquez','1991-06-04','COVR910604MSRRSCA7','M','Hermosillo','Sonora',4),(321,'INF1008OIVC00078','Cristina Patricia','Ortiz','Vega','1991-01-15','OIVC910115MSLRGRA9','M','Mazatlan','Sinaloa',4),(322,'INF1008AIGC00079','Cecilio Cándido','Arias','Gallardo','1992-01-14','AIGC920114HSLRLCA8','H','Mazatlan','Sinaloa',4),(323,'INF1008POSH00080','Horacio','Ponce','Sepúlveda','1991-10-11','POSH911011HJCNPRA5','H','Zapopan','Jalisco',4),(324,'INF1008VACC00081','Cayetano','Valenzuela','Chávez','1991-10-09','VACC911009HNTLHYA2','H','Tepic','Nayarit',4),(325,'INF1008MOBM00082','Martín','Moreno','Bravo','1992-05-11','MOBM920511HSLRRRA8','H','Los Mochis','Sinaloa',4),(326,'INF1008BAVL00083','Laura','Blanco','Valdez','1992-08-21','BAVL920821MSLLLRA1','M','Mazatlan','Sinaloa',4),(327,'INF1008JILF00084','Flor','Jiménez','Lagos','1991-09-14','JILF910914MJCMGLA9','M','Guadalajara','Jalisco',4),(328,'INF1008HERN00085','Norma','Herrera','Reyes','1992-09-06','HERN920906MSLRYRA3','M','Los Mochis','Sinaloa',4),(329,'INF1008TOVF00086','Fermín Martín','Torres','Vergara','1992-10-08','TOVF921008HJCRRRA2','H','Zapopan','Jalisco',4),(330,'INF1008YANM00087','Mariana Hortensia','Yáñez','Navarrete','1991-01-11','YANM910111MSRXVRA1','M','Hermosillo','Sonora',4),(331,'MEC1008FONA00001','Amador','Flores','Núñez','1991-11-03','FONA911103HJCLXMA6','H','Zapopan','Jalisco',5),(332,'MEC1008FOCM00002','Mariano','Flores','Castillo','1991-05-21','FOCM910521HSRLSRA2','H','Ciudad Obregon','Sonora',5),(333,'MEC1008VANA00003','Amparo Renata','Vásquez','Navarrete','1992-03-17','VANA920317MSLSVMA5','M','Culiacan','Sinaloa',5),(334,'MEC1008REPV00004','Virginia Mariana','Reyes','Paz','1991-11-20','REPV911120MSLYZRA5','M','Culiacan','Sinaloa',5),(335,'MEC1008OIRC00005','Cristina','Ortiz','Ruiz','1991-05-07','OIRC910507MSLRZRA1','M','Los Mochis','Sinaloa',5),(336,'MEC1008VADC00006','Concepción','Vázquez','Díaz','1991-02-09','VADC910209MSLZZNA5','M','Los Mochis','Sinaloa',5),(337,'MEC1008JIAY00007','Yuridia Verónica','Jiménez','Álvarez','1991-09-07','JIAY910907MSLMLRA2','M','Los Mochis','Sinaloa',5),(338,'MEC1008RURR00008','Rocío Gloria','Ruiz','Rojas','1992-09-14','RURR920914MSLZJCA8','M','Culiacan','Sinaloa',5),(339,'MEC1008VACE00009','Estela Victoria','Vázquez','Castro','1991-04-07','VACE910407MJCZSSA4','M','Zapopan','Jalisco',5),(340,'MEC1008MEDH00010','Horacio','Medina','Díaz','1992-10-01','MEDH921001HSRDZRA5','H','Ciudad Obregon','Sonora',5),(341,'MEC1008DOSA00011','Agustína','Domínguez','Soto','1991-11-11','DOSA911111MSRMTGA4','M','Ciudad Obregon','Sonora',5),(342,'MEC1008ROAV00012','Valentina Flor','Rodríguez','Acosta','1992-07-04','ROAV920704MJCDCLA6','M','Zapopan','Jalisco',5),(343,'MEC1008COVC00013','Cecilio','Córdoba','Vergara','1991-02-19','COVC910219HSLRRCA1','H','Culiacan','Sinaloa',5),(344,'MEC1008FIRI00014','Inés Leticia','Figueroa','Rojas','1992-11-13','FIRI921113MSRGJNA1','M','Ciudad Obregon','Sonora',5),(345,'MEC1008SOMM00015','Mariano','Soto','Méndez','1991-05-07','SOMM910507HSRTNRA4','H','Hermosillo','Sonora',5),(346,'MEC1008CASS00016','Silvia Renata','Castro','Salazar','1991-09-15','CASS910915MSRSLLA2','M','Ciudad Obregon','Sonora',5),(347,'MEC1008QUNA00017','Altagracia Patricia','Quiroga','Núñez','1992-10-25','QUNA921025MSRRXLA2','M','Ciudad Obregon','Sonora',5),(348,'MEC1008MOBA00018','Altagracia','Moreno','Bravo','1991-09-10','MOBA910910MJCRRLA5','M','Guadalajara','Jalisco',5),(349,'MEC1008YAAA00019','Aurelia','Yáñez','Álvarez','1991-01-18','YAAA910118MSLXLRA5','M','Los Mochis','Sinaloa',5),(350,'MEC1008SASV00020','Victoria','Sánchez','Sandoval','1992-04-12','SASV920412MJCNNCA8','M','Zapopan','Jalisco',5),(351,'MEC1008SOOF00021','Fabiana Mariana','Soto','Ortiz','1992-06-25','SOOF920625MSRTRBA9','M','Hermosillo','Sonora',5),(352,'MEC1008MERM00022','Martín Cayetano','Mendoza','Rojas','1992-09-01','MERM920901HNTNJRA8','H','Tepic','Nayarit',5),(353,'MEC1008RAPP00023','Paula Estela','Ramos','Pérez','1992-04-05','RAPP920405MSLMRLA1','M','Mazatlan','Sinaloa',5),(354,'MEC1008AIVL00024','Lucía Constancia','Arias','Venegas','1991-02-19','AIVL910219MSLRNCA8','M','Los Mochis','Sinaloa',5),(355,'MEC1008JUGS00025','Silvia','Juárez','Gutiérrez','1992-04-19','JUGS920419MSLRTLA4','M','Los Mochis','Sinaloa',5),(356,'MEC1008MEDA00026','Amado Fidel','Mendoza','Díaz','1991-07-18','MEDA910718HSRNZMA6','H','Ciudad Obregon','Sonora',5),(357,'MEC1008CAVA00027','Antonino Pedro','Carvajal','Velázquez','1991-12-13','CAVA911213HSLRLNA7','H','Mazatlan','Sinaloa',5),(358,'MEC1008VARC00028','Candelaria Rosalba','Valenzuela','Ramos','1992-09-12','VARC920912MSRLMNA7','M','Ciudad Obregon','Sonora',5),(359,'MEC1008CAMV00029','Víctor','Carrasco','Moreno','1991-01-16','CAMV910116HSLRRCA9','H','Mazatlan','Sinaloa',5),(360,'MEC1008BEFP00030','Patricio','Benítez','Figueroa','1991-01-16','BEFP910116HJCNGTA6','H','Zapopan','Jalisco',5),(361,'MEC1008GUCA00031','Amador','Guerrero','Castro','1992-01-07','GUCA920107HNTRSMA8','H','Tepic','Nayarit',5),(362,'MEC1008SAPL00032','Luz','Salazar','Pino','1991-09-03','SAPL910903MSLLNZA9','M','Los Mochis','Sinaloa',5),(363,'MEC1008AECS00033','Silvia','Agüero','Carvajal','1992-04-25','AECS920425MSRGRLA6','M','Hermosillo','Sonora',5),(364,'MEC1008DIRH00034','Horacio','Díaz','Romero','1991-06-18','DIRH910618HSLZMRA1','H','Culiacan','Sinaloa',5),(365,'MEC1008BAYF00035','Félix Amado','Barrios','Yáñez','1991-02-20','BAYF910220HJCRXLA5','H','Guadalajara','Jalisco',5),(366,'MEC1008VAMF00036','Facundo','Valenzuela','Montenegro','1991-08-04','VAMF910804HSLLNCA4','H','Mazatlan','Sinaloa',5),(367,'MEC1008AURC00037','Cruz','Acuña','Romero','1991-10-14','AURC911014HSLCMRA3','H','Culiacan','Sinaloa',5),(368,'MEC1008SAPV00038','Victoria Valentina','Sánchez','Paz','1992-05-06','SAPV920506MSRNZCA2','M','Ciudad Obregon','Sonora',5),(369,'MEC1008JAJP00039','Paloma Patricia','Jara','Juárez','1991-12-22','JAJP911222MJCRRLA9','M','Guadalajara','Jalisco',5),(370,'MEC1008PISA00040','Augusto Paul','Pino','Sánchez','1992-07-01','PISA920701HSLNNGA9','H','Culiacan','Sinaloa',5),(371,'MEC1008VEBC00041','Cayetano','Velázquez','Blanco','1991-07-16','VEBC910716HJCLLYA3','H','Zapopan','Jalisco',5),(372,'MEC1008SARC00042','Candelaria','Sandoval','Rojas','1992-11-17','SARC921117MJCNJNA3','M','Guadalajara','Jalisco',5),(373,'MEC1008OEZR00043','Renata Rosalba','Ortega','Zúñiga','1991-10-10','OEZR911010MSLRXNA1','M','Culiacan','Sinaloa',5),(374,'MEC1008BALF00044','Fabián','Bravo','Leiva','1991-10-15','BALF911015HJCRVBA2','H','Guadalajara','Jalisco',5),(375,'MEC1008COCA00045','Avelino','Cortés','Córdoba','1991-05-14','COCA910514HSRRRVA9','H','Ciudad Obregon','Sonora',5),(376,'MEC1008CAGF00046','Flor','Cardozo','Gallardo','1991-09-09','CAGF910909MSLRLLA1','M','Los Mochis','Sinaloa',5),(377,'MEC1008AAGM00047','Marcelino','Álvarez','Guzmán','1991-04-16','AAGM910416HJCLZRA5','H','Guadalajara','Jalisco',5),(378,'MEC1008FUVM00048','Marcelo Mariano','Fuentes','Valdez','1991-02-10','FUVM910210HSLNLRA2','H','Mazatlan','Sinaloa',5),(379,'MEC1008MECA00049','Alba Avelina','Méndez','Castro','1992-09-11','MECA920911MSLNSLA7','M','Culiacan','Sinaloa',5),(380,'MEC1008AUSC00050','Cipriano Faustino','Aguilera','Sepúlveda','1992-09-14','AUSC920914HSLGPPA2','H','Los Mochis','Sinaloa',5),(381,'MEC1008VALR00051','Rosalba','Vásquez','Lagos','1991-02-19','VALR910219MJCSGSA9','M','Guadalajara','Jalisco',5),(382,'MEC1008RALV00052','Vicente Desiderio','Ramírez','Lagos','1991-02-10','RALV910210HJCMGCA2','H','Guadalajara','Jalisco',5),(383,'MEC1008AUMN00053','Natalia Rosalba','Aguirre','Medina','1991-08-24','AUMN910824MNTGDTA1','M','Tepic','Nayarit',5),(384,'MEC1008PEAL00054','Luz Rosalba','Peralta','Aguilera','1992-09-05','PEAL920905MSRRGZA3','M','Ciudad Obregon','Sonora',5),(385,'MEC1008GAVA00055','Amado Amadeo','Gallardo','Valenzuela','1991-02-13','GAVA910213HSRLLMA1','H','Hermosillo','Sonora',5),(386,'MEC1008AACA00056','Amanda','Alvarado','Chávez','1991-10-12','AACA911012MJCLHMA6','M','Guadalajara','Jalisco',5),(387,'MEC1008CANX00057','Ximena','Cabrera','Núñez','1992-08-22','CANX920822MSRBXMA6','M','Hermosillo','Sonora',5),(388,'MEC1008ROAC00058','Claudio','Romero','Alarcón','1991-02-23','ROAC910223HSLMLLA7','H','Culiacan','Sinaloa',5),(389,'MEC1008CACC00059','Cayetano','Campos','Carrizo','1991-08-04','CACC910804HNTMRYA8','H','Tepic','Nayarit',5),(390,'MEC1008VEFM00060','Marina Amparo','Venegas','Figueroa','1992-05-05','VEFM920505MNTNGRA7','M','Tepic','Nayarit',5),(391,'MEC1008PAHA00061','Amadeo César','Páez','Herrera','1991-08-13','PAHA910813HJCZRMA8','H','Zapopan','Jalisco',5),(392,'MEC1008BAFC00062','Cecilia','Blanco','Franco','1992-05-19','BAFC920519MJCLRCA2','M','Zapopan','Jalisco',5),(393,'MEC1008AAGL00063','Laura Angélica','Álvarez','García','1992-11-02','AAGL921102MSRLRRA1','M','Hermosillo','Sonora',5),(394,'MEC1008CAGE00064','Esperanza','Carrasco','Gómez','1991-04-14','CAGE910414MNTRMSA4','M','Tepic','Nayarit',5),(395,'MEC1008AUVC00065','Cayetano','Aguirre','Vega','1992-12-12','AUVC921212HSLGGYA4','H','Culiacan','Sinaloa',5),(396,'MEC1008PAZF00066','Fabiana','Palma','Zúñiga','1992-04-14','PAZF920414MSLLXBA4','M','Los Mochis','Sinaloa',5),(397,'MEC1008SEFM00067','Marcelino Cipriano','Sepúlveda','Farías','1992-04-02','SEFM920402HSRPRRA3','H','Hermosillo','Sonora',5),(398,'MEC1008AAZJ00068','Julio','Alarcón','Zúñiga','1992-09-25','AAZJ920925HNTLXLA5','H','Tepic','Nayarit',5),(399,'MEC1008BUBC00069','Claudio','Bustamante','Bravo','1992-05-02','BUBC920502HNTSRLA5','H','Tepic','Nayarit',5),(400,'MEC1008MABC00070','Camilo Clemente','Martinez','Benítez','1992-05-19','MABC920519HSRRNMA5','H','Ciudad Obregon','Sonora',5),(401,'MEC1008AUQA00071','Amanda','Aguirre','Quiroga','1991-03-25','AUQA910325MNTGRMA8','M','Tepic','Nayarit',5),(402,'MEC1008MEPC00072','César','Medina','Peña','1992-05-16','MEPC920516HSRDXSA7','H','Ciudad Obregon','Sonora',5),(403,'MEC1008PEAA00073','Adriano Cecilio','Pereyra','Álvarez','1991-08-19','PEAA910819HJCRLDA2','H','Zapopan','Jalisco',5),(404,'MEC1008ZUFF00074','Fermín Víctor','Zúñiga','Farías','1991-09-16','ZUFF910916HSRXRRA1','H','Ciudad Obregon','Sonora',5),(405,'MEC1008AABF00075','Fabricio','Alvarado','Blanco','1991-11-06','AABF911106HSLLLBA8','H','Culiacan','Sinaloa',5),(406,'MEC1008AEVC00076','Cándido','Arce','Vásquez','1991-03-23','AEVC910323HNTRSNA8','H','Tepic','Nayarit',5),(407,'MEC1008DULS00077','Sergio','Duarte','Luna','1991-09-03','DULS910903HSLRNRA6','H','Mazatlan','Sinaloa',5),(408,'MEC1008PAVN00078','Natalia Verónica','Parra','Vergara','1991-10-08','PAVN911008MSLRRTA6','M','Culiacan','Sinaloa',5),(409,'MEC1008HEEF00079','Fabiana','Herrera','Escobar','1991-04-03','HEEF910403MJCRSBA1','M','Zapopan','Jalisco',5),(410,'MEC1008VASO00080','Olivia Claudia','Vargas','Sánchez','1991-01-15','VASO910115MSLRNLA1','M','Culiacan','Sinaloa',5),(411,'ENE1008EOOF00001','Faustino Bonifacio','Escobar','Ojeda','1992-07-13','EOOF920713HNTSJSA3','H','Tepic','Nayarit',6),(412,'ENE1008AEAC00002','Celestina Rocío','Agüero','Acosta','1992-07-01','AEAC920701MJCGCLA8','M','Guadalajara','Jalisco',6),(413,'ENE1008CACA00003','Adrián Agustín','Cabrera','Contreras','1991-04-20','CACA910420HSLBNDA2','H','Los Mochis','Sinaloa',6),(414,'ENE1008PACV00004','Verónica Virginia','Palma','Cabrera','1992-03-03','PACV920303MJCLBRA9','M','Zapopan','Jalisco',6),(415,'ENE1008AEMF00005','Florencio Paul','Arce','Medina','1992-11-21','AEMF921121HSRRDLA5','H','Hermosillo','Sonora',6),(416,'ENE1008OIFC00006','Cornelio','Olivares','Farías','1992-04-23','OIFC920423HSRLRRA8','H','Ciudad Obregon','Sonora',6),(417,'ENE1008NATF00007','Fabián Víctor','Navarrete','Tapia','1992-05-04','NATF920504HSLVPBA4','H','Culiacan','Sinaloa',6),(418,'ENE1008OIMF00008','Fabián','Olivera','Méndez','1991-08-15','OIMF910815HJCLNBA7','H','Zapopan','Jalisco',6),(419,'ENE1008BALA00009','Altagracia','Bravo','Ledesma','1991-03-04','BALA910304MJCRDLA8','M','Guadalajara','Jalisco',6),(420,'ENE1008AUJC00010','Casto','Aguilera','Jiménez','1991-12-16','AUJC911216HSRGMSA1','H','Hermosillo','Sonora',6),(421,'ENE1008SACO00011','Olivia Camila','Salinas','Contreras','1991-05-19','SACO910519MSLLNLA6','M','Culiacan','Sinaloa',6),(422,'ENE1008FIVL00012','Lucía','Figueroa','Vergara','1992-01-04','FIVL920104MSRGRCA3','M','Hermosillo','Sonora',6),(423,'ENE1008AACF00013','Facundo Lorenzo','Álvarez','Contreras','1991-06-10','AACF910610HSRLNCA8','H','Ciudad Obregon','Sonora',6),(424,'ENE1008TOPA00014','Adrián Pedro','Torres','Pino','1992-08-07','TOPA920807HSRRNDA2','H','Ciudad Obregon','Sonora',6),(425,'ENE1008PECC00015','Clementina Rocío','Pérez','Cortés','1992-06-11','PECC920611MJCRRLA7','M','Zapopan','Jalisco',6),(426,'ENE1008VEHN00016','Natalia','Vergara','Hernández','1992-04-01','VEHN920401MNTRRTA5','M','Tepic','Nayarit',6),(427,'ENE1008FUAA00017','Araceli Cornelia','Fuentes','Álvarez','1991-10-04','FUAA911004MNTNLRA1','M','Tepic','Nayarit',6),(428,'ENE1008FECC00018','Cristian Marcelo','Fernández','Castro','1991-03-23','FECC910323HSLRSRA6','H','Culiacan','Sinaloa',6),(429,'ENE1008REVM00019','Martín','Reyes','Vega','1991-07-14','REVM910714HJCYGRA1','H','Guadalajara','Jalisco',6),(430,'ENE1008SACA00020','Avelino','Salinas','Cárdenas','1991-01-20','SACA910120HSLLRVA2','H','Los Mochis','Sinaloa',6),(431,'ENE1008AURX00021','Ximena Julia','Aguirre','Rodríguez','1992-09-07','AURX920907MSLGDMA2','M','Culiacan','Sinaloa',6),(432,'ENE1008HETC00022','Candelaria Silvia','Herrera','Tapia','1991-02-24','HETC910224MJCRPNA5','M','Guadalajara','Jalisco',6),(433,'ENE1008GOHA00023','Adriana Amparo','Gómez','Herrera','1991-09-25','GOHA910925MSLMRDA8','M','Los Mochis','Sinaloa',6),(434,'ENE1008PEBH00024','Hortensia','Pereyra','Bustamante','1991-01-18','PEBH910118MJCRSRA6','M','Guadalajara','Jalisco',6),(435,'ENE1008VACC00025','Celestino Julián','Vásquez','Carrasco','1992-02-05','VACC920205HSRSRLA7','H','Hermosillo','Sonora',6),(436,'ENE1008VAGO00026','Olivia Bonifacia','Vásquez','Guzmán','1991-06-25','VAGO910625MSLSZLA8','M','Los Mochis','Sinaloa',6),(437,'ENE1008RAGN00027','Norma','Ramírez','García','1991-03-14','RAGN910314MJCMRRA4','M','Zapopan','Jalisco',6),(438,'ENE1008TAGL00028','Laura','Tapia','Gallardo','1992-07-13','TAGL920713MSLPLRA5','M','Los Mochis','Sinaloa',6),(439,'ENE1008MADC00029','Celso','Maldonado','Domínguez','1992-03-03','MADC920303HSLLMLA4','H','Mazatlan','Sinaloa',6),(440,'ENE1008FEQA00030','Avelina','Fernández','Quiroga','1991-06-21','FEQA910621MSLRRVA7','M','Los Mochis','Sinaloa',6),(441,'ENE1008SAJE00031','Estela','Sandoval','Juárez','1992-11-13','SAJE921113MSLNRSA4','M','Culiacan','Sinaloa',6),(442,'ENE1008GUCS00032','Sergio Paul','Guerrero','Campos','1991-12-14','GUCS911214HJCRMRA1','H','Zapopan','Jalisco',6),(443,'ENE1008CACS00033','Salvador','Chávez','Carrasco','1992-06-17','CACS920617HSLHRLA4','H','Culiacan','Sinaloa',6),(444,'ENE1008EOGA00034','Adriana Fabiana','Escobar','Gómez','1992-04-08','EOGA920408MSLSMDA3','M','Los Mochis','Sinaloa',6),(445,'ENE1008PAVR00035','Rosalba Candelaria','Palma','Vargas','1992-08-09','PAVR920809MNTLRSA2','M','Tepic','Nayarit',6),(446,'ENE1008MEAA00036','Altagracia Estela','Medina','Ávila','1991-11-01','MEAA911101MSLDVLA1','M','Los Mochis','Sinaloa',6),(447,'ENE1008OEPL00037','Luciano','Ojeda','Paz','1992-02-25','OEPL920225HSRJZCA9','H','Hermosillo','Sonora',6),(448,'ENE1008MEFI00038','Ignacio','Méndez','Farías','1992-12-02','MEFI921202HJCNRGA2','H','Zapopan','Jalisco',6),(449,'ENE1008CAPP00039','Pedro Fausto','Carrasco','Pino','1992-01-12','CAPP920112HSRRNDA6','H','Ciudad Obregon','Sonora',6),(450,'ENE1008ROGA00040','Avelino Pedro','Romero','García','1992-04-14','ROGA920414HSRMRVA6','H','Ciudad Obregon','Sonora',6),(451,'ENE1008PAFC00041','Celestina','Páez','Figueroa','1991-06-11','PAFC910611MSLZGLA4','M','Mazatlan','Sinaloa',6),(452,'ENE1008AECC00042','Cayetano','Agüero','Chávez','1992-07-16','AECC920716HJCGHYA3','H','Guadalajara','Jalisco',6),(453,'ENE1008CASA00043','Altagracia Cándida','Cárdenas','Soto','1991-06-22','CASA910622MNTRTLA8','M','Tepic','Nayarit',6),(454,'ENE1008PAPN00044','Norma Cecilia','Páez','Pérez','1991-03-17','PAPN910317MSLZRRA4','M','Mazatlan','Sinaloa',6),(455,'ENE1008PARD00045','Domingo Cruz','Páez','Ramírez','1992-01-19','PARD920119HSRZMMA4','H','Ciudad Obregon','Sonora',6),(456,'ENE1008RORP00046','Patricia','Rojas','Ruiz','1992-02-20','RORP920220MSLJZTA5','M','Los Mochis','Sinaloa',6),(457,'ENE1008SAML00047','Luciano','Salinas','Medina','1991-10-12','SAML911012HSRLDCA4','H','Hermosillo','Sonora',6),(458,'ENE1008OIJC00048','Cándida Camila','Ortiz','Jiménez','1992-06-11','OIJC920611MJCRMNA1','M','Guadalajara','Jalisco',6),(459,'ENE1008PARG00049','Gabino','Paredes','Romero','1992-08-17','PARG920817HSLRMBA5','H','Mazatlan','Sinaloa',6),(460,'ENE1008MUPP00050','Patricia','Muñoz','Ponce','1991-08-23','MUPP910823MSLXNTA7','M','Mazatlan','Sinaloa',6),(461,'ENE1008MECY00051','Yolanda','Mendoza','Córdoba','1992-08-07','MECY920807MJCNRLA6','M','Zapopan','Jalisco',6),(462,'ENE1008VEAC00052','Camilo Julián','Vega','Arias','1991-04-21','VEAC910421HSLGRMA7','H','Mazatlan','Sinaloa',6),(463,'ENE1008POZM00053','Mauricio Mario','Ponce','Zúñiga','1992-02-24','POZM920224HNTNXRA6','H','Tepic','Nayarit',6),(464,'ENE1008OIRJ00054','Julia Concepción','Olivares','Ramírez','1991-11-23','OIRJ911123MSRLMLA1','M','Hermosillo','Sonora',6),(465,'ENE1008GUVV00055','Verónica Amanda','Guerrero','Vargas','1992-05-10','GUVV920510MSRRRRA4','M','Hermosillo','Sonora',6),(466,'ENE1008PAGS00056','Sergio Marcos','Paredes','Gutiérrez','1991-10-08','PAGS911008HSLRTRA6','H','Los Mochis','Sinaloa',6),(467,'ENE1008GAOF00057','Florencia','Gallardo','Olivares','1991-04-18','GAOF910418MSRLLLA8','M','Ciudad Obregon','Sonora',6),(468,'ENE1008AAFE00058','Esperanza Flor','Alarcón','Fuentes','1991-07-06','AAFE910706MSLLNSA6','M','Culiacan','Sinaloa',6),(469,'ENE1008RIFC00059','Cornelio Julio','Ríos','Farías','1992-12-24','RIFC921224HJCSRRA5','H','Guadalajara','Jalisco',6),(470,'ENE1008GAGJ00060','Julio','Gallardo','Gallardo','1992-11-15','GAGJ921115HSLLLLA1','H','Mazatlan','Sinaloa',6),(471,'ENE1008NUMA00061','Avelina','Núñez','Morales','1992-08-14','NUMA920814MSLXRVA9','M','Mazatlan','Sinaloa',6),(472,'ENE1008LOAI00062','Inés','López','Arias','1991-12-07','LOAI911207MSLPRNA4','M','Mazatlan','Sinaloa',6),(473,'ENE1008CAVM00063','Marcos','Cabrera','Vázquez','1992-01-21','CAVM920121HJCBZRA3','H','Guadalajara','Jalisco',6),(474,'ENE1008RAML00064','Lorenzo Mariano','Ramírez','Méndez','1991-11-08','RAML911108HJCMNRA2','H','Guadalajara','Jalisco',6),(475,'ENE1008JIBY00065','Yolanda','Jiménez','Bustamante','1992-02-24','JIBY920224MSRMSLA5','M','Hermosillo','Sonora',6),(476,'ENE1008MARA00066','Aurelio Agustín','Maldonado','Ruiz','1991-01-23','MARA910123HSLLZRA9','H','Los Mochis','Sinaloa',6),(477,'ENE1008COGC00067','Celestino','Cortés','Guerrero','1991-09-23','COGC910923HSLRRLA3','H','Los Mochis','Sinaloa',6),(478,'ENE1008RIAP00068','Pedro','Rivera','Agüero','1992-01-04','RIAP920104HSLVGDA2','H','Los Mochis','Sinaloa',6),(479,'ENE1008VAFA00069','Agustína','Valdés','Farías','1992-01-21','VAFA920121MJCLRGA8','M','Guadalajara','Jalisco',6),(480,'ENE1008MUNC00070','Cristian Lorenzo','Muñoz','Navarro','1991-12-08','MUNC911208HSRXVRA8','H','Hermosillo','Sonora',6),(481,'ENE1008SACJ00071','Julio','Salinas','Campos','1992-01-14','SACJ920114HSLLMLA2','H','Mazatlan','Sinaloa',6),(482,'ENE1008GURF00072','Fabiana','Guzmán','Rojas','1992-10-17','GURF921017MSLZJBA3','M','Mazatlan','Sinaloa',6),(483,'ENE1008AUAC00073','Cayetano Julián','Acuña','Acuña','1992-10-14','AUAC921014HSLCCYA7','H','Los Mochis','Sinaloa',6),(484,'ENE1008RUJC00074','César Cristian','Ruiz','Jiménez','1991-05-11','RUJC910511HSRZMSA3','H','Ciudad Obregon','Sonora',6),(485,'ENE1008AIMA00075','Antonino','Arias','Montenegro','1992-10-16','AIMA921016HSLRNNA4','H','Culiacan','Sinaloa',6),(486,'ENE1008CASC00076','Caridad Olivia','Castillo','Silva','1992-07-24','CASC920724MSRSLRA4','M','Ciudad Obregon','Sonora',6),(487,'ENE1008CAMM00077','Mauricio Desiderio','Campos','Muñoz','1991-07-18','CAMM910718HSLMXRA8','H','Los Mochis','Sinaloa',6),(488,'ENE1008CAEA00078','Amadeo Avelino','Cardozo','Escobar','1992-12-05','CAEA921205HNTRSMA9','H','Tepic','Nayarit',6),(489,'ENE1008DUAA00079','Amadeo','Duarte','Alvarado','1992-08-06','DUAA920806HJCRLMA9','H','Guadalajara','Jalisco',6),(490,'ENE1008TONA00080','Angélica Concepción','Toledo','Navarro','1991-07-09','TONA910709MSRLVNA7','M','Hermosillo','Sonora',6),(491,'ENE1008PEAC00081','Cristian Florencio','Peña','Agüero','1991-09-01','PEAC910901HNTXGRA4','H','Tepic','Nayarit',6),(492,'ENE1008CAPA00082','Alba','Castillo','Páez','1992-03-11','CAPA920311MJCSZLA4','M','Zapopan','Jalisco',6),(493,'ENE1008CAYC00083','Candelaria','Cardozo','Yáñez','1991-08-12','CAYC910812MJCRXNA3','M','Guadalajara','Jalisco',6),(494,'LYT1008HEAA00001','Amanda','Hernández','Álvarez','1991-11-22','HEAA911122MSRRLMA2','M','Hermosillo','Sonora',7),(495,'LYT1008AUOG00002','Genaro Celso','Acuña','Ojeda','1991-01-12','AUOG910112HSLCJNA7','H','Mazatlan','Sinaloa',7),(496,'LYT1008LOCC00003','Celso Octavio','López','Contreras','1991-04-20','LOCC910420HJCPNLA6','H','Guadalajara','Jalisco',7),(497,'LYT1008FOPA00004','Avelino Félix','Flores','Páez','1991-05-10','FOPA910510HSRLZVA9','H','Hermosillo','Sonora',7),(498,'LYT1008VAVI00005','Inés Mariana','Vargas','Venegas','1991-05-24','VAVI910524MNTRNNA3','M','Tepic','Nayarit',7),(499,'LYT1008FASA00006','Amparo','Franco','Suárez','1992-12-15','FASA921215MJCRRMA6','M','Zapopan','Jalisco',7),(500,'LYT1008CALH00007','Hortensia','Campos','Ledesma','1992-09-05','CALH920905MNTMDRA8','M','Tepic','Nayarit',7),(501,'LYT1008SEDA00008','Amanda','Sepúlveda','Domínguez','1992-06-24','SEDA920624MSLPMMA2','M','Culiacan','Sinaloa',7),(502,'LYT1008SAMC00009','Clemente Horacio','Sánchez','Moreno','1991-04-12','SAMC910412HSRNRLA6','H','Ciudad Obregon','Sonora',7),(503,'LYT1008HEBP00010','Pablo','Hernández','Barrios','1991-09-24','HEBP910924HJCRRBA3','H','Guadalajara','Jalisco',7),(504,'LYT1008PECY00011','Yuridia','Peralta','Carrizo','1992-09-19','PECY920919MNTRRRA8','M','Tepic','Nayarit',7),(505,'LYT1008NABR00012','René Genaro','Navarrete','Bustamante','1991-10-07','NABR911007HNTVSNA3','H','Tepic','Nayarit',7),(506,'LYT1008OIMO00013','Olivia','Olivera','Medina','1991-05-10','OIMO910510MSLLDLA1','M','Mazatlan','Sinaloa',7),(507,'LYT1008AUVA00014','Angélica Agustína','Aguirre','Valdés','1991-02-25','AUVA910225MSLGLNA4','M','Los Mochis','Sinaloa',7),(508,'LYT1008SUFM00015','Marcelino Benedicto','Suárez','Figueroa','1991-01-16','SUFM910116HSLRGRA2','H','Culiacan','Sinaloa',7),(509,'LYT1008CAMV00016','Verónica','Carrizo','Mansilla','1991-02-10','CAMV910210MSLRNRA1','M','Mazatlan','Sinaloa',7),(510,'LYT1008AADC00017','Celestino','Alvarado','Duarte','1992-03-25','AADC920325HSLLRLA2','H','Mazatlan','Sinaloa',7),(511,'LYT1008REMC00018','Camilo','Reyes','Muñoz','1992-05-13','REMC920513HSLYXMA4','H','Culiacan','Sinaloa',7),(512,'LYT1008FABC00019','Cornelia Cristina','Farías','Bustos','1991-02-19','FABC910219MSRRSRA8','M','Ciudad Obregon','Sonora',7),(513,'LYT1008LOGH00020','Hortensia Amanda','López','González','1991-04-06','LOGH910406MSLPNRA3','M','Mazatlan','Sinaloa',7),(514,'LYT1008SIOX00021','Ximena Celestina','Silva','Ojeda','1991-03-05','SIOX910305MJCLJMA4','M','Guadalajara','Jalisco',7),(515,'LYT1008CALC00022','Concepción','Carvajal','López','1991-08-06','CALC910806MJCRPNA6','M','Guadalajara','Jalisco',7),(516,'LYT1008COGD00023','Diana Fabiana','Cortés','Gallardo','1991-03-20','COGD910320MSRRLNA7','M','Hermosillo','Sonora',7),(517,'LYT1008COAA00024','Amparo','Cortés','Acosta','1991-02-09','COAA910209MSLRCMA9','M','Mazatlan','Sinaloa',7),(518,'LYT1008VECA00025','Amparo Hortensia','Venegas','Cárdenas','1992-06-16','VECA920616MJCNRMA2','M','Zapopan','Jalisco',7),(519,'LYT1008SOHA00026','Avelina','Soto','Herrera','1991-07-01','SOHA910701MSRTRVA5','M','Ciudad Obregon','Sonora',7),(520,'LYT1008MOAC00027','Claudio Marcos','Moreno','Aguilera','1992-10-21','MOAC921021HSRRGLA7','H','Hermosillo','Sonora',7),(521,'LYT1008OICE00028','Esperanza Bonifacia','Olivera','Córdoba','1991-08-22','OICE910822MSLLRSA6','M','Mazatlan','Sinaloa',7),(522,'LYT1008VAVM00029','Mauricio Amadeo','Vázquez','Valenzuela','1991-09-02','VAVM910902HSLZLRA9','H','Culiacan','Sinaloa',7),(523,'LYT1008VAZD00030','Dolores Bonifacia','Vázquez','Zúñiga','1991-08-13','VAZD910813MNTZXLA7','M','Tepic','Nayarit',7),(524,'LYT1008PEMC00031','Camila','Peña','Molina','1991-01-25','PEMC910125MNTXLMA6','M','Tepic','Nayarit',7),(525,'LYT1008SIMM00032','Marina','Silva','Mendoza','1991-04-20','SIMM910420MJCLNRA5','M','Zapopan','Jalisco',7),(526,'LYT1008FAPN00033','Natalia','Farías','Ponce','1992-10-23','FAPN921023MSLRNTA6','M','Mazatlan','Sinaloa',7),(527,'LYT1008PAMC00034','Cristina','Palma','Molina','1992-10-03','PAMC921003MSLLLRA2','M','Mazatlan','Sinaloa',7),(528,'LYT1008AIBR00035','Renata Araceli','Ávila','Bustos','1992-05-18','AIBR920518MSRVSNA9','M','Hermosillo','Sonora',7),(529,'LYT1008VEQL00036','Luciano','Venegas','Quiroga','1991-06-02','VEQL910602HJCNRCA4','H','Guadalajara','Jalisco',7),(530,'LYT1008JASJ00037','Julián Víctor','Jara','Salazar','1992-11-11','JASJ921111HNTRLLA8','H','Tepic','Nayarit',7),(531,'LYT1008VARC00038','Cándida Victoria','Valenzuela','Romero','1991-02-25','VARC910225MSLLMNA2','M','Los Mochis','Sinaloa',7),(532,'LYT1008ROMC00039','Cecilio','Rojas','Molina','1992-10-06','ROMC921006HJCJLCA6','H','Guadalajara','Jalisco',7),(533,'LYT1008MOVV00040','Vicente Marcelino','Moreno','Velázquez','1991-11-04','MOVV911104HSRRLCA8','H','Ciudad Obregon','Sonora',7),(534,'LYT1008BEOC00041','Cristina','Benítez','Ortega','1992-07-05','BEOC920705MSLNRRA2','M','Culiacan','Sinaloa',7),(535,'LYT1008MAPM00042','Mariana Natalia','Maldonado','Pino','1991-06-08','MAPM910608MSRLNRA8','M','Hermosillo','Sonora',7),(536,'LYT1008GOAA00043','Aurelio','Gómez','Arias','1992-03-18','GOAA920318HSLMRRA3','H','Culiacan','Sinaloa',7),(537,'LYT1008PACA00044','Amparo Agustína','Palma','Carvajal','1991-09-17','PACA910917MSLLRMA4','M','Culiacan','Sinaloa',7),(538,'LYT1008AAER00045','Renata Esperanza','Alvarado','Escobar','1992-06-06','AAER920606MJCLSNA8','M','Zapopan','Jalisco',7),(539,'LYT1008VETB00046','Benito Pablo','Vergara','Tapia','1992-06-16','VETB920616HSRRPNA9','H','Hermosillo','Sonora',7),(540,'LYT1008PAAF00047','Fausto Fidel','Palma','Agüero','1992-06-05','PAAF920605HNTLGSA1','H','Tepic','Nayarit',7),(541,'LYT1008CARA00048','Araceli Esperanza','Castillo','Ramos','1992-01-17','CARA920117MSRSMRA2','M','Ciudad Obregon','Sonora',7),(542,'LYT1008COPP00049','Paula','Córdoba','Palma','1991-01-12','COPP910112MSLRLLA1','M','Culiacan','Sinaloa',7),(543,'LYT1008VECL00050','Laura Rocío','Vergara','Carrasco','1991-09-25','VECL910925MNTRRRA7','M','Tepic','Nayarit',7),(544,'LYT1008SAMA00051','Aurora','Salinas','Méndez','1992-09-18','SAMA920918MSLLNRA5','M','Culiacan','Sinaloa',7),(545,'LYT1008MATS00052','Silvia','Maldonado','Toledo','1991-04-14','MATS910414MSRLLLA4','M','Ciudad Obregon','Sonora',7),(546,'LYT1008DIMP00053','Patricio','Díaz','Mendoza','1991-09-06','DIMP910906HSLZNTA7','H','Los Mochis','Sinaloa',7),(547,'LYT1008BAZC00054','Celestina','Blanco','Zúñiga','1991-03-17','BAZC910317MNTLXLA3','M','Tepic','Nayarit',7),(548,'LYT1008MOYA00055','Antonino','Montenegro','Yáñez','1992-11-21','MOYA921121HSRNXNA9','H','Hermosillo','Sonora',7),(549,'LYT1008CAZF00056','Florencia','Castro','Zúñiga','1992-07-07','CAZF920707MJCSXLA8','M','Zapopan','Jalisco',7),(550,'LYT1008VADV00057','Victoria Araceli','Valdez','Díaz','1991-04-12','VADV910412MJCLZCA7','M','Guadalajara','Jalisco',7),(551,'LYT1008BUOJ00058','Julia Amanda','Bustos','Olivares','1991-03-15','BUOJ910315MSLSLLA2','M','Culiacan','Sinaloa',7),(552,'LYT1008COBJ00059','Julio','Córdoba','Benítez','1992-03-23','COBJ920323HSLRNLA6','H','Los Mochis','Sinaloa',7),(553,'LYT1008CANA00060','Adriano','Cabrera','Navarro','1992-01-18','CANA920118HSLBVDA4','H','Mazatlan','Sinaloa',7),(554,'LYT1008SAMM00061','Mauricio','Salinas','Mansilla','1992-06-02','SAMM920602HJCLNRA8','H','Guadalajara','Jalisco',7),(555,'LYT1008FAMD00062','Diana','Farías','Mendoza','1992-05-20','FAMD920520MSLRNNA6','M','Mazatlan','Sinaloa',7),(556,'LYT1008FAMC00063','Claudio Fabián','Franco','Molina','1991-11-22','FAMC911122HJCRLLA6','H','Guadalajara','Jalisco',7),(557,'LYT1008CARB00064','Benedicto Celestino','Cárdenas','Rodríguez','1992-03-06','CARB920306HSRRDNA4','H','Ciudad Obregon','Sonora',7),(558,'LYT1008EIMA00065','Asunción','Espinoza','Mansilla','1992-06-24','EIMA920624MSRSNSA6','M','Ciudad Obregon','Sonora',7),(559,'LYT1008FAHC00066','Cándido','Farías','Herrera','1991-07-07','FAHC910707HJCRRNA7','H','Zapopan','Jalisco',7),(560,'LYT1008CAJC00067','Clementina','Cárdenas','Jara','1992-12-22','CAJC921222MSRRRLA7','M','Hermosillo','Sonora',7),(561,'LYT1008CASC00068','Claudio','Chávez','Sandoval','1992-04-05','CASC920405HJCHNLA5','H','Guadalajara','Jalisco',7),(562,'LYT1008COMA00069','Adriana Rosalba','Cortés','Martinez','1991-06-22','COMA910622MSLRRDA1','M','Mazatlan','Sinaloa',7),(563,'LYT1008CATC00070','Claudia','Campos','Torres','1991-12-25','CATC911225MJCMRLA4','M','Guadalajara','Jalisco',7),(564,'LYT1008PAGF00071','Fermín Mauricio','Paredes','Gallardo','1991-01-24','PAGF910124HSLRLRA4','H','Los Mochis','Sinaloa',7),(565,'LYT1008CAAM00072','Mario Luciano','Carrasco','Arias','1991-12-01','CAAM911201HSLRRRA5','H','Culiacan','Sinaloa',7),(566,'LYT1008ZUFE00073','Esperanza Ximena','Zúñiga','Flores','1991-11-13','ZUFE911113MSRXLSA8','M','Ciudad Obregon','Sonora',7),(567,'LYT1008LUQC00074','Claudia','Luna','Quiroga','1992-08-02','LUQC920802MSLNRLA7','M','Mazatlan','Sinaloa',7),(568,'LYT1008YAAV00075','Virginia Victoria','Yáñez','Aguirre','1992-10-02','YAAV921002MSRXGRA8','M','Ciudad Obregon','Sonora',7),(569,'LYT1008LUAE00076','Estela Laura','Luna','Arias','1991-09-23','LUAE910923MNTNRSA5','M','Tepic','Nayarit',7),(570,'LYT1008VIAC00077','Cándido Ignacio','Vidal','Acuña','1991-07-17','VIAC910717HSLDCNA3','H','Los Mochis','Sinaloa',7),(571,'LYT1008GOMF00078','Fabiana Lucía','González','Martinez','1991-12-14','GOMF911214MSLNRBA2','M','Mazatlan','Sinaloa',7),(572,'LYT1008FUPP00079','Paloma','Fuentes','Ponce','1992-05-18','FUPP920518MSLNNLA5','M','Mazatlan','Sinaloa',7),(573,'LYT1008COBR00080','Rocío','Contreras','Blanco','1992-06-10','COBR920610MSLNLCA4','M','Culiacan','Sinaloa',7),(574,'LYT1008LUCC00081','Consuelo','Luna','Córdoba','1991-12-18','LUCC911218MSRNRNA7','M','Hermosillo','Sonora',7),(575,'LYT1008GAOB00082','Beatriz','Gallardo','Ortega','1992-03-03','GAOB920303MNTLRTA8','M','Tepic','Nayarit',7),(576,'AMB1008CABP00001','Paul Facundo','Cardozo','Bravo','1991-09-16','CABP910916HJCRRLA8','H','Zapopan','Jalisco',8),(577,'AMB1008PECL00002','Luz Paula','Peña','Campos','1991-09-12','PECL910912MJCXMZA1','M','Guadalajara','Jalisco',8),(578,'AMB1008VACP00003','Pablo','Vargas','Cárdenas','1992-02-08','VACP920208HSLRRBA9','H','Los Mochis','Sinaloa',8),(579,'AMB1008MAAB00004','Benedicto Gabino','Maldonado','Acosta','1992-10-07','MAAB921007HSRLCNA6','H','Hermosillo','Sonora',8),(580,'AMB1008YAOC00005','Claudia Fabiana','Yáñez','Olivera','1992-02-25','YAOC920225MJCXLLA9','M','Guadalajara','Jalisco',8),(581,'AMB1008CATC00006','Constancia Angélica','Cabrera','Torres','1991-07-07','CATC910707MSRBRNA8','M','Ciudad Obregon','Sonora',8),(582,'AMB1008RIRC00007','Cándida Aurelia','Ríos','Reyes','1992-03-23','RIRC920323MSRSYNA8','M','Hermosillo','Sonora',8),(583,'AMB1008LANA00008','Aurora Aurelia','Lagos','Núñez','1992-05-20','LANA920520MJCGXRA6','M','Zapopan','Jalisco',8),(584,'AMB1008MAAC00009','Cayetano','Martinez','Aguilera','1991-09-14','MAAC910914HSLRGYA4','H','Los Mochis','Sinaloa',8),(585,'AMB1008COGC00010','Consuelo','Córdoba','Guzmán','1991-07-15','COGC910715MNTRZNA3','M','Tepic','Nayarit',8),(586,'AMB1008AICP00011','Paloma','Arias','Córdoba','1992-07-01','AICP920701MSRRRLA5','M','Ciudad Obregon','Sonora',8),(587,'AMB1008FAAA00012','Aurora','Farías','Arias','1991-01-07','FAAA910107MSRRRRA2','M','Hermosillo','Sonora',8),(588,'AMB1008POCC00013','Celestino','Ponce','Carrizo','1992-11-22','POCC921122HSLNRLA3','H','Los Mochis','Sinaloa',8),(589,'AMB1008DOVC00014','Cayetano Fidel','Domínguez','Vargas','1991-03-10','DOVC910310HJCMRYA8','H','Zapopan','Jalisco',8),(590,'AMB1008COPG00015','Gabino','Contreras','Ponce','1992-04-24','COPG920424HSRNNBA7','H','Ciudad Obregon','Sonora',8),(591,'AMB1008JARB00016','Beatriz Adriana','Jara','Romero','1991-04-25','JARB910425MNTRMTA4','M','Tepic','Nayarit',8),(592,'AMB1008QUBF00017','Fabiana','Quiroga','Benítez','1991-12-05','QUBF911205MSLRNBA4','M','Mazatlan','Sinaloa',8),(593,'AMB1008DOMB00018','Benedicto Desiderio','Domínguez','Méndez','1992-10-18','DOMB921018HJCMNNA5','H','Zapopan','Jalisco',8),(594,'AMB1008PAMF00019','Fabián','Paredes','Mansilla','1991-09-14','PAMF910914HJCRNBA4','H','Guadalajara','Jalisco',8),(595,'AMB1008HEDA00020','Antonino','Herrera','Domínguez','1992-09-17','HEDA920917HJCRMNA7','H','Zapopan','Jalisco',8),(596,'AMB1008BABO00021','Octavio','Bravo','Bravo','1991-09-03','BABO910903HSRRRCA4','H','Ciudad Obregon','Sonora',8),(597,'AMB1008NUCA00022','Avelino','Núñez','Carvajal','1991-12-16','NUCA911216HSLXRVA7','H','Culiacan','Sinaloa',8),(598,'AMB1008COML00023','Luz Inés','Córdoba','Mansilla','1991-06-18','COML910618MSLRNZA2','M','Culiacan','Sinaloa',8),(599,'AMB1008CACC00024','Cecilia Cecilia','Carrizo','Carrasco','1992-03-14','CACC920314MNTRRCA8','M','Tepic','Nayarit',8),(600,'AMB1008NUNL00025','Luz Hortensia','Núñez','Navarrete','1992-11-05','NUNL921105MSRXVZA6','M','Ciudad Obregon','Sonora',8),(601,'AMB1008LEVX00026','Ximena Cándida','Leiva','Valdez','1991-08-08','LEVX910808MJCVLMA3','M','Guadalajara','Jalisco',8),(602,'AMB1008OIOV00027','Victoria','Olivares','Ojeda','1991-11-13','OIOV911113MSLLJCA4','M','Culiacan','Sinaloa',8),(603,'AMB1008GOSA00028','Amparo','Gómez','Sepúlveda','1992-12-13','GOSA921213MJCMPMA2','M','Zapopan','Jalisco',8),(604,'AMB1008LADL00029','Laura','Lagos','Duarte','1991-04-19','LADL910419MNTGRRA7','M','Tepic','Nayarit',8),(605,'AMB1008VEJL00030','Lorenzo Román','Vega','Jara','1991-06-01','VEJL910601HJCGRRA5','H','Guadalajara','Jalisco',8),(606,'AMB1008MEYC00031','Cruz Camilo','Medina','Yáñez','1992-12-05','MEYC921205HSLDXRA2','H','Los Mochis','Sinaloa',8),(607,'AMB1008OIVG00032','Genaro','Olivera','Venegas','1991-06-21','OIVG910621HSLLNNA6','H','Culiacan','Sinaloa',8),(608,'AMB1008FIPD00033','Domingo','Figueroa','Palma','1992-07-04','FIPD920704HSLGLMA8','H','Mazatlan','Sinaloa',8),(609,'AMB1008SAAC00034','César Celestino','Sandoval','Agüero','1991-06-21','SAAC910621HSLNGSA9','H','Los Mochis','Sinaloa',8),(610,'AMB1008CAMM00035','Martín Claudio','Campos','Morales','1992-08-08','CAMM920808HSLMRRA8','H','Culiacan','Sinaloa',8),(611,'AMB1008CACF00036','Félix Amadeo','Chávez','Campos','1992-03-01','CACF920301HJCHMLA6','H','Zapopan','Jalisco',8),(612,'AMB1008VAVF00037','Félix Clemente','Valenzuela','Valenzuela','1992-07-18','VAVF920718HJCLLLA3','H','Guadalajara','Jalisco',8),(613,'AMB1008AEZM00038','Marcelino','Arce','Zúñiga','1991-07-04','AEZM910704HSLRXRA4','H','Culiacan','Sinaloa',8),(614,'AMB1008PAAA00039','Antonino Bonifacio','Parra','Ávila','1992-08-21','PAAA920821HSRRVNA5','H','Ciudad Obregon','Sonora',8),(615,'AMB1008CAPF00040','Facundo Lorenzo','Carrizo','Peralta','1992-02-13','CAPF920213HSRRRCA4','H','Hermosillo','Sonora',8),(616,'AMB1008FAMR00041','Rocío Concepción','Franco','Martinez','1991-05-25','FAMR910525MSLRRCA3','M','Los Mochis','Sinaloa',8),(617,'AMB1008HEZM00042','Mario Vicente','Hernández','Zúñiga','1991-06-04','HEZM910604HSLRXRA8','H','Los Mochis','Sinaloa',8),(618,'AMB1008FUNC00043','Clementina Renata','Fuentes','Navarro','1992-09-03','FUNC920903MNTNVLA6','M','Tepic','Nayarit',8),(619,'AMB1008MOAF00044','Flor','Molina','Aguilera','1991-12-17','MOAF911217MSRLGLA8','M','Ciudad Obregon','Sonora',8),(620,'AMB1008AIVM00045','Marina Aurelia','Arias','Valdez','1992-01-01','AIVM920101MNTRLRA1','M','Tepic','Nayarit',8),(621,'AMB1008SISA00046','Augusto','Silva','Soto','1991-01-07','SISA910107HSLLTGA8','H','Culiacan','Sinaloa',8),(622,'AMB1008AEOB00047','Bonifacio','Arce','Olivares','1992-09-23','AEOB920923HSLRLNA4','H','Culiacan','Sinaloa',8),(623,'AMB1008COBV00048','Valentina Paula','Cortés','Bustos','1992-02-12','COBV920212MSLRSLA5','M','Culiacan','Sinaloa',8),(624,'AMB1008AICF00049','Fabricio','Arias','Cortés','1991-11-06','AICF911106HSLRRBA3','H','Culiacan','Sinaloa',8),(625,'AMB1008GUMA00050','Asunción','Guzmán','Mansilla','1992-03-06','GUMA920306MSLZNSA6','M','Culiacan','Sinaloa',8),(626,'AMB1008LECL00051','Leticia Aurora','Ledesma','Carrizo','1992-05-02','LECL920502MSRDRTA8','M','Hermosillo','Sonora',8),(627,'AMB1008VEAH00052','Horacio Mario','Velázquez','Acosta','1992-01-09','VEAH920109HJCLCRA2','H','Zapopan','Jalisco',8),(628,'AMB1008PAEC00053','Cecilio','Páez','Escobar','1991-11-15','PAEC911115HNTZSCA9','H','Tepic','Nayarit',8),(629,'AMB1008QULP00054','Patricio','Quiroga','Leiva','1991-05-22','QULP910522HSLRVTA9','H','Los Mochis','Sinaloa',8),(630,'AMB1008PEPA00055','Aurelio Bonifacio','Pérez','Pérez','1991-09-16','PEPA910916HSLRRRA2','H','Los Mochis','Sinaloa',8),(631,'AMB1008RELC00056','Camilo','Reyes','Ledesma','1991-12-20','RELC911220HSLYDMA2','H','Mazatlan','Sinaloa',8),(632,'AMB1008CASS00057','Salvador','Cabrera','Sandoval','1992-07-07','CASS920707HSLBNLA1','H','Mazatlan','Sinaloa',8),(633,'AMB1008VEFC00058','Candelaria Clementina','Vergara','Franco','1992-09-15','VEFC920915MSLRRNA3','M','Culiacan','Sinaloa',8),(634,'AMB1008GURA00059','Alba','Guzmán','Ramos','1992-08-09','GURA920809MNTZMLA5','M','Tepic','Nayarit',8),(635,'AMB1008LANV00060','Virginia Aurora','Lagos','Núñez','1991-02-14','LANV910214MSLGXRA9','M','Mazatlan','Sinaloa',8),(636,'AMB1008OISC00061','Celso Cruz','Ortiz','Sánchez','1992-08-23','OISC920823HNTRNLA7','H','Tepic','Nayarit',8),(637,'AMB1008OIVP00062','Paloma Antonina','Olivera','Valdez','1991-02-22','OIVP910222MSLLLLA2','M','Los Mochis','Sinaloa',8),(638,'AMB1008PIPM00063','Marcelo Gabino','Pino','Ponce','1991-09-13','PIPM910913HSRNNRA1','H','Ciudad Obregon','Sonora',8),(639,'AMB1008PACC00064','Candelaria','Paredes','Castillo','1992-05-15','PACC920515MJCRSNA5','M','Zapopan','Jalisco',8),(640,'AMB1008COGV00065','Verónica','Cortés','García','1991-06-07','COGV910607MSRRRRA5','M','Ciudad Obregon','Sonora',8),(641,'AMB1008NAPF00066','Fabricio','Navarro','Parra','1991-01-09','NAPF910109HSRVRBA3','H','Ciudad Obregon','Sonora',8),(642,'AMB1008BAAD00067','Dolores Antonina','Barrios','Alvarado','1991-06-01','BAAD910601MSRRLLA1','M','Ciudad Obregon','Sonora',8),(643,'AMB1008SAQH00068','Horacio','Sandoval','Quiroga','1992-11-17','SAQH921117HSRNRRA4','H','Hermosillo','Sonora',8),(644,'AMB1008SENL00069','Leticia Alba','Sepúlveda','Navarro','1991-03-01','SENL910301MSRPVTA5','M','Ciudad Obregon','Sonora',8),(645,'AMB1008RISC00070','Clemente Clemente','Ríos','Sandoval','1992-06-14','RISC920614HSLSNLA4','H','Mazatlan','Sinaloa',8),(646,'AMB1008CANP00071','Paloma','Carrasco','Núñez','1991-11-18','CANP911118MSRRXLA1','M','Ciudad Obregon','Sonora',8),(647,'AMB1008LUGB00072','Beatriz Esperanza','Luna','Guerrero','1991-04-03','LUGB910403MJCNRTA1','M','Guadalajara','Jalisco',8),(648,'AMB1008VAFG00073','Gloria','Vázquez','Farías','1992-07-23','VAFG920723MNTZRLA9','M','Tepic','Nayarit',8),(649,'AMB1008HESC00074','Cayetano Faustino','Hernández','Sánchez','1992-04-17','HESC920417HNTRNYA5','H','Tepic','Nayarit',8),(650,'AMB1008MAAL00075','Leticia Renata','Mansilla','Alarcón','1992-03-14','MAAL920314MSLNLTA9','M','Mazatlan','Sinaloa',8),(651,'AMB1008VAPB00076','Benito','Valdez','Pino','1992-06-17','VAPB920617HSLLNNA2','H','Culiacan','Sinaloa',8),(652,'AMB1008MALF00077','Fermín Aurelio','Mansilla','Lagos','1991-02-13','MALF910213HSRNGRA8','H','Ciudad Obregon','Sonora',8),(653,'AMB1008AATX00078','Ximena','Alarcón','Tapia','1992-12-02','AATX921202MSLLPMA6','M','Los Mochis','Sinaloa',8),(654,'AMB1008RADV00079','Valentina','Ramos','Díaz','1992-05-05','RADV920505MSRMZLA4','M','Hermosillo','Sonora',8),(655,'AMB1008JIBL00080','Lorenzo','Jiménez','Bustamante','1991-06-05','JIBL910605HSLMSRA2','H','Los Mochis','Sinaloa',8),(656,'AMB1008CATA00081','Antonino','Cabrera','Torres','1991-08-01','CATA910801HSLBRNA7','H','Los Mochis','Sinaloa',8),(657,'AMB1008META00082','Adrián Salvador','Medina','Toledo','1992-02-18','META920218HSRDLDA3','H','Hermosillo','Sonora',8),(658,'AMB1008AAML00083','Leticia Celestina','Alvarado','Martinez','1991-10-05','AAML911005MSRLRTA8','M','Hermosillo','Sonora',8),(659,'AMB1008BAAA00084','Aurora Avelina','Barrios','Ávila','1992-04-03','BAAA920403MSLRVRA1','M','Los Mochis','Sinaloa',8),(660,'AMB1008VAAY00085','Yolanda Bonifacia','Valdés','Arce','1991-05-08','VAAY910508MSLLRLA3','M','Culiacan','Sinaloa',8),(661,'BMD1008AEMN00001','Norma Camila','Agüero','Mendoza','1991-09-06','AEMN910906MNTGNRA2','M','Tepic','Nayarit',9),(662,'BMD1008EOMA00002','Avelino René','Escobar','Maldonado','1991-10-01','EOMA911001HJCSLVA4','H','Guadalajara','Jalisco',9),(663,'BMD1008BAGC00003','Clemente Fermín','Blanco','González','1992-06-02','BAGC920602HSRLNLA9','H','Ciudad Obregon','Sonora',9),(664,'BMD1008OIPS00004','Salvador','Olivera','Páez','1992-01-14','OIPS920114HSLLZLA1','H','Mazatlan','Sinaloa',9),(665,'BMD1008CAMS00005','Sergio Horacio','Cárdenas','Molina','1992-02-08','CAMS920208HJCRLRA2','H','Guadalajara','Jalisco',9),(666,'BMD1008VARP00006','Paula Consuelo','Valdés','Rivera','1992-02-18','VARP920218MSRLVLA4','M','Ciudad Obregon','Sonora',9),(667,'BMD1008BUHC00007','Camilo Amador','Bustamante','Hernández','1992-10-15','BUHC921015HSRSRMA4','H','Ciudad Obregon','Sonora',9),(668,'BMD1008JILS00008','Sergio','Jiménez','Ledesma','1992-04-25','JILS920425HJCMDRA4','H','Guadalajara','Jalisco',9),(669,'BMD1008OIMJ00009','Julio','Olivera','Muñoz','1992-01-04','OIMJ920104HSLLXLA2','H','Culiacan','Sinaloa',9),(670,'BMD1008RAJC00010','Claudio','Ramírez','Jiménez','1992-11-19','RAJC921119HSRMMLA5','H','Hermosillo','Sonora',9),(671,'BMD1008PAPC00011','Celestina','Paz','Peña','1991-03-22','PAPC910322MSLZXLA1','M','Los Mochis','Sinaloa',9),(672,'BMD1008VAPV00012','Victoria','Valdez','Pérez','1991-02-18','VAPV910218MSLLRCA5','M','Mazatlan','Sinaloa',9),(673,'BMD1008GAVA00013','Adrián Cecilio','Gallardo','Vergara','1992-03-07','GAVA920307HSLLRDA8','H','Culiacan','Sinaloa',9),(674,'BMD1008REAM00014','Mauricio Horacio','Reyes','Acuña','1991-11-13','REAM911113HSLYCRA5','H','Los Mochis','Sinaloa',9),(675,'BMD1008BACP00015','Pablo Facundo','Barrios','Carrasco','1992-03-24','BACP920324HSLRRBA8','H','Los Mochis','Sinaloa',9),(676,'BMD1008OERA00016','Amanda Beatriz','Ojeda','Ramírez','1992-06-24','OERA920624MJCJMMA4','M','Zapopan','Jalisco',9),(677,'BMD1008COLC00017','Constancia Avelina','Contreras','Leiva','1991-06-03','COLC910603MSLNVNA4','M','Los Mochis','Sinaloa',9),(678,'BMD1008GOMP00018','Paula','Gómez','Molina','1992-02-18','GOMP920218MJCMLLA1','M','Guadalajara','Jalisco',9),(679,'BMD1008VIOA00019','Amadeo','Vidal','Ojeda','1992-10-16','VIOA921016HSLDJMA3','H','Mazatlan','Sinaloa',9),(680,'BMD1008CAAC00020','Consuelo','Cabrera','Aguirre','1991-03-23','CAAC910323MNTBGNA8','M','Tepic','Nayarit',9),(681,'BMD1008SEMO00021','Olivia Silvia','Sepúlveda','Martinez','1991-12-10','SEMO911210MSLPRLA9','M','Los Mochis','Sinaloa',9),(682,'BMD1008OIVN00022','Natalia Claudia','Olivera','Venegas','1992-03-16','OIVN920316MSRLNTA9','M','Ciudad Obregon','Sonora',9),(683,'BMD1008CODF00023','Facundo Camilo','Cortés','Duarte','1991-03-16','CODF910316HJCRRCA1','H','Guadalajara','Jalisco',9),(684,'BMD1008MEGS00024','Silvia Gloria','Méndez','García','1991-01-21','MEGS910121MSRNRLA9','M','Hermosillo','Sonora',9),(685,'BMD1008PIDL00025','Leticia Antonina','Pino','Domínguez','1992-06-15','PIDL920615MSLNMTA6','M','Los Mochis','Sinaloa',9),(686,'BMD1008SABO00026','Olivia','Sánchez','Benítez','1992-05-19','SABO920519MSRNNLA9','M','Hermosillo','Sonora',9),(687,'BMD1008HESC00027','Celestina Lucía','Herrera','Salinas','1992-01-05','HESC920105MSLRLLA7','M','Culiacan','Sinaloa',9),(688,'BMD1008SASC00028','Cecilio Facundo','Sánchez','Silva','1991-03-22','SASC910322HSRNLCA8','H','Ciudad Obregon','Sonora',9),(689,'BMD1008SARY00029','Yuridia Paloma','Salinas','Reyes','1991-04-04','SARY910404MSLLYRA3','M','Los Mochis','Sinaloa',9),(690,'BMD1008CAPC00030','Caridad','Cardozo','Parra','1992-06-11','CAPC920611MSRRRRA4','M','Hermosillo','Sonora',9),(691,'BMD1008FOMM00031','Mariano Claudio','Flores','Mendoza','1992-07-22','FOMM920722HSLLNRA1','H','Los Mochis','Sinaloa',9),(692,'BMD1008HEAH00032','Horacio','Hernández','Acuña','1991-02-09','HEAH910209HNTRCRA2','H','Tepic','Nayarit',9),(693,'BMD1008SATR00033','Renata','Salazar','Toledo','1991-04-14','SATR910414MSRLLNA9','M','Hermosillo','Sonora',9),(694,'BMD1008TOCA00034','Angélica','Torres','Carvajal','1992-05-08','TOCA920508MJCRRNA9','M','Zapopan','Jalisco',9),(695,'BMD1008SASL00035','Leticia Avelina','Salinas','Soto','1992-02-10','SASL920210MJCLTTA1','M','Guadalajara','Jalisco',9),(696,'BMD1008COFO00036','Octavio','Cortés','Franco','1991-11-11','COFO911111HJCRRCA2','H','Zapopan','Jalisco',9),(697,'BMD1008EIVA00037','Angélica','Espinoza','Valdés','1991-11-16','EIVA911116MSRSLNA9','M','Ciudad Obregon','Sonora',9),(698,'BMD1008SUPF00038','Fermín','Suárez','Páez','1992-03-17','SUPF920317HSRRZRA1','H','Hermosillo','Sonora',9),(699,'BMD1008NASC00039','Cándida Norma','Navarrete','Sepúlveda','1992-06-08','NASC920608MNTVPNA4','M','Tepic','Nayarit',9),(700,'BMD1008LEOF00040','Fidel','Ledesma','Ojeda','1992-01-25','LEOF920125HSLDJDA9','H','Culiacan','Sinaloa',9),(701,'BMD1008MANM00041','Marcelino','Maldonado','Núñez','1992-05-11','MANM920511HSLLXRA3','H','Mazatlan','Sinaloa',9),(702,'BMD1008BAAA00042','Aurelia','Barrios','Alvarado','1992-10-25','BAAA921025MSRRLRA6','M','Hermosillo','Sonora',9),(703,'BMD1008PITB00043','Benito','Pino','Tapia','1991-04-14','PITB910414HSLNPNA9','H','Mazatlan','Sinaloa',9),(704,'BMD1008COPA00044','Alba Cándida','Cortés','Pérez','1992-02-05','COPA920205MJCRRLA8','M','Guadalajara','Jalisco',9),(705,'BMD1008MERC00045','Cruz Desiderio','Medina','Ramírez','1992-03-03','MERC920303HJCDMRA7','H','Zapopan','Jalisco',9),(706,'BMD1008SAEP00046','Patricia Natalia','Sánchez','Espinoza','1991-02-11','SAEP910211MSRNSTA6','M','Hermosillo','Sonora',9),(707,'BMD1008PARE00047','Esperanza','Paredes','Ruiz','1991-03-10','PARE910310MJCRZSA9','M','Guadalajara','Jalisco',9),(708,'BMD1008ZURA00048','Asunción','Zúñiga','Rojas','1992-09-23','ZURA920923MSLXJSA6','M','Culiacan','Sinaloa',9),(709,'BMD1008MEOM00049','Marcos','Medina','Ortiz','1991-01-20','MEOM910120HSRDRRA2','H','Ciudad Obregon','Sonora',9),(710,'BMD1008LOJC00050','Claudio Cándido','López','Juárez','1992-12-04','LOJC921204HNTPRLA3','H','Tepic','Nayarit',9),(711,'BMD1008TOVB00051','Beatriz','Toledo','Vásquez','1992-03-14','TOVB920314MSLLSTA1','M','Mazatlan','Sinaloa',9),(712,'BMD1008ROHM00052','Marina Lucía','Rodríguez','Herrera','1992-08-16','ROHM920816MSLDRRA3','M','Mazatlan','Sinaloa',9),(713,'BMD1008ROOC00053','Cristina Mariana','Romero','Ojeda','1992-03-24','ROOC920324MNTMJRA9','M','Tepic','Nayarit',9),(714,'BMD1008COVC00054','Candelaria Avelina','Córdoba','Vergara','1991-03-13','COVC910313MSRRRNA9','M','Hermosillo','Sonora',9),(715,'BMD1008AAVB00055','Bonifacio César','Alvarado','Vargas','1991-10-08','AAVB911008HSRLRNA6','H','Hermosillo','Sonora',9),(716,'BMD1008ZUBC00056','Cecilio','Zúñiga','Bustamante','1991-10-16','ZUBC911016HSLXSCA6','H','Los Mochis','Sinaloa',9),(717,'BMD1008VATB00057','Benito Cruz','Vargas','Tapia','1991-10-09','VATB911009HJCRPNA2','H','Guadalajara','Jalisco',9),(718,'BMD1008LANX00058','Ximena','Lagos','Navarrete','1991-06-10','LANX910610MJCGVMA6','M','Guadalajara','Jalisco',9),(719,'BMD1008AEAM00059','Mariano Cándido','Arce','Aguirre','1992-09-05','AEAM920905HNTRGRA1','H','Tepic','Nayarit',9),(720,'BMD1008VIPR00060','René','Vidal','Paredes','1992-03-15','VIPR920315HNTDRNA7','H','Tepic','Nayarit',9),(721,'BMD1008SAVA00061','Augusto','Sandoval','Vergara','1991-09-08','SAVA910908HJCNRGA9','H','Guadalajara','Jalisco',9),(722,'BMD1008SAAA00062','Agustína','Sandoval','Agüero','1991-06-02','SAAA910602MSRNGGA1','M','Ciudad Obregon','Sonora',9),(723,'BMD1008HEJB00063','Bonifacia Flor','Herrera','Jara','1991-08-13','HEJB910813MSLRRNA3','M','Culiacan','Sinaloa',9),(724,'BMD1008OICA00064','Augusto René','Olivares','Cortés','1991-10-16','OICA911016HSLLRGA5','H','Los Mochis','Sinaloa',9),(725,'BMD1008OESL00065','Laura','Ortega','Silva','1992-10-20','OESL921020MNTRLRA5','M','Tepic','Nayarit',9),(726,'BMD1008MOCG00066','Genaro','Morales','Contreras','1991-11-24','MOCG911124HSRRNNA2','H','Ciudad Obregon','Sonora',9),(727,'BMD1008MOPA00067','Amado','Montenegro','Paz','1992-05-25','MOPA920525HSRNZMA3','H','Hermosillo','Sonora',9),(728,'BMD1008OELE00068','Estela','Ortega','Luna','1992-07-01','OELE920701MSLRNSA8','M','Mazatlan','Sinaloa',9),(729,'BMD1008OEVC00069','Claudia Consuelo','Ortega','Vargas','1992-05-07','OEVC920507MSRRRLA7','M','Ciudad Obregon','Sonora',9),(730,'BMD1008SAFM00070','Marcelino Florencio','Salinas','Fernández','1991-05-23','SAFM910523HSRLRRA4','H','Ciudad Obregon','Sonora',9),(731,'BMD1008VILP00071','Paul','Vidal','López','1991-02-11','VILP910211HSLDPLA4','H','Mazatlan','Sinaloa',9),(732,'BMD1008VAPF00072','Flor Fabiana','Valenzuela','Peña','1991-12-14','VAPF911214MSRLXLA6','M','Ciudad Obregon','Sonora',9),(733,'BMD1008LURN00073','Norma Inés','Luna','Romero','1991-04-06','LURN910406MJCNMRA8','M','Guadalajara','Jalisco',9),(734,'BMD1008FADJ00074','Julia Marina','Franco','Díaz','1992-03-03','FADJ920303MSLRZLA2','M','Culiacan','Sinaloa',9),(735,'BMD1008AISD00075','Diana','Arias','Salazar','1992-11-18','AISD921118MSLRLNA5','M','Mazatlan','Sinaloa',9),(736,'BMD1008MEML00076','Laura','Mendoza','Martinez','1991-06-03','MEML910603MNTNRRA9','M','Tepic','Nayarit',9),(737,'BMD1008SAAG00077','Gabino Clemente','Sandoval','Arce','1992-11-10','SAAG921110HNTNRBA4','H','Tepic','Nayarit',9),(738,'BMD1008VABA00078','Amado','Vargas','Bustamante','1991-04-05','VABA910405HSRRSMA9','H','Ciudad Obregon','Sonora',9),(739,'BMD1008CAFR00079','Renata','Castro','Flores','1992-06-02','CAFR920602MSRSLNA1','M','Ciudad Obregon','Sonora',9),(740,'BMD1008SAFR00080','Renata Camila','Salazar','Flores','1992-03-03','SAFR920303MNTLLNA6','M','Tepic','Nayarit',9),(741,'BMD1008RICG00081','Genaro','Ríos','Carrizo','1991-03-12','RICG910312HNTSRNA6','H','Tepic','Nayarit',9),(742,'BMD1008JUVM00082','Mariana Alba','Juárez','Vergara','1992-07-03','JUVM920703MSLRRRA5','M','Los Mochis','Sinaloa',9),(743,'BMD1008CACC00083','Cruz Augusto','Cabrera','Carrizo','1991-03-05','CACC910305HSRBRRA3','H','Hermosillo','Sonora',9),(744,'BMD1008CASB00084','Benito','Chávez','Salinas','1992-06-13','CASB920613HNTHLNA4','H','Tepic','Nayarit',9),(745,'BMD1008AUMA00085','Aurelio Fidel','Aguilera','Méndez','1992-07-13','AUMA920713HSRGNRA3','H','Ciudad Obregon','Sonora',9),(746,'AEF1008GOJA00001','Adriana','González','Jiménez','1992-08-04','GOJA920804MSLNMDA7','M','Mazatlan','Sinaloa',10),(747,'AEF1008MOSJ00002','Julia','Moreno','Sánchez','1992-01-12','MOSJ920112MSLRNLA1','M','Los Mochis','Sinaloa',10),(748,'AEF1008ZUVC00003','César Salvador','Zúñiga','Vargas','1991-05-07','ZUVC910507HNTXRSA5','H','Tepic','Nayarit',10),(749,'AEF1008LEAL00004','Laura Yuridia','Leiva','Aguilera','1992-06-25','LEAL920625MSRVGRA1','M','Hermosillo','Sonora',10),(750,'AEF1008CAAV00005','Victoria Olivia','Chávez','Álvarez','1991-04-05','CAAV910405MJCHLCA8','M','Zapopan','Jalisco',10),(751,'AEF1008GACF00006','Facundo','García','Chávez','1991-02-10','GACF910210HSLRHCA1','H','Mazatlan','Sinaloa',10),(752,'AEF1008JIAC00007','Claudia Yuridia','Jiménez','Agüero','1992-08-17','JIAC920817MSRMGLA3','M','Hermosillo','Sonora',10),(753,'AEF1008SIVA00008','Antonina','Silva','Vergara','1991-06-25','SIVA910625MSLLRNA9','M','Los Mochis','Sinaloa',10),(754,'AEF1008AEGI00009','Ignacio Constantino','Arce','Gutiérrez','1992-10-23','AEGI921023HSLRTGA9','H','Mazatlan','Sinaloa',10),(755,'AEF1008GADC00010','Consuelo','Gallardo','Duarte','1991-11-05','GADC911105MSLLRNA2','M','Culiacan','Sinaloa',10),(756,'AEF1008PESF00011','Florencia','Peralta','Salazar','1991-10-05','PESF911005MJCRLLA9','M','Zapopan','Jalisco',10),(757,'AEF1008GOCG00012','Gloria Gloria','González','Cardozo','1991-03-08','GOCG910308MSRNRLA9','M','Hermosillo','Sonora',10),(758,'AEF1008AIYN00013','Norma Paloma','Ávila','Yáñez','1991-10-03','AIYN911003MSRVXRA9','M','Ciudad Obregon','Sonora',10),(759,'AEF1008DUPC00014','Consuelo','Duarte','Palma','1992-12-09','DUPC921209MNTRLNA8','M','Tepic','Nayarit',10),(760,'AEF1008PEDA00015','Adriana','Peralta','Díaz','1992-04-06','PEDA920406MSRRZDA1','M','Ciudad Obregon','Sonora',10),(761,'AEF1008PACA00016','Adrián','Parra','Cárdenas','1991-07-06','PACA910706HJCRRDA4','H','Guadalajara','Jalisco',10),(762,'AEF1008OIVA00017','Araceli','Olivera','Vargas','1991-05-13','OIVA910513MNTLRRA8','M','Tepic','Nayarit',10),(763,'AEF1008RUAA00018','Asunción','Ruiz','Arce','1991-01-13','RUAA910113MSLZRSA6','M','Mazatlan','Sinaloa',10),(764,'AEF1008AISL00019','Luciano','Ávila','Silva','1992-06-18','AISL920618HSLVLCA7','H','Mazatlan','Sinaloa',10),(765,'AEF1008PEVA00020','Alba','Peña','Venegas','1991-08-14','PEVA910814MNTXNLA7','M','Tepic','Nayarit',10),(766,'AEF1008GOVL00021','Luciano Octavio','Gómez','Vidal','1992-01-17','GOVL920117HSRMDCA8','H','Ciudad Obregon','Sonora',10),(767,'AEF1008MOCA00022','Alba Victoria','Montenegro','Castillo','1991-07-15','MOCA910715MJCNSLA6','M','Guadalajara','Jalisco',10),(768,'AEF1008NAMA00023','Amador','Navarro','Muñoz','1991-03-07','NAMA910307HJCVXMA4','H','Guadalajara','Jalisco',10),(769,'AEF1008BUMS00024','Sergio Pedro','Bustos','Molina','1991-03-05','BUMS910305HSLSLRA3','H','Los Mochis','Sinaloa',10),(770,'AEF1008FUGA00025','Agustín','Fuentes','González','1991-05-14','FUGA910514HSRNNGA6','H','Hermosillo','Sonora',10),(771,'AEF1008SUAF00026','Facundo','Suárez','Aguirre','1992-08-09','SUAF920809HSRRGCA4','H','Ciudad Obregon','Sonora',10),(772,'AEF1008ROLH00027','Hortensia Claudia','Romero','Leiva','1991-11-15','ROLH911115MSLMVRA7','M','Los Mochis','Sinaloa',10),(773,'AEF1008MUMV00028','Verónica Inés','Muñoz','Morales','1992-06-11','MUMV920611MSRXRRA4','M','Ciudad Obregon','Sonora',10),(774,'AEF1008MOGC00029','Cecilia','Molina','Guzmán','1991-12-20','MOGC911220MNTLZCA8','M','Tepic','Nayarit',10),(775,'AEF1008CAFF00030','Félix','Cabrera','Franco','1992-07-21','CAFF920721HSRBRLA6','H','Hermosillo','Sonora',10),(776,'AEF1008REBX00031','Ximena Alba','Reyes','Bustos','1992-05-05','REBX920505MJCYSMA7','M','Guadalajara','Jalisco',10),(777,'AEF1008ROMC00032','Claudia','Romero','Muñoz','1992-04-03','ROMC920403MSRMXLA1','M','Ciudad Obregon','Sonora',10),(778,'AEF1008FAQC00033','Constantino Adrián','Franco','Quiroga','1991-08-05','FAQC910805HNTRRNA4','H','Tepic','Nayarit',10),(779,'AEF1008MURB00034','Bonifacia','Muñoz','Rodríguez','1991-05-11','MURB910511MSRXDNA8','M','Hermosillo','Sonora',10),(780,'AEF1008AOGM00035','Mariano','Acosta','González','1992-09-20','AOGM920920HSLCNRA8','H','Culiacan','Sinaloa',10),(781,'AEF1008OETL00036','Lorenzo Luciano','Ojeda','Toledo','1991-06-13','OETL910613HNTJLRA9','H','Tepic','Nayarit',10),(782,'AEF1008LEPB00037','Beatriz Paloma','Leiva','Paz','1991-02-22','LEPB910222MSLVZTA5','M','Los Mochis','Sinaloa',10),(783,'AEF1008VASF00038','Fabiana','Vargas','Salinas','1992-09-16','VASF920916MSLRLBA4','M','Mazatlan','Sinaloa',10),(784,'AEF1008AASC00039','Camilo Pablo','Alarcón','Salinas','1991-11-09','AASC911109HSLLLMA8','H','Mazatlan','Sinaloa',10),(785,'AEF1008QULA00040','Aurelio Avelino','Quiroga','Lagos','1991-09-18','QULA910918HSRRGRA7','H','Ciudad Obregon','Sonora',10),(786,'AEF1008CAVG00041','Genaro Camilo','Cabrera','Valenzuela','1992-10-23','CAVG921023HSLBLNA5','H','Los Mochis','Sinaloa',10),(787,'AEF1008GOBR00042','Rosalba','González','Bravo','1991-09-01','GOBR910901MJCNRSA6','M','Guadalajara','Jalisco',10),(788,'AEF1008HEGR00043','René','Herrera','González','1991-03-06','HEGR910306HSRRNNA9','H','Hermosillo','Sonora',10),(789,'AEF1008MOTC00044','Caridad','Morales','Toledo','1991-06-07','MOTC910607MJCRLRA6','M','Guadalajara','Jalisco',10),(790,'AEF1008ROCA00045','Augusto','Rojas','Córdoba','1992-10-03','ROCA921003HNTJRGA5','H','Tepic','Nayarit',10),(791,'AEF1008BAMC00046','Caridad Hortensia','Barrios','Molina','1991-08-16','BAMC910816MJCRLRA4','M','Zapopan','Jalisco',10),(792,'AEF1008AUVA00047','Alba Yuridia','Aguirre','Vargas','1991-05-22','AUVA910522MSLGRLA2','M','Los Mochis','Sinaloa',10),(793,'AEF1008MAOG00048','Gloria Gloria','Mansilla','Ortiz','1992-11-11','MAOG921111MNTNRLA6','M','Tepic','Nayarit',10),(794,'AEF1008DIMF00049','Florencio','Díaz','Molina','1992-01-12','DIMF920112HSRZLLA4','H','Hermosillo','Sonora',10),(795,'AEF1008HEGC00050','Caridad Beatriz','Hernández','Gallardo','1991-08-09','HEGC910809MSRRLRA6','M','Ciudad Obregon','Sonora',10),(796,'AEF1008BANV00051','Verónica Camila','Blanco','Navarrete','1991-07-09','BANV910709MSLLVRA2','M','Los Mochis','Sinaloa',10),(797,'AEF1008HEMF00052','Flor Olivia','Hernández','Morales','1991-08-23','HEMF910823MSRRRLA9','M','Ciudad Obregon','Sonora',10),(798,'AEF1008BUCS00053','Salvador Horacio','Bustamante','Castillo','1991-09-11','BUCS910911HNTSSLA9','H','Tepic','Nayarit',10),(799,'AEF1008GUBC00054','Constancia Antonina','Guzmán','Benítez','1991-08-12','GUBC910812MSLZNNA4','M','Culiacan','Sinaloa',10),(800,'AEF1008PEJJ00055','Julio','Pereyra','Juárez','1991-11-10','PEJJ911110HSRRRLA9','H','Hermosillo','Sonora',10),(801,'AEF1008VAFM00056','Mauricio Cipriano','Valdez','Fuentes','1992-07-03','VAFM920703HSRLNRA2','H','Hermosillo','Sonora',10),(802,'AEF1008AIEB00057','Beatriz','Ávila','Espinoza','1991-04-13','AIEB910413MJCVSTA6','M','Zapopan','Jalisco',10),(803,'AEF1008CALV00058','Víctor Mariano','Castro','Leiva','1991-10-12','CALV911012HJCSVCA3','H','Guadalajara','Jalisco',10),(804,'AEF1008MARB00059','Benito Octavio','Maldonado','Ramos','1991-12-05','MARB911205HNTLMNA2','H','Tepic','Nayarit',10),(805,'AEF1008PASE00060','Estela','Paredes','Sepúlveda','1992-05-12','PASE920512MSLRPSA6','M','Culiacan','Sinaloa',10),(806,'AEF1008BEGA00061','Adrián Celestino','Benítez','García','1991-06-23','BEGA910623HNTNRDA1','H','Tepic','Nayarit',10),(807,'AEF1008VAMV00062','Verónica Norma','Vásquez','Molina','1992-10-03','VAMV921003MJCSLRA1','M','Zapopan','Jalisco',10),(808,'AEF1008BARJ00063','Julián','Barrios','Rodríguez','1992-10-07','BARJ921007HSLRDLA5','H','Los Mochis','Sinaloa',10),(809,'AEF1008GUBV00064','Virginia Laura','Guerrero','Bravo','1991-02-18','GUBV910218MSLRRRA2','M','Los Mochis','Sinaloa',10),(810,'AEF1008AADA00065','Agustína','Alarcón','Domínguez','1992-11-01','AADA921101MNTLMGA5','M','Tepic','Nayarit',10),(811,'AEF1008JAAJ00066','Julián Paul','Jara','Arias','1992-08-24','JAAJ920824HSRRRLA3','H','Hermosillo','Sonora',10),(812,'AEF1008VAAM00067','Marina','Valdés','Acuña','1992-04-15','VAAM920415MNTLCRA5','M','Tepic','Nayarit',10),(813,'AEF1008POLF00068','Fausto Vicente','Ponce','López','1991-07-16','POLF910716HJCNPSA8','H','Zapopan','Jalisco',10),(814,'AEF1008OIRV00069','Virginia Norma','Olivera','Rivera','1992-10-13','OIRV921013MSRLVRA9','M','Ciudad Obregon','Sonora',10),(815,'AEF1008AUFC00070','Consuelo Agustína','Aguilera','Farías','1992-12-12','AUFC921212MSRGRNA5','M','Ciudad Obregon','Sonora',10),(816,'AEF1008RIMC00071','Cristian','Ríos','Montenegro','1991-03-15','RIMC910315HSLSNRA6','H','Culiacan','Sinaloa',10),(817,'AEF1008AOPF00072','Florencio','Acosta','Peña','1992-08-09','AOPF920809HNTCXLA9','H','Tepic','Nayarit',10),(818,'AEF1008AEJR00073','Rocío Ximena','Agüero','Jiménez','1992-07-05','AEJR920705MJCGMCA7','M','Guadalajara','Jalisco',10),(819,'AEF1008CAMA00074','Amador Octavio','Carrasco','Martinez','1991-08-24','CAMA910824HJCRRMA6','H','Zapopan','Jalisco',10),(820,'AEF1008PAOH00075','Hortensia','Páez','Ortiz','1991-04-07','PAOH910407MSLZRRA5','M','Culiacan','Sinaloa',10),(821,'AEF1008MATM00076','Mauricio','Maldonado','Torres','1991-12-19','MATM911219HSLLRRA7','H','Los Mochis','Sinaloa',10),(822,'AEF1008COAC00077','Cornelio','Contreras','Arce','1992-04-02','COAC920402HNTNRRA6','H','Tepic','Nayarit',10),(823,'AEF1008VEPA00078','Antonino','Vergara','Parra','1992-06-02','VEPA920602HSRRRNA5','H','Hermosillo','Sonora',10),(824,'AEF1008CAOE00079','Estela','Cardozo','Ortiz','1991-08-09','CAOE910809MSLRRSA3','M','Mazatlan','Sinaloa',10),(825,'AEF1008GOCC00080','Cornelia','Gómez','Campos','1991-03-04','GOCC910304MSLMMRA1','M','Mazatlan','Sinaloa',10),(826,'AEF1008VAGN00081','Natalia','Vargas','Guzmán','1992-02-01','VAGN920201MSLRZTA3','M','Culiacan','Sinaloa',10),(827,'AEF1008SOCB00082','Beatriz','Soto','Castillo','1992-10-17','SOCB921017MSLTSTA8','M','Los Mochis','Sinaloa',10),(828,'AEF1008LUVC00083','Camila','Luna','Vázquez','1992-12-15','LUVC921215MSLNZMA7','M','Culiacan','Sinaloa',10),(829,'AEF1008CACF00084','Faustino','Carvajal','Campos','1991-05-22','CACF910522HJCRMSA7','H','Guadalajara','Jalisco',10);

/*Table structure for table `alumnos_grupos` */

DROP TABLE IF EXISTS `alumnos_grupos`;

CREATE TABLE `alumnos_grupos` (
  `alumno_id` int(10) unsigned NOT NULL,
  `grupo_id` int(10) unsigned NOT NULL,
  PRIMARY KEY (`alumno_id`,`grupo_id`),
  KEY `fk_alumnos_grupos_grupo_id` (`grupo_id`),
  CONSTRAINT `fk_alumnos_grupos_alumno_id` FOREIGN KEY (`alumno_id`) REFERENCES `alumnos` (`id`),
  CONSTRAINT `fk_alumnos_grupos_grupo_id` FOREIGN KEY (`grupo_id`) REFERENCES `grupos` (`id`)
) ENGINE=InnoDB DEFAULT CHARSET=utf8 COLLATE=utf8_unicode_ci;

/*Data for the table `alumnos_grupos` */

insert  into `alumnos_grupos`(`alumno_id`,`grupo_id`) values (1,1),(2,1),(3,1),(4,1),(5,1),(6,1),(7,1),(8,1),(9,1),(10,1),(11,1),(12,1),(13,1),(14,1),(15,1),(16,1),(17,1),(18,1),(19,1),(20,1),(21,1),(22,1),(23,1),(24,1),(25,1),(26,1),(27,1),(28,1),(29,1),(30,2),(31,2),(32,2),(33,2),(34,2),(35,2),(36,2),(37,2),(38,2),(39,2),(40,2),(41,2),(42,2),(43,2),(44,2),(45,2),(46,2),(47,2),(48,2),(49,2),(50,2),(51,2),(52,2),(53,2),(54,2),(55,3),(56,3),(57,3),(58,3),(59,3),(60,3),(61,3),(62,3),(63,3),(64,3),(65,3),(66,3),(67,3),(68,3),(69,3),(70,3),(71,3),(72,3),(73,3),(74,3),(75,3),(76,3),(77,3),(78,3),(79,3),(80,3),(81,3),(82,4),(83,4),(84,4),(85,4),(86,4),(87,4),(88,4),(89,4),(90,4),(91,4),(92,4),(93,4),(94,4),(95,4),(96,4),(97,4),(98,4),(99,4),(100,4),(101,4),(102,4),(103,4),(104,4),(105,4),(106,4),(107,4),(108,5),(109,5),(110,5),(111,5),(112,5),(113,5),(114,5),(115,5),(116,5),(117,5),(118,5),(119,5),(120,5),(121,5),(122,5),(123,5),(124,5),(125,5),(126,5),(127,5),(128,5),(129,5),(130,5),(131,5),(132,5),(133,5),(134,5),(135,5),(136,5),(137,5),(138,6),(139,6),(140,6),(141,6),(142,6),(143,6),(144,6),(145,6),(146,6),(147,6),(148,6),(149,6),(150,6),(151,6),(152,6),(153,6),(154,6),(155,6),(156,6),(157,6),(158,6),(159,6),(160,6),(161,6),(162,6),(163,7),(164,7),(165,7),(166,7),(167,7),(168,7),(169,7),(170,7),(171,7),(172,7),(173,7),(174,7),(175,7),(176,7),(177,7),(178,7),(179,7),(180,7),(181,7),(182,7),(183,7),(184,7),(185,7),(186,7),(187,7),(188,7),(189,8),(190,8),(191,8),(192,8),(193,8),(194,8),(195,8),(196,8),(197,8),(198,8),(199,8),(200,8),(201,8),(202,8),(203,8),(204,8),(205,8),(206,8),(207,8),(208,8),(209,8),(210,8),(211,8),(212,8),(213,8),(214,8),(215,8),(216,8),(217,8),(218,9),(219,9),(220,9),(221,9),(222,9),(223,9),(224,9),(225,9),(226,9),(227,9),(228,9),(229,9),(230,9),(231,9),(232,9),(233,9),(234,9),(235,9),(236,9),(237,9),(238,9),(239,9),(240,9),(241,9),(242,9),(243,9),(244,10),(245,10),(246,10),(247,10),(248,10),(249,10),(250,10),(251,10),(252,10),(253,10),(254,10),(255,10),(256,10),(257,10),(258,10),(259,10),(260,10),(261,10),(262,10),(263,10),(264,10),(265,10),(266,10),(267,10),(268,10),(269,10),(270,10),(271,11),(272,11),(273,11),(274,11),(275,11),(276,11),(277,11),(278,11),(279,11),(280,11),(281,11),(282,11),(283,11),(284,11),(285,11),(286,11),(287,11),(288,11),(289,11),(290,11),(291,11),(292,11),(293,11),(294,11),(295,11),(296,11),(297,11),(298,11),(299,11),(300,11),(301,12),(302,12),(303,12),(304,12),(305,12),(306,12),(307,12),(308,12),(309,12),(310,12),(311,12),(312,12),(313,12),(314,12),(315,12),(316,12),(317,12),(318,12),(319,12),(320,12),(321,12),(322,12),(323,12),(324,12),(325,12),(326,12),(327,12),(328,12),(329,12),(330,12),(331,13),(332,13),(333,13),(334,13),(335,13),(336,13),(337,13),(338,13),(339,13),(340,13),(341,13),(342,13),(343,13),(344,13),(345,13),(346,13),(347,13),(348,13),(349,13),(350,13),(351,13),(352,13),(353,13),(354,13),(355,13),(356,13),(357,14),(358,14),(359,14),(360,14),(361,14),(362,14),(363,14),(364,14),(365,14),(366,14),(367,14),(368,14),(369,14),(370,14),(371,14),(372,14),(373,14),(374,14),(375,14),(376,14),(377,14),(378,14),(379,14),(380,14),(381,14),(382,14),(383,14),(384,15),(385,15),(386,15),(387,15),(388,15),(389,15),(390,15),(391,15),(392,15),(393,15),(394,15),(395,15),(396,15),(397,15),(398,15),(399,15),(400,15),(401,15),(402,15),(403,15),(404,15),(405,15),(406,15),(407,15),(408,15),(409,15),(410,15),(411,16),(412,16),(413,16),(414,16),(415,16),(416,16),(417,16),(418,16),(419,16),(420,16),(421,16),(422,16),(423,16),(424,16),(425,16),(426,16),(427,16),(428,16),(429,16),(430,16),(431,16),(432,16),(433,16),(434,16),(435,16),(436,16),(437,16),(438,16),(439,16),(440,16),(441,17),(442,17),(443,17),(444,17),(445,17),(446,17),(447,17),(448,17),(449,17),(450,17),(451,17),(452,17),(453,17),(454,17),(455,17),(456,17),(457,17),(458,17),(459,17),(460,17),(461,17),(462,17),(463,17),(464,17),(465,17),(466,17),(467,17),(468,18),(469,18),(470,18),(471,18),(472,18),(473,18),(474,18),(475,18),(476,18),(477,18),(478,18),(479,18),(480,18),(481,18),(482,18),(483,18),(484,18),(485,18),(486,18),(487,18),(488,18),(489,18),(490,18),(491,18),(492,18),(493,18),(494,19),(495,19),(496,19),(497,19),(498,19),(499,19),(500,19),(501,19),(502,19),(503,19),(504,19),(505,19),(506,19),(507,19),(508,19),(509,19),(510,19),(511,19),(512,19),(513,19),(514,19),(515,19),(516,19),(517,19),(518,19),(519,19),(520,19),(521,19),(522,19),(523,19),(524,20),(525,20),(526,20),(527,20),(528,20),(529,20),(530,20),(531,20),(532,20),(533,20),(534,20),(535,20),(536,20),(537,20),(538,20),(539,20),(540,20),(541,20),(542,20),(543,20),(544,20),(545,20),(546,20),(547,20),(548,20),(549,20),(550,21),(551,21),(552,21),(553,21),(554,21),(555,21),(556,21),(557,21),(558,21),(559,21),(560,21),(561,21),(562,21),(563,21),(564,21),(565,21),(566,21),(567,21),(568,21),(569,21),(570,21),(571,21),(572,21),(573,21),(574,21),(575,21),(576,22),(577,22),(578,22),(579,22),(580,22),(581,22),(582,22),(583,22),(584,22),(585,22),(586,22),(587,22),(588,22),(589,22),(590,22),(591,22),(592,22),(593,22),(594,22),(595,22),(596,22),(597,22),(598,22),(599,22),(600,22),(601,23),(602,23),(603,23),(604,23),(605,23),(606,23),(607,23),(608,23),(609,23),(610,23),(611,23),(612,23),(613,23),(614,23),(615,23),(616,23),(617,23),(618,23),(619,23),(620,23),(621,23),(622,23),(623,23),(624,23),(625,23),(626,23),(627,23),(628,23),(629,23),(630,23),(631,24),(632,24),(633,24),(634,24),(635,24),(636,24),(637,24),(638,24),(639,24),(640,24),(641,24),(642,24),(643,24),(644,24),(645,24),(646,24),(647,24),(648,24),(649,24),(650,24),(651,24),(652,24),(653,24),(654,24),(655,24),(656,24),(657,24),(658,24),(659,24),(660,24),(661,25),(662,25),(663,25),(664,25),(665,25),(666,25),(667,25),(668,25),(669,25),(670,25),(671,25),(672,25),(673,25),(674,25),(675,25),(676,25),(677,25),(678,25),(679,25),(680,25),(681,25),(682,25),(683,25),(684,25),(685,25),(686,25),(687,25),(688,25),(689,25),(690,25),(691,26),(692,26),(693,26),(694,26),(695,26),(696,26),(697,26),(698,26),(699,26),(700,26),(701,26),(702,26),(703,26),(704,26),(705,26),(706,26),(707,26),(708,26),(709,26),(710,26),(711,26),(712,26),(713,26),(714,26),(715,26),(716,26),(717,26),(718,26),(719,26),(720,27),(721,27),(722,27),(723,27),(724,27),(725,27),(726,27),(727,27),(728,27),(729,27),(730,27),(731,27),(732,27),(733,27),(734,27),(735,27),(736,27),(737,27),(738,27),(739,27),(740,27),(741,27),(742,27),(743,27),(744,27),(745,27),(746,28),(747,28),(748,28),(749,28),(750,28),(751,28),(752,28),(753,28),(754,28),(755,28),(756,28),(757,28),(758,28),(759,28),(760,28),(761,28),(762,28),(763,28),(764,28),(765,28),(766,28),(767,28),(768,28),(769,28),(770,28),(771,29),(772,29),(773,29),(774,29),(775,29),(776,29),(777,29),(778,29),(779,29),(780,29),(781,29),(782,29),(783,29),(784,29),(785,29),(786,29),(787,29),(788,29),(789,29),(790,29),(791,29),(792,29),(793,29),(794,29),(795,29),(796,29),(797,29),(798,29),(799,29),(800,30),(801,30),(802,30),(803,30),(804,30),(805,30),(806,30),(807,30),(808,30),(809,30),(810,30),(811,30),(812,30),(813,30),(814,30),(815,30),(816,30),(817,30),(818,30),(819,30),(820,30),(821,30),(822,30),(823,30),(824,30),(825,30),(826,30),(827,30),(828,30),(829,30),(1,31),(2,31),(3,31),(4,31),(5,31),(6,31),(7,31),(8,31),(9,31),(10,31),(11,31),(12,31),(13,31),(14,31),(15,31),(16,31),(17,31),(18,31),(19,31),(20,31),(21,31),(22,31),(23,31),(24,31),(25,31),(26,31),(27,31),(28,31),(29,31),(30,32),(31,32),(32,32),(33,32),(34,32),(35,32),(36,32),(37,32),(38,32),(39,32),(40,32),(41,32),(42,32),(43,32),(44,32),(45,32),(46,32),(47,32),(48,32),(49,32),(50,32),(51,32),(52,32),(53,32),(54,32),(55,33),(56,33),(57,33),(58,33),(59,33),(60,33),(61,33),(62,33),(63,33),(64,33),(65,33),(66,33),(67,33),(68,33),(69,33),(70,33),(71,33),(72,33),(73,33),(74,33),(75,33),(76,33),(77,33),(78,33),(79,33),(80,33),(81,33),(82,34),(83,34),(84,34),(85,34),(86,34),(87,34),(88,34),(89,34),(90,34),(91,34),(92,34),(93,34),(94,34),(95,34),(96,34),(97,34),(98,34),(99,34),(100,34),(101,34),(102,34),(103,34),(104,34),(105,34),(106,34),(107,34),(108,35),(109,35),(110,35),(111,35),(112,35),(113,35),(114,35),(115,35),(116,35),(117,35),(118,35),(119,35),(120,35),(121,35),(122,35),(123,35),(124,35),(125,35),(126,35),(127,35),(128,35),(129,35),(130,35),(131,35),(132,35),(133,35),(134,35),(135,35),(136,35),(137,35),(138,36),(139,36),(140,36),(141,36),(142,36),(143,36),(144,36),(145,36),(146,36),(147,36),(148,36),(149,36),(150,36),(151,36),(152,36),(153,36),(154,36),(155,36),(156,36),(157,36),(158,36),(159,36),(160,36),(161,36),(162,36),(163,37),(164,37),(165,37),(166,37),(167,37),(168,37),(169,37),(170,37),(171,37),(172,37),(173,37),(174,37),(175,37),(176,37),(177,37),(178,37),(179,37),(180,37),(181,37),(182,37),(183,37),(184,37),(185,37),(186,37),(187,37),(188,37),(189,38),(190,38),(191,38),(192,38),(193,38),(194,38),(195,38),(196,38),(197,38),(198,38),(199,38),(200,38),(201,38),(202,38),(203,38),(204,38),(205,38),(206,38),(207,38),(208,38),(209,38),(210,38),(211,38),(212,38),(213,38),(214,38),(215,38),(216,38),(217,38),(218,39),(219,39),(220,39),(221,39),(222,39),(223,39),(224,39),(225,39),(226,39),(227,39),(228,39),(229,39),(230,39),(231,39),(232,39),(233,39),(234,39),(235,39),(236,39),(237,39),(238,39),(239,39),(240,39),(241,39),(242,39),(243,39),(244,40),(245,40),(246,40),(247,40),(248,40),(249,40),(250,40),(251,40),(252,40),(253,40),(254,40),(255,40),(256,40),(257,40),(258,40),(259,40),(260,40),(261,40),(262,40),(263,40),(264,40),(265,40),(266,40),(267,40),(268,40),(269,40),(270,40),(271,41),(272,41),(273,41),(274,41),(275,41),(276,41),(277,41),(278,41),(279,41),(280,41),(281,41),(282,41),(283,41),(284,41),(285,41),(286,41),(287,41),(288,41),(289,41),(290,41),(291,41),(292,41),(293,41),(294,41),(295,41),(296,41),(297,41),(298,41),(299,41),(300,41),(301,42),(302,42),(303,42),(304,42),(305,42),(306,42),(307,42),(308,42),(309,42),(310,42),(311,42),(312,42),(313,42),(314,42),(315,42),(316,42),(317,42),(318,42),(319,42),(320,42),(321,42),(322,42),(323,42),(324,42),(325,42),(326,42),(327,42),(328,42),(329,42),(330,42),(331,43),(332,43),(333,43),(334,43),(335,43),(336,43),(337,43),(338,43),(339,43),(340,43),(341,43),(342,43),(343,43),(344,43),(345,43),(346,43),(347,43),(348,43),(349,43),(350,43),(351,43),(352,43),(353,43),(354,43),(355,43),(356,43),(357,44),(358,44),(359,44),(360,44),(361,44),(362,44),(363,44),(364,44),(365,44),(366,44),(367,44),(368,44),(369,44),(370,44),(371,44),(372,44),(373,44),(374,44),(375,44),(376,44),(377,44),(378,44),(379,44),(380,44),(381,44),(382,44),(383,44),(384,45),(385,45),(386,45),(387,45),(388,45),(389,45),(390,45),(391,45),(392,45),(393,45),(394,45),(395,45),(396,45),(397,45),(398,45),(399,45),(400,45),(401,45),(402,45),(403,45),(404,45),(405,45),(406,45),(407,45),(408,45),(409,45),(410,45),(411,46),(412,46),(413,46),(414,46),(415,46),(416,46),(417,46),(418,46),(419,46),(420,46),(421,46),(422,46),(423,46),(424,46),(425,46),(426,46),(427,46),(428,46),(429,46),(430,46),(431,46),(432,46),(433,46),(434,46),(435,46),(436,46),(437,46),(438,46),(439,46),(440,46),(441,47),(442,47),(443,47),(444,47),(445,47),(446,47),(447,47),(448,47),(449,47),(450,47),(451,47),(452,47),(453,47),(454,47),(455,47),(456,47),(457,47),(458,47),(459,47),(460,47),(461,47),(462,47),(463,47),(464,47),(465,47),(466,47),(467,47),(468,48),(469,48),(470,48),(471,48),(472,48),(473,48),(474,48),(475,48),(476,48),(477,48),(478,48),(479,48),(480,48),(481,48),(482,48),(483,48),(484,48),(485,48),(486,48),(487,48),(488,48),(489,48),(490,48),(491,48),(492,48),(493,48),(494,49),(495,49),(496,49),(497,49),(498,49),(499,49),(500,49),(501,49),(502,49),(503,49),(504,49),(505,49),(506,49),(507,49),(508,49),(509,49),(510,49),(511,49),(512,49),(513,49),(514,49),(515,49),(516,49),(517,49),(518,49),(519,49),(520,49),(521,49),(522,49),(523,49),(524,50),(525,50),(526,50),(527,50),(528,50),(529,50),(530,50),(531,50),(532,50),(533,50),(534,50),(535,50),(536,50),(537,50),(538,50),(539,50),(540,50),(541,50),(542,50),(543,50),(544,50),(545,50),(546,50),(547,50),(548,50),(549,50),(550,51),(551,51),(552,51),(553,51),(554,51),(555,51),(556,51),(557,51),(558,51),(559,51),(560,51),(561,51),(562,51),(563,51),(564,51),(565,51),(566,51),(567,51),(568,51),(569,51),(570,51),(571,51),(572,51),(573,51),(574,51),(575,51),(576,52),(577,52),(578,52),(579,52),(580,52),(581,52),(582,52),(583,52),(584,52),(585,52),(586,52),(587,52),(588,52),(589,52),(590,52),(591,52),(592,52),(593,52),(594,52),(595,52),(596,52),(597,52),(598,52),(599,52),(600,52),(601,53),(602,53),(603,53),(604,53),(605,53),(606,53),(607,53),(608,53),(609,53),(610,53),(611,53),(612,53),(613,53),(614,53),(615,53),(616,53),(617,53),(618,53),(619,53),(620,53),(621,53),(622,53),(623,53),(624,53),(625,53),(626,53),(627,53),(628,53),(629,53),(630,53),(631,54),(632,54),(633,54),(634,54),(635,54),(636,54),(637,54),(638,54),(639,54),(640,54),(641,54),(642,54),(643,54),(644,54),(645,54),(646,54),(647,54),(648,54),(649,54),(650,54),(651,54),(652,54),(653,54),(654,54),(655,54),(656,54),(657,54),(658,54),(659,54),(660,54),(661,55),(662,55),(663,55),(664,55),(665,55),(666,55),(667,55),(668,55),(669,55),(670,55),(671,55),(672,55),(673,55),(674,55),(675,55),(676,55),(677,55),(678,55),(679,55),(680,55),(681,55),(682,55),(683,55),(684,55),(685,55),(686,55),(687,55),(688,55),(689,55),(690,55),(691,56),(692,56),(693,56),(694,56),(695,56),(696,56),(697,56),(698,56),(699,56),(700,56),(701,56),(702,56),(703,56),(704,56),(705,56),(706,56),(707,56),(708,56),(709,56),(710,56),(711,56),(712,56),(713,56),(714,56),(715,56),(716,56),(717,56),(718,56),(719,56),(720,57),(721,57),(722,57),(723,57),(724,57),(725,57),(726,57),(727,57),(728,57),(729,57),(730,57),(731,57),(732,57),(733,57),(734,57),(735,57),(736,57),(737,57),(738,57),(739,57),(740,57),(741,57),(742,57),(743,57),(744,57),(745,57),(746,58),(747,58),(748,58),(749,58),(750,58),(751,58),(752,58),(753,58),(754,58),(755,58),(756,58),(757,58),(758,58),(759,58),(760,58),(761,58),(762,58),(763,58),(764,58),(765,58),(766,58),(767,58),(768,58),(769,58),(770,58),(771,59),(772,59),(773,59),(774,59),(775,59),(776,59),(777,59),(778,59),(779,59),(780,59),(781,59),(782,59),(783,59),(784,59),(785,59),(786,59),(787,59),(788,59),(789,59),(790,59),(791,59),(792,59),(793,59),(794,59),(795,59),(796,59),(797,59),(798,59),(799,59),(800,60),(801,60),(802,60),(803,60),(804,60),(805,60),(806,60),(807,60),(808,60),(809,60),(810,60),(811,60),(812,60),(813,60),(814,60),(815,60),(816,60),(817,60),(818,60),(819,60),(820,60),(821,60),(822,60),(823,60),(824,60),(825,60),(826,60),(827,60),(828,60),(829,60);

/*Table structure for table `asignaturas` */

DROP TABLE IF EXISTS `asignaturas`;

CREATE TABLE `asignaturas` (
  `id` int(10) unsigned NOT NULL AUTO_INCREMENT,
  `nombre` varchar(100) COLLATE utf8_unicode_ci NOT NULL,
  PRIMARY KEY (`id`)
) ENGINE=InnoDB AUTO_INCREMENT=405 DEFAULT CHARSET=utf8 COLLATE=utf8_unicode_ci;

/*Data for the table `asignaturas` */

insert  into `asignaturas`(`id`,`nombre`) values (1,'INGLÉS I'),(2,'VALORES DEL SER'),(3,'FUNDAMENTOS DE FÍSICA'),(4,'BIOLOGÍA CELULAR Y MOLECULAR'),(5,'SISTEMA MUSCULOESQUELÉTICO'),(6,'ATENCIÓN PREHOSPITALARIA'),(7,'INTRODUCCIÓN A LA TERAPIA FÍSICA'),(8,'INGLÉS II'),(9,'INTELIGENCIA EMOCIONAL'),(10,'METODOLOGÍA DE LA INVESTIGACIÓN'),(11,'FUNDAMENTOS DE BIOQUÍMICA'),(12,'ANATOMÍA CARDIOPULMONAR'),(13,'MÉTODOS EN TERAPIA FÍSICA'),(14,'AGENTES FÍSICOS TERAPÉUTICOS'),(15,'INGLÉS III'),(16,'DESARROLLO INTERPERSONAL'),(17,'PROBABILIDAD Y ESTADÍSTICA'),(18,'FISIOLOGÍA HUMANA'),(19,'SISTEMAS CORPORALES'),(20,'TÉCNICAS EN TERAPIA FÍSICA'),(21,'KINESIOLOGÍA'),(22,'INGLÉS IV'),(23,'HABILIDADES DEL PENSAMIENTO'),(24,'CLÍNICA PROPEDÉUTICA EN TERAPIA FÍSICA'),(25,'NEUROFISIOLOGÍA'),(26,'NEUROANATOMÍA'),(27,'EJERCICIOS FUNCIONALES TERAPÉUTICOS'),(28,'CULTURA FÍSICA TERAPÉUTICA'),(29,'INGLÉS V'),(30,'HABILIDADES ORGANIZACIONALES'),(31,'LESIONADO MEDULAR'),(32,'NEUROPATOLOGÍA HUMANA'),(33,'RADIOLOGÍA E IMAGEN'),(34,'LEGISLACIÓN Y NORMATIVA EN EL SECTOR SALUD'),(35,'BIOMECÁNICA DEL APARATO LOCOMOTOR'),(36,'INGLÉS VI'),(37,'ÉTICA PROFESIONAL'),(38,'HIDROTERAPIA'),(39,'REHABILITACIÓN NEUROLÓGICA'),(40,'NEUROFACILITACIÓN'),(41,'APRENDIZAJE Y DESARROLLO MOTOR'),(42,'TERAPIA OCUPACIONAL Y DE LENGUAJE'),(43,'INGLÉS VII'),(44,'TERAPIA FÍSICA EN EL DÉBIL VISUAL'),(45,'FISIOLOGÍA DEL EJERCICIO'),(46,'ELECTROTERAPIA'),(47,'PSICOLOGÍA EN TERAPIA FÍSICA'),(48,'TECNOLOGÍAS ASISTENCIALES'),(49,'ADMINISTRACIÓN HOSPITALARIA'),(50,'INGLÉS VIII'),(51,'TERAPIA FÍSICA EN OBSTETRICIA'),(52,'TERAPIA FÍSICA EN EL ADULTO MAYOR'),(53,'TERAPIA FÍSICA CARDIORESPIRATORIA'),(54,'TERAPIA FÍSICA EN TRAUMATOLOGÍA Y ORTOPEDIA'),(55,'TERAPIA FÍSICA EN EL AMPUTADO'),(56,'ORTESIS Y PRÓTESIS'),(57,'INGLÉS IX'),(58,'TERAPIA FÍSICA EN QUEMADOS'),(59,'ESTANCIA I'),(60,'ESTANCIA II'),(61,'ESTADÍA'),(62,'INTRODUCCIÓN A LAS MATEMÁTICAS'),(63,'INTRODUCCIÓN A LA ADMINISTRACIÓN'),(64,'FUNDAMENTOS DE CONTABILIDAD'),(65,'HERRAMIENTAS DE OFIMÁTICA'),(66,'EXPRESIÓN ORAL Y ESCRITA'),(67,'MATEMÁTICAS APLICADAS A LA ADMINISTRACIÓN'),(68,'PROCESO ADMINISTRATIVO'),(69,'CONTABILIDAD FINANCIERA'),(70,'ASPECTOS LEGALES DE LA ORGANIZACIÓN'),(71,'ADMINISTRACIÓN DE SISTEMAS DE INFORMACIÓN'),(72,'PLANEACIÓN ESTRATÉGICA'),(73,'CONTABILIDAD DE COSTOS'),(74,'MICROECONOMÍA'),(75,'MACROECONOMÍA'),(76,'ADMINISTRACIÓN DEL CAPITAL HUMANO'),(77,'CONTABILIDAD ADMINISTRATIVA'),(78,'FUNDAMENTOS DE MERCADOTECNIA'),(79,'MATEMÁTICAS FINANCIERAS'),(80,'COMPORTAMIENTO Y DESARROLLO ORGANIZACIONAL'),(81,'NEGOCIACIÓN EMPRESARIAL'),(82,'INVESTIGACIÓN DE MERCADOS'),(83,'DERECHO LABORAL'),(84,'MÉTODOS CUANTITATIVOS Y PRONÓSTICOS'),(85,'ADMINISTRACIÓN DE SUELDOS Y SALARIOS'),(86,'ANÁLISIS FINANCIERO'),(87,'MERCADOTECNIA ESTRATÉGICA'),(88,'TECNOLOGÍAS DE INFORMACIÓN APLICADA A LOS NEGOCIOS'),(89,'ADMINISTRACIÓN DE LA PRODUCCIÓN'),(90,'COMERCIO INTERNACIONAL'),(91,'AUDITORÍA ADMINISTRATIVA'),(92,'ADMINISTRACIÓN FINANCIERA'),(93,'COMERCIO ELECTRÓNICO'),(94,'CALIDAD'),(95,'CONTRIBUCIONES FISCALES'),(96,'SEMINARIO DE HABILIDADES GERENCIALES'),(97,'FORMULACIÓN Y EVALUACIÓN DE PROYECTOS DE INVERSIÓN'),(98,'DESARROLLO EMPRENDEDOR'),(99,'LOGÍSTICA ADMINISTRATIVA'),(100,'DESARROLLO SUSTENTABLE'),(101,'CONSULTORÍA'),(102,'HERRAMIENTAS METODOLÓGICAS PARA LA CALIDAD'),(103,'DESARROLLO DE LA GESTIÓN ADMINISTRATIVA EN LAS ORGANIZACIONES'),(104,'ADMINISTRACIÓN DE EMPRESAS AGROINDUSTRIALES'),(105,'GESTIÓN DE LA INNOVACIÓN'),(106,'ÁLGEBRA LINEAL'),(107,'QUÍMICA INORGÁNICA'),(108,'OFIMÁTICA'),(109,'FÍSICA'),(110,'CÁLCULO DIFERENCIAL E INTEGRAL'),(111,'QUÍMICA ANALÍTICA'),(112,'QUÍMICA ORGÁNICA'),(113,'TERMODINÁMICA'),(114,'CALIDAD DEL PRODUCTO BIOTECNOLÓGICO'),(115,'ANÁLISIS QUÍMICO CUANTITATIVO'),(116,'ANÁLISIS INSTRUMENTAL'),(117,'EQUILIBRIO QUÍMICO'),(118,'MICROBIOLOGÍA GENERAL'),(119,'ANÁLISIS DIFERENCIAL'),(120,'BIOQUÍMICA MICROBIANA'),(121,'BALANCE DE MATERIA Y ENERGÍA'),(122,'MICROBIOLOGÍA APLICADA'),(123,'MÉTODOS NUMÉRICOS'),(124,'GENÉTICA MOLECULAR'),(125,'FENÓMENOS DE TRANSPORTE DE MOMENTO Y CALOR'),(126,'DISEÑO DE EXPERIMENTOS'),(127,'OPERACIONES UNITARIAS'),(128,'PLANEACIÓN E IMPLEMENTACIÓN DE LA PRODUCCIÓN'),(129,'INGENIERÍA GENÉTICA'),(130,'FENÓMENOS DE TRANSPORTE DE MASA'),(131,'INGENIERÍA DE BIOPROCESOS'),(132,'CONTROL ESTADÍSTICO DEL PROCESO'),(133,'VERIFICACIÓN Y CONTROL DE LA PRODUCCIÓN'),(134,'INGENIERÍA DE BIORREACTORES'),(135,'BIOTECNOLOGÍA MÉDICA'),(136,'BIOTECNOLOGÍA VEGETAL'),(137,'ENZIMOLOGÍA'),(138,'PROCESOS DE BIOSEPARACIÓN'),(139,'INGENIERÍA DE PROYECTOS'),(140,'BIOTECNOLOGÍA ALIMENTARIA'),(141,'BIOTECNOLOGÍA AMBIENTAL'),(142,'BIOTECNOLOGÍA MARINA'),(143,'GESTIÓN DE CALIDAD'),(144,'CONTROL PARA BIOPROCESOS'),(145,'EVALUACIÓN ECONÓMICA DE PROYECTOS'),(146,'MATEMÁTICAS'),(147,'LÓGICA DE PROGRAMACIÓN'),(148,'INGENIERÍA DE HARDWARE'),(149,'ADMINISTRACIÓN Y CONTABILIDAD'),(150,'FUNDAMENTOS DE PROGRAMACIÓN ESTRUCTURADA'),(151,'MANTENIMIENTO DE EQUIPO DE COMPUTO'),(152,'ANÁLISIS DE SISTEMAS'),(153,'PROGRAMACIÓN ESTRUCTURADA'),(154,'MATEMÁTICAS DISCRETAS'),(155,'ESTRUCTURA DE DATOS'),(156,'DISEÑO DE SISTEMAS'),(157,'FUNDAMENTOS DE PROGRAMACIÓN ORIENTADA A OBJETOS'),(158,'FUNDAMENTOS DE REDES DE COMPUTADORAS'),(159,'INGENIERÍA DE SOFTWARE'),(160,'PROGRAMACIÓN ORIENTADA A OBJETOS'),(161,'BASE DE DATOS'),(162,'DISEÑO DE REDES DE COMPUTADORAS'),(163,'NGENIERÍA DE SOFTWARE APLICADA'),(164,'SISTEMAS OPERATIVOS'),(165,'BASE DE DATOS DISTRIBUIDAS'),(166,'CONFIGURACION DE REDES DE COMPUTADORAS'),(167,'GESTION DE PROYECTOS DE TECNOLÓGIA'),(168,'HERRAMIENTAS WEB'),(169,'INVESTIGACION DE OPERACIONES'),(170,'ADMINISTRACION DE REDES DE COMPUTADORAS'),(171,'PROGRAMACION AVANZADA'),(172,'PROGRAMACION EN INTERNET'),(173,'VISION EMPRESARIAL'),(174,'INTERACCION HUMANO COMPUTADORA'),(175,'ADMINISTRACIÓN DE LA FUNCIÓN INFORMÁTICA'),(176,'INVESTIGACION APLICADA'),(177,'SISTEMAS INTEGRALES DE INFORMACIÓN'),(178,'METROLOGÍA'),(179,'ELECTRICIDAD Y MAGNETISMO'),(180,'DIBUJO PARA INGENIERÍA'),(181,'ESTÁTICA'),(182,'ANÁLISIS DE CIRCUITOS ELÉCTRICOS'),(183,'CÁLCULO VECTORIAL'),(184,'NORMATIVIDAD Y SEGURIDAD INDUSTRIAL'),(185,'DINÁMICA'),(186,'ELECTRÓNICA ANALÓGICA'),(187,'ELECTRÓNICA DIGITAL'),(188,'INGENIERÍA DEL MANTENIMIENTO'),(189,'RESISTENCIA DE MATERIALES'),(190,'ELECTRÓNICA DE POTENCIA'),(191,'PROGRAMACIÓN DE PERIFÉRICOS'),(192,'ECUACIONES DIFERENCIALES'),(193,'ANÁLISIS DE MECANISMOS'),(194,'SENSORES Y ACONDICIONAMIENTO DE SEÑALES'),(195,'MICROCONTROLADORES'),(196,'MODELADO Y SIMULACIÓN DE SISTEMAS'),(197,'MECÁNICA DE FLUIDOS'),(198,'DISEÑO MECÁNICO'),(199,'AUTOMATIZACIÓN INDUSTRIAL'),(200,'MÁQUINAS ELÉCTRICAS'),(201,'PROCESOS DE MANUFACTURA'),(202,'SISTEMAS HIDRÁULICOS Y NEUMÁTICOS'),(203,'ADQUISICIÓN Y PROCESAMIENTO DE SEÑALES'),(204,'INGENIERÍA ASISTIDA POR COMPUTADORA'),(205,'ADMINISTRACIÓN E INGENIERÍA DE PROYECTOS'),(206,'INGENIERÍA ECONÓMICA'),(207,'TEORÍA DE CONTROL'),(208,'SISTEMAS CAM Y CNC'),(209,'DISEÑO MECATRÓNICO'),(210,'CINEMÁTICA DE ROBOTS'),(211,'CONTROL DIGITAL'),(212,'VIBRACIONES MECÁNICAS'),(213,'TRANSFERENCIA DE CALOR'),(214,'REDES INDUSTRIALES'),(215,'INTEGRACIÓN DE SISTEMAS MECATRÓNICOS'),(216,'DINÁMICA Y CONTROL DE ROBOTS'),(217,'CONTROL INTELIGENTE'),(218,'CALIDAD E INNOVACIÓN TECNOLÓGICA'),(219,'INTRODUCCIÓN A LA INGENIERÍA EN ENERGÍA'),(220,'TRANSFORMACIONES QUÍMICAS CON LABORATORIO'),(221,'MECÁNICA CON LABORATORIO'),(222,'CÁLCULO DIFERENCIAL'),(223,'PROGRAMACIÓN'),(224,'SEMINARIO DE INGENIERÍA EN ENERGÍA TÉRMICA'),(225,'TERMODINÁMICA CON LABORATORIO'),(226,'LABORATORIO DE SIMULACIÓN Y DISEÑO POR COMPUTADORA'),(227,'CÁLCULO INTEGRAL'),(228,'ÓPTICA'),(229,'SEMINARIO DE INGENIERÍA EN ENERGÍA EÓLICA'),(230,'TRANSFERENCIA DE CALOR Y MASA'),(231,'CÁLCULO DE VARIAS VARIABLES'),(232,'MECÁNICA DE FLUIDOS CON LABORATORIO'),(233,'SEMINARIO DE INGENIERÍA EN ENERGÍA DEL HIDRÓGENO'),(234,'ENERGÍA DEL HIDRÓGENO CON LABORATORIO'),(235,'FÍSICA MODERNA'),(236,'SEMINARIO DE INGENIERÍA EN ENERGÍA FOTOVOLTAICA'),(237,'ESTADO SÓLIDO'),(238,'ELECTRICIDAD Y MAGNETISMO CON LABORATORIO'),(239,'ECUACIONES DIFERENCIALES PARCIALES'),(240,'SISTEMAS FOTOVOLTAICOS CON LABORATORIO'),(241,'SEMINARIO DE INGENIERÍA EN ENERGÍA DE BIOMASA'),(242,'ELECTROQUÍMICA'),(243,'BIOMASA CON LABORATORIO'),(244,'CELDAS DE COMBUSTIBLE'),(245,'METROLOGÍA E INSTRUMENTACIÓN'),(246,'FÍSICA NUCLEAR CON LABORATORIO'),(247,'INGENIERÍA AMBIENTAL'),(248,'TECNOLOGÍA DE LOS GENERADORES ELECTROMECÁNICOS'),(249,'CONTABILIDAD EMPRESARIAL'),(250,'ALMACENAMIENTO DE LA ENERGÍA SOLAR'),(251,'AHORRO Y USO EFICIENTE DE ENERGÍA'),(252,'SEGURIDAD INDUSTRIAL'),(253,'ENERGÍA HIDRÁULICA CON LABORATORIO'),(254,'INGENIERÍA ENERGÉTICA'),(255,'DISEÑO SUSTENTABLE DE INSTALACIONES ELÉCTRICAS'),(256,'INNOVACIÓN TECNOLÓGICA'),(257,'INTRODUCCIÓN A LA ARQUITECTURA BIOCLIMÁTICA'),(258,'GESTIÓN DE PROYECTOS'),(259,'DISEÑO SUSTENTABLE CON ENERGÍAS ALTERNATIVAS'),(260,'ÉTICA DE LOS NEGOCIOS'),(261,'FUNDAMENTOS DE LA CADENA DE SUMINISTRO'),(262,'ADMINISTRACIÓN Y PRINCIPIOS DE ECONOMÍA'),(263,'TEMAS SELECTOS DE FÍSICA'),(264,'CALIDAD EN LA CADENA DE SUMINISTRO'),(265,'LOGÍSTICA DEL ABASTECIMIENTO'),(266,'QUÍMICA ENERGÉTICA Y AMBIENTAL'),(267,'CONTROL ESTADÍSTICO DE LA CALIDAD'),(268,'PRONÓSTICOS EN LA CADENA DE SUMINISTROS'),(269,'PLANEACIÓN Y CONTROL DE INVENTARIOS'),(270,'INTRODUCCIÓN A LA OPERACIÓN DEL TRANSPORTE'),(271,'TI APLICADAS A LA LOGÍSTICA'),(272,'LOGÍSTICA DE LA PRODUCCIÓN'),(273,'INVESTIGACIÓN DE OPERACIONES LOGÍSTICAS'),(274,'SISTEMAS DE TRANSPORTACIÓN FERROVIARIO Y CARRETERO'),(275,'TI APLICADAS AL TRANSPORTE'),(276,'CENTROS DE DISTRIBUCIÓN Y ALMACENES'),(277,'MÉTODOS CUANTITATIVOS PARA OPTIMIZACIÓN'),(278,'SISTEMAS DE TRANSPORTACIÓN AÉREO Y MARÍTIMO'),(279,'TÉCNICAS DE SELECCIÓN Y RENOVACIÓN VEHICULAR'),(280,'MERCADOTECNIA Y VENTA DEL SERVICIO'),(281,'ECONOMÍA DEL TRANSPORTE'),(282,'ADMINISTRACIÓN DEL MANTENIMIENTO'),(283,'TRANSPORTE Y SISTEMA DE DISTRIBUCIÓN'),(284,'ADMINISTRACIÓN DE PERSONAL'),(285,'BLOQUES ECONÓMICOS'),(286,'SISTEMAS DE COSTEO EN OPERACIONES LOGÍSTICAS'),(287,'ESTUDIOS DE INGENIERÍA DEL TRANSPORTE'),(288,'PLANEACIÓN OPERATIVA EN LA LOGÍSTICA Y EL TRANSPORTE'),(289,'LOGÍSTICA EN EL COMERCIO INTERNACIONAL'),(290,'OPERACIÓN DE FLOTAS Y TERMINALES'),(291,'LEGISLACIÓN Y DERECHO DEL TRANSPORTE'),(292,'INGENIERÍA DE TRÁNSITO'),(293,'OPERACIÓN DE ALMACENES Y REFACCIONARIAS'),(294,'DISTRIBUCIÓN FÍSICA INTERNACIONAL'),(295,'GESTIÓN Y DIRECCIÓN DE EMPRESAS'),(296,'FORMULACIÓN Y EVALUACIÓN DE PROYECTOS'),(297,'MODELOS DE TRANSPORTE Y LOGÍSTICA'),(298,'TRANSPORTE URBANO'),(299,'SEMINARIO DE ANÁLISIS DE CASOS Y DECISIONES'),(300,'ECUACIONES LINEALES'),(301,'BIOLOGÍA'),(302,'BIOESTADÍSTICA'),(303,'ECOLOGÍA DE SISTEMAS AMBIENTALES'),(304,'QUÍMICA AMBIENTAL'),(305,'MICROBIOLOGÍA AMBIENTAL'),(306,'MODELOS MATEMÁTICOS'),(307,'MUESTREO ESTADÍSTICO'),(308,'CONTAMINACIÓN AMBIENTAL'),(309,'DISEÑO EXPERIMENTAL'),(310,'BIOQUÍMICA'),(311,'GESTIÓN INTEGRAL DE RESIDUOS'),(312,'FISICOQUÍMICA'),(313,'LEGISLACIÓN AMBIENTAL Y GESTIÓN'),(314,'IMPACTO AMBIENTAL '),(315,'FENÓMENOS DE TRANSPORTE'),(316,'ORDENAMIENTO TERRITORIAL Y ECOLÓGICO'),(317,'PLANEACIÓN ESTRATÉGICA Y CONSULTORÍA'),(318,'ANÁLISIS DE RIESGO LABORAL Y AMBIENTAL'),(319,'AUDITORÍA AMBIENTAL'),(320,'OPERACIONES UNITARIAS PARA SISTEMAS AMBIENTALES'),(321,'MECÁNICA DE FLUIDOS E HIDRÁULICA'),(322,'TOXICOLOGÍA AMBIENTAL'),(323,'DE INVERSIÓN'),(324,'REMEDIACIÓN DE SUELOS'),(325,'TECNOLOGÍA PARA EL TRATAMIENTO DE AGUAS'),(326,'ENERGÍAS ALTERNATIVAS'),(327,'SISTEMAS DE CONSERVACIÓN AMBIENTALES'),(328,'DISEÑO DE TECNOLOGÍAS AMBIENTALES'),(329,'SIMULACIÓN Y EVALUACIÓN DE TECNOLOGÍAS AMBIENTALES'),(330,'TECNOLOGÍA PARA EL TRATAMIENTO DE AIRE'),(331,'OPERACIONES UNITARIAS AVANZADAS'),(332,'TECNOLOGÍA ENZIMÁTICA'),(333,'TRATAMIENTO DE RESIDUOS'),(334,'INTRODUCCION A LA INGENIERÍA BIOMÉDICA'),(335,'HERRAMIENTAS OFIMÁTICAS'),(336,'FUNDAMENTOS DE QUÍMICA'),(337,'INSTRUMENTACION BIOMÉDICA'),(338,'MEDICIONES ELÉCTRICAS'),(339,'FUNDAMENTOS DE ELECTRONICA'),(340,'BIOQUÍMICA CLÍNICA'),(341,'APLICACION DE ECUACIONES DIFERENCIALES'),(342,'SENSORES Y ACTUADORES BIOMÉDICOS'),(343,'FISIOLOGIA'),(344,'ENTORNO DE INSTRUMENTACION'),(345,'SUMINISTRO DE ENERGIA ELECTRICA'),(346,'SISTEMA DE GESTION DE SALUD'),(347,'MANTENIMIENTO DE EQUIPO MEDICO'),(348,'MICROPROCESADORES'),(349,'FÍSICA MEDICA'),(350,'DISEñO ASISTIDO POR COMPUTADORA'),(351,'APLICACIONES DE LA TELEMEDICINA'),(352,'SERIES Y TRANSFORMADAS'),(353,'PROTOCOLOS E INTERFACES D COMUNICACION'),(354,'TECNOLOGÍA CLÍNICA HOSPITALARIA'),(355,'SISTEMAS DE CONTROL'),(356,'DESARROLLO DE SISTEMAS BIOMEDICOS'),(357,'TECNOLOGÍA HOSPITALARIA AMBIENTAL'),(358,'SEGURIDAD Y NORMAS'),(359,'PROCESAMIENTO DE SEÑAS BIOMÉDICAS'),(360,'DISPOSITIVOS PROGRAMABLES'),(361,'INTEGRACION DE SISTEMAS BIOMÉDICOS'),(362,'PROCESAMIENTO DE IMÁGENES'),(363,'FUNDAMENTOS DE TELEMEDICINA'),(364,'ADMINISTRACION DE RECURSOS HOSPITALARIOS'),(365,'BIOMECÁNICA'),(366,'TALLER DE MODELADO'),(367,'DIBUJO ARTÍSTICO'),(368,'ANATOMÍA HUMANA Y ANIMAL'),(369,'HISTORIA Y ANÁLISIS DEL ARTE'),(370,'TEORÍA DEL COLOR APLICADA A LA PINTURA'),(371,'DIBUJO DIGITAL'),(372,'CÁLCULO'),(373,'ANIMACIÓN 2D'),(374,'CREACIÓN Y PSICOLOGÍA DE PERSONAJES'),(375,'INTRODUCCIÓN AL MODELADO 3D'),(376,'ANÁLISIS DE HISTORIAS'),(377,'NARRATIVA'),(378,'CARACTERIZACIÓN DE PERSONAJES EN 3D'),(379,'SEMIÓTICA'),(380,'FUNDAMENTOS DE FOTOGRAFÍA'),(381,'STORYBOARD'),(382,'LOGICA PARA PROGRAMACIÓN'),(383,'INTRODUCCIÓN A LA ANIMACIÓN 3D'),(384,'EDICIÓN Y COMPOSICIÓN FOTOGRÁFICA'),(385,'GRABACIÓN DE AUDIO'),(386,'PAINTING 3D'),(387,'DISEÑO DE ALGORITMOS'),(388,'ESQUELETOS Y CINEMÁTICA'),(389,'DISEÑO DE ESCENARIOS EN MAQUETA'),(390,'DISEÑO DE AUDIO'),(391,'FUNDAMENTOS DE EFECTOS VISUALES'),(392,'DINÁMICOS Y FLUIDOS'),(393,'TÉCNICAS DE CINE'),(394,'DINÁMICOS Y ROPA'),(395,'EMPRENDEDOR'),(396,'PRODUCCIÓN DE EFECTOS ESPECIALES'),(397,'DINÁMICOS Y MÚSCULOS'),(398,'DIRECCIÓN ARTÍSTICA'),(399,'SIMULACIÓN 3D'),(400,'CINEMATOGRAFÍA'),(401,'COMPOSICIÓN DE EFECTOS'),(402,'DINÁMICOS Y PELO'),(403,'PROPIEDAD INTELECTUAL'),(404,'MOTORES DE VIDEO JUEGOS');

/*Table structure for table `asignaturas_carreras` */

DROP TABLE IF EXISTS `asignaturas_carreras`;

CREATE TABLE `asignaturas_carreras` (
  `asignatura_id` int(10) unsigned NOT NULL,
  `carrera_id` int(10) unsigned NOT NULL,
  `cuatrimestre` int(10) unsigned NOT NULL,
  `horas_semana` int(11) NOT NULL,
  PRIMARY KEY (`carrera_id`,`asignatura_id`),
  KEY `fk_asignaturas_carreras_asignatura_id` (`asignatura_id`),
  CONSTRAINT `fk_asignaturas_carreras_asignatura_id` FOREIGN KEY (`asignatura_id`) REFERENCES `asignaturas` (`id`),
  CONSTRAINT `fk_asignaturas_carreras_carrera_id` FOREIGN KEY (`carrera_id`) REFERENCES `carreras` (`id`)
) ENGINE=InnoDB DEFAULT CHARSET=utf8 COLLATE=utf8_unicode_ci;

/*Data for the table `asignaturas_carreras` */

insert  into `asignaturas_carreras`(`asignatura_id`,`carrera_id`,`cuatrimestre`,`horas_semana`) values (1,1,1,10),(2,1,1,5),(3,1,1,5),(4,1,1,5),(5,1,1,5),(6,1,1,5),(7,1,1,5),(8,1,2,10),(9,1,2,5),(10,1,2,5),(11,1,2,5),(12,1,2,5),(13,1,2,5),(14,1,2,5),(15,1,3,8),(16,1,3,6),(17,1,3,6),(18,1,3,5),(19,1,3,5),(20,1,3,5),(21,1,3,5),(22,1,4,10),(23,1,4,5),(24,1,4,5),(25,1,4,5),(26,1,4,5),(27,1,4,5),(28,1,4,5),(29,1,5,7),(30,1,5,7),(31,1,5,5),(32,1,5,6),(33,1,5,5),(34,1,5,5),(35,1,5,5),(36,1,6,10),(37,1,6,5),(38,1,6,5),(39,1,6,5),(40,1,6,5),(41,1,6,5),(42,1,6,5),(43,1,7,9),(44,1,7,6),(45,1,7,5),(46,1,7,5),(47,1,7,5),(48,1,7,5),(49,1,7,5),(50,1,8,10),(51,1,8,5),(52,1,8,5),(53,1,8,5),(54,1,8,5),(55,1,8,5),(56,1,8,5),(57,1,9,10),(58,1,9,10),(59,1,9,10),(60,1,9,10),(61,1,10,40),(1,2,1,10),(2,2,1,5),(8,2,2,7),(9,2,2,6),(10,2,3,6),(15,2,3,6),(16,2,3,6),(17,2,3,5),(22,2,4,7),(23,2,4,7),(29,2,5,9),(30,2,5,5),(36,2,6,10),(37,2,6,5),(43,2,7,9),(50,2,8,6),(57,2,9,7),(59,2,4,5),(60,2,7,5),(61,2,10,40),(62,2,1,5),(63,2,1,5),(64,2,1,5),(65,2,1,5),(66,2,1,5),(67,2,2,6),(68,2,2,5),(69,2,2,5),(70,2,2,6),(71,2,2,5),(72,2,3,5),(73,2,3,6),(74,2,3,6),(75,2,4,6),(76,2,4,5),(77,2,4,5),(78,2,4,5),(79,2,5,6),(80,2,5,5),(81,2,5,5),(82,2,5,5),(83,2,5,5),(84,2,6,5),(85,2,6,5),(86,2,6,5),(87,2,6,5),(88,2,6,5),(89,2,7,5),(90,2,7,6),(91,2,7,5),(92,2,7,5),(93,2,7,5),(94,2,8,7),(95,2,8,5),(96,2,8,6),(97,2,8,6),(98,2,8,5),(99,2,8,5),(100,2,9,8),(101,2,9,5),(102,2,9,5),(103,2,9,5),(104,2,9,5),(105,2,9,5),(1,3,1,7),(2,3,1,7),(4,3,3,5),(8,3,2,6),(9,3,2,8),(10,3,2,5),(15,3,3,8),(16,3,3,7),(17,3,1,5),(22,3,4,6),(23,3,4,9),(29,3,5,7),(30,3,5,7),(36,3,6,10),(37,3,6,5),(43,3,7,8),(50,3,8,9),(57,3,9,7),(59,3,4,5),(60,3,7,8),(61,3,10,40),(106,3,1,5),(107,3,1,6),(108,3,1,5),(109,3,1,5),(110,3,2,5),(111,3,2,5),(112,3,2,5),(113,3,2,6),(114,3,3,5),(115,3,3,5),(116,3,3,5),(117,3,3,5),(118,3,4,5),(119,3,4,5),(120,3,4,5),(121,3,4,5),(122,3,5,5),(123,3,5,6),(124,3,5,5),(125,3,5,5),(126,3,5,5),(127,3,6,5),(128,3,6,5),(129,3,6,5),(130,3,6,5),(131,3,6,5),(132,3,7,8),(133,3,7,8),(134,3,7,8),(135,3,8,6),(136,3,8,6),(137,3,8,6),(138,3,8,6),(139,3,8,7),(140,3,9,6),(141,3,9,6),(142,3,9,5),(143,3,9,6),(144,3,9,5),(145,3,9,5),(1,4,1,8),(2,4,1,7),(3,4,1,6),(8,4,2,9),(9,4,2,7),(15,4,3,7),(16,4,3,5),(17,4,3,8),(22,4,4,9),(23,4,4,7),(29,4,5,8),(30,4,5,6),(36,4,6,9),(37,4,6,7),(43,4,7,8),(50,4,8,6),(57,4,9,8),(59,4,4,6),(60,4,7,8),(61,4,10,40),(110,4,2,6),(123,4,4,6),(146,4,1,6),(147,4,1,6),(148,4,1,7),(149,4,2,6),(150,4,2,6),(151,4,2,6),(152,4,3,5),(153,4,3,5),(154,4,3,5),(155,4,3,5),(156,4,4,6),(157,4,4,6),(158,4,5,7),(159,4,5,7),(160,4,5,6),(161,4,5,6),(162,4,6,6),(163,4,6,6),(164,4,6,6),(165,4,6,6),(166,4,7,8),(167,4,7,8),(168,4,7,8),(169,4,8,9),(170,4,8,6),(171,4,8,7),(172,4,8,6),(173,4,8,6),(174,4,9,8),(175,4,9,8),(176,4,9,8),(177,4,9,8),(1,5,1,6),(2,5,1,6),(8,5,2,6),(9,5,2,8),(15,5,3,9),(16,5,3,5),(17,5,3,5),(22,5,4,7),(23,5,4,6),(29,5,5,6),(30,5,5,6),(36,5,6,10),(37,5,6,5),(43,5,7,7),(50,5,8,10),(57,5,9,10),(59,5,4,5),(60,5,7,5),(61,5,10,40),(106,5,1,5),(110,5,1,5),(113,5,8,5),(153,5,2,5),(178,5,1,5),(179,5,1,7),(180,5,1,6),(181,5,2,5),(182,5,2,6),(183,5,2,5),(184,5,2,5),(185,5,3,5),(186,5,3,6),(187,5,3,5),(188,5,3,5),(189,5,4,5),(190,5,4,7),(191,5,4,5),(192,5,4,5),(193,5,5,7),(194,5,5,5),(195,5,5,6),(196,5,5,5),(197,5,5,5),(198,5,6,5),(199,5,6,5),(200,5,6,5),(201,5,6,5),(202,5,6,5),(203,5,7,7),(204,5,7,5),(205,5,7,5),(206,5,7,5),(207,5,7,6),(208,5,8,5),(209,5,8,5),(210,5,8,5),(211,5,8,5),(212,5,8,5),(213,5,9,5),(214,5,9,5),(215,5,9,5),(216,5,9,5),(217,5,9,5),(218,5,9,5),(1,6,1,5),(2,6,1,5),(8,6,2,5),(9,6,2,5),(15,6,3,5),(16,6,3,5),(22,6,4,5),(23,6,4,5),(29,6,5,6),(30,6,5,5),(36,6,6,5),(37,6,6,5),(43,6,7,5),(50,6,8,5),(57,6,9,5),(59,6,4,5),(60,6,7,5),(61,6,10,40),(63,6,9,7),(106,6,3,5),(192,6,4,6),(200,6,6,5),(219,6,1,5),(220,6,1,6),(221,6,1,8),(222,6,1,6),(223,6,1,5),(224,6,2,6),(225,6,2,8),(226,6,2,6),(227,6,2,5),(228,6,2,5),(229,6,3,8),(230,6,3,7),(231,6,3,5),(232,6,3,5),(233,6,4,6),(234,6,4,8),(235,6,4,5),(236,6,5,5),(237,6,5,7),(238,6,5,6),(239,6,5,6),(240,6,5,5),(241,6,6,7),(242,6,6,8),(243,6,6,5),(244,6,6,5),(245,6,7,9),(246,6,7,5),(247,6,7,6),(248,6,7,5),(249,6,7,5),(250,6,8,8),(251,6,8,6),(252,6,8,6),(253,6,8,5),(254,6,8,5),(255,6,8,5),(256,6,9,6),(257,6,9,5),(258,6,9,5),(259,6,9,6),(260,6,9,6),(1,7,1,6),(2,7,1,6),(8,7,2,8),(9,7,2,6),(10,7,7,5),(15,7,3,6),(16,7,3,7),(17,7,1,5),(22,7,4,8),(23,7,4,7),(29,7,5,10),(30,7,5,5),(36,7,6,7),(37,7,6,6),(43,7,7,6),(50,7,8,8),(57,7,9,9),(59,7,4,5),(60,7,7,5),(61,7,10,40),(72,7,6,7),(106,7,3,7),(110,7,2,6),(147,7,2,5),(206,7,8,5),(261,7,1,5),(262,7,1,6),(263,7,1,7),(264,7,1,5),(265,7,2,5),(266,7,2,5),(267,7,2,5),(268,7,3,5),(269,7,3,5),(270,7,3,5),(271,7,3,5),(272,7,4,5),(273,7,4,5),(274,7,4,5),(275,7,4,5),(276,7,5,5),(277,7,5,5),(278,7,5,5),(279,7,5,5),(280,7,5,5),(281,7,6,5),(282,7,6,5),(283,7,6,5),(284,7,6,5),(285,7,7,6),(286,7,7,6),(287,7,7,7),(288,7,7,5),(289,7,8,7),(290,7,8,5),(291,7,8,5),(292,7,8,5),(293,7,8,5),(294,7,9,5),(295,7,9,5),(296,7,9,5),(297,7,9,5),(298,7,9,6),(299,7,9,5),(1,8,1,7),(2,8,1,8),(8,8,2,5),(9,8,2,5),(15,8,3,7),(16,8,3,6),(22,8,4,10),(23,8,4,5),(29,8,5,9),(30,8,5,5),(36,8,6,10),(37,8,6,5),(43,8,7,6),(50,8,8,5),(57,8,9,7),(59,8,4,5),(60,8,7,5),(61,8,10,40),(100,8,5,5),(107,8,1,5),(108,8,1,5),(109,8,1,5),(110,8,2,6),(111,8,2,6),(112,8,2,6),(113,8,4,5),(121,8,5,6),(123,8,7,5),(131,8,8,5),(206,8,7,5),(296,8,8,5),(300,8,1,5),(301,8,1,5),(302,8,2,6),(303,8,2,6),(304,8,3,6),(305,8,3,6),(306,8,3,5),(307,8,3,5),(308,8,3,5),(309,8,4,5),(310,8,4,5),(311,8,4,5),(312,8,5,5),(313,8,5,5),(314,8,5,5),(315,8,6,5),(316,8,6,5),(317,8,6,5),(318,8,6,5),(319,8,6,5),(320,8,7,8),(321,8,7,5),(322,8,7,6),(323,8,8,5),(324,8,8,5),(325,8,8,5),(326,8,8,5),(327,8,8,5),(328,8,9,6),(329,8,9,6),(330,8,9,6),(331,8,9,5),(332,8,9,5),(333,8,9,5),(1,9,1,6),(2,9,1,9),(3,9,1,5),(8,9,2,7),(9,9,2,6),(15,9,3,7),(16,9,3,7),(17,9,4,5),(22,9,4,5),(23,9,4,10),(29,9,5,5),(30,9,5,6),(36,9,6,8),(37,9,6,6),(43,9,7,9),(50,9,8,6),(57,9,9,10),(59,9,4,5),(60,9,7,5),(61,9,10,40),(106,9,3,5),(123,9,3,6),(153,9,3,5),(160,9,4,5),(161,9,4,5),(186,9,3,5),(187,9,4,5),(190,9,5,5),(200,9,5,5),(206,9,9,5),(222,9,1,5),(227,9,2,6),(334,9,1,5),(335,9,1,5),(336,9,1,5),(337,9,2,6),(338,9,2,5),(339,9,2,5),(340,9,2,5),(341,9,3,5),(342,9,5,8),(343,9,5,6),(344,9,5,5),(345,9,6,6),(346,9,6,5),(347,9,6,5),(348,9,6,5),(349,9,6,5),(350,9,7,6),(351,9,7,5),(352,9,7,5),(353,9,7,5),(354,9,7,5),(355,9,8,5),(356,9,8,5),(357,9,8,6),(358,9,8,6),(359,9,8,6),(360,9,8,6),(361,9,9,5),(362,9,9,5),(363,9,9,5),(364,9,9,5),(365,9,9,5),(1,10,1,8),(2,10,1,6),(3,10,2,6),(8,10,2,5),(9,10,2,6),(15,10,3,7),(16,10,3,7),(17,10,3,5),(22,10,4,10),(23,10,4,5),(29,10,5,7),(30,10,5,8),(36,10,6,9),(37,10,6,6),(43,10,7,8),(50,10,8,6),(57,10,9,7),(59,10,4,5),(60,10,7,5),(61,10,10,40),(82,10,9,5),(106,10,1,5),(223,10,9,5),(258,10,7,6),(335,10,1,5),(366,10,1,6),(367,10,1,5),(368,10,1,5),(369,10,2,5),(370,10,2,6),(371,10,2,6),(372,10,2,6),(373,10,3,5),(374,10,3,6),(375,10,3,5),(376,10,3,5),(377,10,4,5),(378,10,4,5),(379,10,4,5),(380,10,4,5),(381,10,5,5),(382,10,5,5),(383,10,5,5),(384,10,5,5),(385,10,5,5),(386,10,6,5),(387,10,6,5),(388,10,6,5),(389,10,6,5),(390,10,6,5),(391,10,7,6),(392,10,7,5),(393,10,7,5),(394,10,7,5),(395,10,8,6),(396,10,8,7),(397,10,8,6),(398,10,8,5),(399,10,8,5),(400,10,8,5),(401,10,9,7),(402,10,9,5),(403,10,9,6),(404,10,9,5);

/*Table structure for table `asignaturas_profesores` */

DROP TABLE IF EXISTS `asignaturas_profesores`;

CREATE TABLE `asignaturas_profesores` (
  `asignatura_id` int(10) unsigned NOT NULL,
  `profesor_id` int(10) unsigned NOT NULL,
  PRIMARY KEY (`asignatura_id`,`profesor_id`),
  KEY `fk_asignaturas_profesores_profesor_id` (`profesor_id`),
  CONSTRAINT `fk_asignaturas_profesores_asignatura_id` FOREIGN KEY (`asignatura_id`) REFERENCES `asignaturas` (`id`),
  CONSTRAINT `fk_asignaturas_profesores_profesor_id` FOREIGN KEY (`profesor_id`) REFERENCES `profesores` (`id`)
) ENGINE=InnoDB DEFAULT CHARSET=utf8 COLLATE=utf8_unicode_ci;

/*Data for the table `asignaturas_profesores` */

insert  into `asignaturas_profesores`(`asignatura_id`,`profesor_id`) values (1,1),(2,1),(3,1),(4,1),(5,1),(9,1),(1,2),(2,2),(3,2),(6,2),(7,2),(8,2),(1,3),(4,3),(5,3),(6,3),(7,3),(227,3),(265,3),(372,3),(2,4),(3,4),(4,4),(5,4),(6,4),(7,4),(9,4),(12,4),(266,4),(1,5),(2,5),(8,5),(62,5),(63,5),(64,5),(1,6),(2,6),(10,6),(62,6),(65,6),(66,6),(112,6),(1,7),(63,7),(64,7),(65,7),(66,7),(337,7),(370,7),(371,7),(2,8),(62,8),(63,8),(64,8),(65,8),(66,8),(113,8),(225,8),(1,9),(2,9),(8,9),(17,9),(106,9),(107,9),(369,9),(370,9),(1,10),(2,10),(8,10),(17,10),(108,10),(109,10),(1,11),(8,11),(11,11),(106,11),(107,11),(108,11),(109,11),(112,11),(2,12),(9,12),(17,12),(106,12),(107,12),(108,12),(1,13),(2,13),(3,13),(8,13),(109,13),(224,13),(1,14),(8,14),(146,14),(147,14),(148,14),(2,15),(3,15),(9,15),(106,15),(146,15),(147,15),(1,16),(2,16),(3,16),(111,16),(148,16),(225,16),(303,16),(1,17),(69,17),(106,17),(146,17),(147,17),(148,17),(2,18),(110,18),(151,18),(178,18),(179,18),(180,18),(1,19),(2,19),(110,19),(178,19),(179,19),(1,20),(2,20),(68,20),(106,20),(110,20),(180,20),(1,21),(2,21),(70,21),(178,21),(179,21),(180,21),(184,21),(10,22),(111,22),(219,22),(220,22),(221,22),(222,22),(223,22),(302,22),(1,23),(2,23),(13,23),(14,23),(219,23),(220,23),(221,23),(1,24),(2,24),(8,24),(67,24),(149,24),(219,24),(222,24),(223,24),(220,25),(221,25),(222,25),(223,25),(226,25),(261,25),(267,25),(1,26),(2,26),(17,26),(112,26),(184,26),(262,26),(263,26),(1,27),(2,27),(8,27),(17,27),(227,27),(261,27),(264,27),(1,28),(2,28),(111,28),(227,28),(262,28),(263,28),(264,28),(266,28),(3,29),(9,29),(17,29),(261,29),(262,29),(263,29),(264,29),(369,29),(371,29),(1,30),(2,30),(9,30),(107,30),(108,30),(109,30),(1,31),(2,31),(107,31),(150,31),(300,31),(301,31),(338,31),(372,31),(1,32),(8,32),(108,32),(109,32),(228,32),(300,32),(301,32),(339,32),(2,33),(107,33),(108,33),(109,33),(227,33),(300,33),(338,33),(340,33),(1,34),(2,34),(3,34),(110,34),(222,34),(301,34),(1,35),(2,35),(8,35),(181,35),(225,35),(334,35),(335,35),(336,35),(3,36),(9,36),(222,36),(334,36),(335,36),(336,36),(1,37),(2,37),(9,37),(222,37),(334,37),(335,37),(1,38),(2,38),(106,38),(153,38),(183,38),(335,38),(336,38),(1,39),(2,39),(8,39),(71,39),(366,39),(367,39),(368,39),(106,40),(182,40),(224,40),(335,40),(366,40),(367,40),(368,40),(1,41),(2,41),(106,41),(149,41),(303,41),(335,41),(339,41),(366,41),(8,42),(267,42),(340,42),(367,42),(368,42),(372,43);

/*Table structure for table `aulas` */

DROP TABLE IF EXISTS `aulas`;

CREATE TABLE `aulas` (
  `id` int(10) unsigned NOT NULL AUTO_INCREMENT,
  `nombre` varchar(20) COLLATE utf8_unicode_ci NOT NULL,
  PRIMARY KEY (`id`)
) ENGINE=InnoDB AUTO_INCREMENT=141 DEFAULT CHARSET=utf8 COLLATE=utf8_unicode_ci;

/*Data for the table `aulas` */

insert  into `aulas`(`id`,`nombre`) values (1,'110'),(2,'111'),(3,'112'),(4,'113'),(5,'114'),(6,'115'),(7,'116'),(8,'117'),(9,'118'),(10,'119'),(11,'120'),(12,'121'),(13,'122'),(14,'123'),(15,'124'),(16,'125'),(17,'126'),(18,'127'),(19,'128'),(20,'129'),(21,'130'),(22,'131'),(23,'132'),(24,'133'),(25,'134'),(26,'135'),(27,'136'),(28,'137'),(29,'138'),(30,'139'),(31,'140'),(32,'141'),(33,'142'),(34,'143'),(35,'144'),(36,'145'),(37,'146'),(38,'147'),(39,'148'),(40,'149'),(41,'210'),(42,'211'),(43,'212'),(44,'213'),(45,'214'),(46,'215'),(47,'216'),(48,'217'),(49,'218'),(50,'219'),(51,'220'),(52,'221'),(53,'222'),(54,'223'),(55,'224'),(56,'225'),(57,'226'),(58,'227'),(59,'228'),(60,'229'),(61,'230'),(62,'231'),(63,'232'),(64,'233'),(65,'234'),(66,'235'),(67,'236'),(68,'237'),(69,'238'),(70,'239'),(71,'240'),(72,'241'),(73,'242'),(74,'243'),(75,'244'),(76,'245'),(77,'246'),(78,'247'),(79,'248'),(80,'249'),(81,'310'),(82,'311'),(83,'312'),(84,'313'),(85,'314'),(86,'315'),(87,'316'),(88,'317'),(89,'318'),(90,'319'),(91,'320'),(92,'321'),(93,'322'),(94,'323'),(95,'324'),(96,'325'),(97,'326'),(98,'327'),(99,'328'),(100,'329'),(101,'330'),(102,'331'),(103,'332'),(104,'333'),(105,'334'),(106,'335'),(107,'336'),(108,'337'),(109,'338'),(110,'339'),(111,'410'),(112,'411'),(113,'412'),(114,'413'),(115,'414'),(116,'415'),(117,'416'),(118,'417'),(119,'418'),(120,'419'),(121,'420'),(122,'421'),(123,'422'),(124,'423'),(125,'424'),(126,'425'),(127,'426'),(128,'427'),(129,'428'),(130,'429'),(131,'430'),(132,'431'),(133,'432'),(134,'433'),(135,'434'),(136,'435'),(137,'436'),(138,'437'),(139,'438'),(140,'439');

/*Table structure for table `calificaciones` */

DROP TABLE IF EXISTS `calificaciones`;

CREATE TABLE `calificaciones` (
  `alumno_id` int(10) unsigned NOT NULL,
  `asignatura_id` int(10) unsigned NOT NULL,
  `corte_1` float DEFAULT NULL,
  `corte_2` float DEFAULT NULL,
  `corte_3` float DEFAULT NULL,
  PRIMARY KEY (`alumno_id`,`asignatura_id`),
  KEY `fk_calificaciones_asignatura_id` (`asignatura_id`),
  CONSTRAINT `fk_calificaciones_alumno_id` FOREIGN KEY (`alumno_id`) REFERENCES `alumnos` (`id`),
  CONSTRAINT `fk_calificaciones_asignatura_id` FOREIGN KEY (`asignatura_id`) REFERENCES `asignaturas` (`id`)
) ENGINE=InnoDB DEFAULT CHARSET=utf8 COLLATE=utf8_unicode_ci;

/*Data for the table `calificaciones` */

insert  into `calificaciones`(`alumno_id`,`asignatura_id`,`corte_1`,`corte_2`,`corte_3`) values (1,1,10,9.1,9.1),(1,2,10,10,8.6),(1,3,7.9,9.4,8.1),(1,4,9,10,10),(1,5,9.4,7.2,7.8),(1,6,10,10,7),(1,7,8.3,9.6,10),(2,1,7,8.5,10),(2,2,10,7,7.2),(2,3,8.4,7.1,8.9),(2,4,10,10,9.9),(2,5,9.2,10,7.8),(2,6,10,8.8,9.4),(2,7,10,7.2,9.5),(3,1,10,10,9.2),(3,2,10,9.7,10),(3,3,7.8,10,8.9),(3,4,9.3,10,9),(3,5,9.8,10,7.8),(3,6,10,10,7.4),(3,7,10,7.3,7.7),(4,1,9.9,10,7.8),(4,2,9.2,10,9.9),(4,3,10,9.4,9.1),(4,4,7.8,10,8.1),(4,5,8.5,7.5,7),(4,6,9.1,8,7.8),(4,7,7.1,9.9,7.5),(5,1,7.4,10,9.5),(5,2,7.5,10,10),(5,3,7.6,9,7.7),(5,4,7.2,10,10),(5,5,8.8,7.9,9),(5,6,7.1,9.3,9.9),(5,7,8,9.3,9.9),(6,1,10,9.3,9.8),(6,2,7.3,10,7.9),(6,3,8.5,9.2,10),(6,4,9.5,10,7.6),(6,5,9.6,10,7.4),(6,6,8,9.2,10),(6,7,8,10,9.6),(7,1,7.4,9.8,9),(7,2,9.5,8.3,9.5),(7,3,8.2,7.6,8),(7,4,8.9,9.5,7.8),(7,5,7,7.6,9.5),(7,6,7.8,10,10),(7,7,9.2,7.3,10),(8,1,8.3,8.2,9.1),(8,2,10,8.8,7.3),(8,3,9.9,7.9,9.6),(8,4,7.2,9.5,10),(8,5,10,8.8,9.5),(8,6,8.2,10,8.6),(8,7,7.9,7.5,8),(9,1,8.6,10,7.2),(9,2,7.9,9.3,10),(9,3,8.2,10,10),(9,4,10,10,8),(9,5,8.4,8.1,7.8),(9,6,8.6,8.2,7.1),(9,7,10,9.6,10),(10,1,7.9,10,9.8),(10,2,9,7.1,7.5),(10,3,9.9,7.5,9.7),(10,4,7.5,7.6,8.2),(10,5,8.3,9.9,9.7),(10,6,7.6,8.6,8.6),(10,7,8,10,7.5),(11,1,8.2,10,9),(11,2,9.6,10,9),(11,3,7.5,8.8,7.3),(11,4,10,7.8,7.7),(11,5,9.3,10,7.7),(11,6,7.2,8.3,10),(11,7,7.9,8,9),(12,1,7.7,10,7.7),(12,2,9.1,10,7.4),(12,3,7.3,10,8.5),(12,4,8.1,10,7.8),(12,5,10,9.2,7.7),(12,6,8.8,9.8,9.4),(12,7,10,10,9.2),(13,1,10,10,10),(13,2,9.8,8.9,9.8),(13,3,10,9.2,10),(13,4,10,10,10),(13,5,10,9.7,7.8),(13,6,8.8,9.7,8.4),(13,7,10,10,8.1),(14,1,7.7,9.8,7),(14,2,10,8.2,7.6),(14,3,10,8.7,7.7),(14,4,7.7,7.8,7.4),(14,5,10,9.1,7.5),(14,6,7.7,8.9,7.4),(14,7,10,10,10),(15,1,8.5,10,9),(15,2,8.1,7,8.1),(15,3,9.5,7.1,8.7),(15,4,10,9.6,10),(15,5,8.4,7.7,10),(15,6,7.2,8.8,10),(15,7,9.6,9.9,7.7),(16,1,10,10,8.4),(16,2,10,10,8.9),(16,3,10,10,8.6),(16,4,9.2,7.8,8.5),(16,5,9.1,9.6,10),(16,6,9.7,7.9,7.8),(16,7,8.2,8.1,8),(17,1,9.6,7.8,10),(17,2,9.9,7.7,7.7),(17,3,8.6,8.4,8.9),(17,4,10,8.1,7.4),(17,5,7,8.3,9.9),(17,6,7.5,10,10),(17,7,10,9.5,9.6),(18,1,7,7,10),(18,2,7.7,9.6,10),(18,3,7.2,7.6,8.8),(18,4,10,8.5,7),(18,5,10,10,9.6),(18,6,7.9,10,9.8),(18,7,7.3,10,8.8),(19,1,7,10,10),(19,2,10,10,10),(19,3,7.8,8.1,9.9),(19,4,8,8.5,9.8),(19,5,7,8.8,7.3),(19,6,10,8.6,9),(19,7,9.8,9,9.4),(20,1,10,7,10),(20,2,7.1,7.7,8.5),(20,3,7.3,9.6,9.7),(20,4,9.1,8.6,8.5),(20,5,8,7.5,7.6),(20,6,9.6,7.5,10),(20,7,8.2,9.7,9.9),(21,1,8.9,8.1,9.5),(21,2,9.9,10,10),(21,3,8.8,10,9.6),(21,4,8.6,7.2,7.9),(21,5,8.5,9.8,7.7),(21,6,10,8.7,9.3),(21,7,10,8.5,10),(22,1,7.8,7.4,7.1),(22,2,10,9,9.3),(22,3,10,7.8,10),(22,4,8,8.3,7.8),(22,5,10,10,7.5),(22,6,10,7.9,10),(22,7,8.2,7.9,9.8),(23,1,7.6,9.9,8.5),(23,2,10,9.8,8.6),(23,3,9.3,10,9.6),(23,4,10,9.3,7.5),(23,5,8.9,8.6,7.1),(23,6,9.9,8.4,7.5),(23,7,9.5,10,9.8),(24,1,8.2,7.2,10),(24,2,8,8.6,8.1),(24,3,7.4,10,8.5),(24,4,7.7,8.4,9.5),(24,5,9.4,10,9),(24,6,8.3,8.3,9.5),(24,7,9.8,7.8,9.8),(25,1,7.2,10,7.8),(25,2,8.7,10,7.3),(25,3,9,10,10),(25,4,8.5,7.2,7.7),(25,5,10,7.9,9),(25,6,10,8.7,8.4),(25,7,8.4,7.3,9),(26,1,9.6,9.9,7.4),(26,2,10,10,10),(26,3,10,10,9.3),(26,4,10,7.1,10),(26,5,10,8.3,9.2),(26,6,7.7,7.2,8.1),(26,7,7.5,9.5,8.6),(27,1,8,8.6,10),(27,2,7.2,7.5,7.4),(27,3,7.8,8.8,8.5),(27,4,7.6,9.8,9.2),(27,5,7.8,7.9,7.4),(27,6,9.2,9,10),(27,7,10,8.4,7.9),(28,1,10,7.4,9.6),(28,2,8.2,8.3,10),(28,3,9.6,9.8,10),(28,4,9.7,10,10),(28,5,7,9.5,9.9),(28,6,7.5,9,7.4),(28,7,9.8,10,9.4),(29,1,7.1,10,7.2),(29,2,9.9,7.4,10),(29,3,7,7.3,7),(29,4,9.9,7.6,8.4),(29,5,10,9.3,9.7),(29,6,10,7.3,10),(29,7,8.9,7.4,8.4),(30,1,10,7.1,8.9),(30,2,9.9,8.2,10),(30,3,10,9.5,8.2),(30,4,10,9.7,7.9),(30,5,9,8,9.4),(30,6,9.8,9.3,7.6),(30,7,7,7.2,7.9),(31,1,8.9,8.2,7.6),(31,2,7.5,8.6,9.9),(31,3,10,8.9,9.5),(31,4,10,9.6,8.8),(31,5,10,10,8.8),(31,6,10,10,9.7),(31,7,9.1,10,9.1),(32,1,8.5,9.1,10),(32,2,8.4,7.4,9.8),(32,3,10,8.7,9.2),(32,4,8.8,8.4,7.6),(32,5,9.6,7.9,8.2),(32,6,9,10,7.8),(32,7,8.8,8.7,7.4),(33,1,8.4,8.9,10),(33,2,7.3,8.2,10),(33,3,8.6,9.8,8.2),(33,4,9.6,9.3,8.8),(33,5,9.9,9.8,10),(33,6,7.9,10,9.5),(33,7,8.2,9.8,8),(34,1,7.5,9.9,9.5),(34,2,8.8,10,8),(34,3,9.5,10,10),(34,4,8.3,10,8.6),(34,5,10,9.6,10),(34,6,7.1,7,9.6),(34,7,8.5,8.7,7.6),(35,1,7,10,7.2),(35,2,7,10,9.8),(35,3,10,10,10),(35,4,7,9.6,7),(35,5,8.6,10,7.1),(35,6,7.1,9.4,7),(35,7,7.4,10,7.4),(36,1,7.4,7.3,9.6),(36,2,10,7.7,7.5),(36,3,7.3,7.1,8.6),(36,4,10,10,7.2),(36,5,7.9,7,10),(36,6,8.6,9.3,8.7),(36,7,9.7,9.9,10),(37,1,9.8,10,10),(37,2,10,8,9.4),(37,3,8.4,10,10),(37,4,9.5,8.1,10),(37,5,8.5,7.1,8.7),(37,6,10,10,9.1),(37,7,8.1,7.2,10),(38,1,8,9.9,9.7),(38,2,9.3,7.7,8.9),(38,3,7.3,8.7,10),(38,4,7.9,8.9,10),(38,5,7.5,9.6,7.1),(38,6,8.3,10,9.8),(38,7,7.6,7,9.4),(39,1,7.2,7.4,7.3),(39,2,7.2,9.5,10),(39,3,10,8.3,10),(39,4,7.3,9.5,7.5),(39,5,9.1,9,9.1),(39,6,10,10,7.8),(39,7,9.2,9.8,10),(40,1,8.5,10,10),(40,2,10,7.9,9.2),(40,3,8.3,8.8,7.7),(40,4,10,7.8,8.8),(40,5,10,7.5,9.8),(40,6,7.9,9.4,9.8),(40,7,10,10,10),(41,1,9.1,8.4,7.8),(41,2,8.8,7.4,7.5),(41,3,10,9.8,9.2),(41,4,9.2,8.6,10),(41,5,7.3,10,10),(41,6,8.3,8.5,8),(41,7,10,8.2,7.6),(42,1,7.7,7,8.4),(42,2,10,9.9,8.7),(42,3,10,9.2,10),(42,4,9.1,10,7.2),(42,5,8.9,7,8.1),(42,6,7.1,10,7.1),(42,7,9.3,7.6,8),(43,1,8.1,10,7.5),(43,2,9.1,7.9,8.2),(43,3,9.4,7.2,9.1),(43,4,7.3,10,9.1),(43,5,8.6,7.6,7.4),(43,6,7.5,7,9.8),(43,7,8.1,7.2,9.1),(44,1,9.6,7.8,9.9),(44,2,10,10,9.4),(44,3,8.3,7.5,7.3),(44,4,7.6,9.3,9.2),(44,5,7.6,8.1,10),(44,6,10,10,9.7),(44,7,7.9,10,9.9),(45,1,7.1,9,10),(45,2,8.3,10,7.6),(45,3,7.8,10,8.5),(45,4,7.4,7.6,10),(45,5,10,9.3,10),(45,6,7.2,9.2,7),(45,7,9.3,7.8,8.1),(46,1,8.2,9.8,7.3),(46,2,8.3,8.6,8.9),(46,3,9.4,10,10),(46,4,9.5,8.9,10),(46,5,8.4,7.3,7.6),(46,6,10,9.1,10),(46,7,8.2,7.4,9.2),(47,1,8.6,8.4,10),(47,2,10,8.6,9),(47,3,7.5,8.1,9.7),(47,4,9.8,8.1,9.5),(47,5,10,9.4,9.9),(47,6,9.1,7.7,7.7),(47,7,9.9,10,10),(48,1,9.5,7.7,8.3),(48,2,10,8.3,9.1),(48,3,9.2,7.9,9.1),(48,4,7.8,9.5,10),(48,5,9.5,8.6,10),(48,6,8.8,9.3,7.3),(48,7,7.8,7.6,10),(49,1,10,8.3,10),(49,2,9.1,9.1,8.2),(49,3,9.9,10,10),(49,4,9,9.9,9.5),(49,5,10,10,7.1),(49,6,7.6,10,7.8),(49,7,9.3,8.5,10),(50,1,10,10,7.1),(50,2,8.2,7.7,10),(50,3,7.1,9.6,8.9),(50,4,7,8.2,9.5),(50,5,9.7,8.5,7.3),(50,6,10,8.7,8.7),(50,7,8,10,9.7),(51,1,10,10,7.3),(51,2,10,10,8.3),(51,3,9.1,7.9,10),(51,4,9.4,10,10),(51,5,9.6,8.2,10),(51,6,10,10,8.4),(51,7,9.4,7.6,9.9),(52,1,8.7,7,8.5),(52,2,7.1,10,10),(52,3,7.7,9.9,7.8),(52,4,7,7.9,9.3),(52,5,9.1,10,8),(52,6,7.9,7.5,9.3),(52,7,9.5,8.4,8.9),(53,1,9.1,8.3,9.6),(53,2,10,7.9,8.1),(53,3,8.3,10,10),(53,4,9.7,8.2,10),(53,5,7,9.8,9.1),(53,6,8.1,7.6,8.2),(53,7,9.7,9.2,10),(54,1,8.7,7.7,10),(54,2,7.9,9.8,10),(54,3,8.3,8,9.6),(54,4,9.2,8.8,9.5),(54,5,7.6,8.1,7),(54,6,9,7.6,8.5),(54,7,10,10,8.4),(55,1,10,10,9.4),(55,2,8.7,9.7,8.8),(55,3,7.8,10,10),(55,4,8.1,7.2,10),(55,5,10,10,10),(55,6,7.2,7.6,7.5),(55,7,9.2,7.2,8.5),(56,1,7.2,8.4,9.3),(56,2,8.1,9.6,9.6),(56,3,9.5,10,9.3),(56,4,8.7,9.5,10),(56,5,8.2,8.4,9),(56,6,10,10,8.4),(56,7,7.8,9.7,10),(57,1,7.5,7.6,7.1),(57,2,7.3,7.4,7.1),(57,3,9.8,8.3,8),(57,4,10,8.4,8.1),(57,5,8.8,9.6,10),(57,6,10,7.7,8),(57,7,7.4,9.6,8.5),(58,1,8.2,8.4,8.7),(58,2,10,8.8,10),(58,3,10,8.6,10),(58,4,7,10,8.4),(58,5,9.8,10,10),(58,6,10,9.5,10),(58,7,7.5,8.2,8.8),(59,1,7.7,7.6,7.7),(59,2,10,7.7,9.3),(59,3,8.3,10,9.1),(59,4,7.4,10,9.3),(59,5,8.8,10,10),(59,6,9.2,7.4,8.9),(59,7,9.2,10,10),(60,1,7.7,7.7,10),(60,2,7.5,8.9,7),(60,3,9.4,9.5,8.2),(60,4,7.9,8.9,7.5),(60,5,8.5,7.1,10),(60,6,9.2,9.4,10),(60,7,9.4,9.3,8.7),(61,1,10,9.9,10),(61,2,10,8.3,8),(61,3,7,7.5,9.4),(61,4,9.3,7,7.5),(61,5,8.6,8.7,10),(61,6,7.9,10,7.8),(61,7,10,7.5,8.1),(62,1,10,10,10),(62,2,10,8.4,9.2),(62,3,8,10,10),(62,4,7,10,8.9),(62,5,10,10,8.2),(62,6,7.3,9.3,9),(62,7,9.7,10,10),(63,1,7.7,8.9,8.9),(63,2,8.4,7.9,8.5),(63,3,7.6,8.7,9.3),(63,4,8.2,7.9,10),(63,5,7.6,7.9,10),(63,6,7.7,8.7,8.1),(63,7,8.1,10,7.2),(64,1,10,8.7,9.7),(64,2,8.9,8.7,9.8),(64,3,7.2,8.6,9.4),(64,4,10,8.9,8),(64,5,8.8,9.8,7.6),(64,6,10,8.5,10),(64,7,10,10,7.5),(65,1,7.1,8.2,9.9),(65,2,10,9.4,9.5),(65,3,8.7,7.8,9.7),(65,4,7.8,9.9,8.6),(65,5,10,10,7.3),(65,6,10,9.8,8.5),(65,7,10,7.6,7.9),(66,1,9.4,8.7,9.1),(66,2,8.1,7.3,7.3),(66,3,9.1,7.2,10),(66,4,9,8.2,10),(66,5,8.2,10,7.2),(66,6,9.8,9.7,10),(66,7,7.9,7.8,7.2),(67,1,9.1,9.9,10),(67,2,9.5,9.2,10),(67,3,7.2,7.3,9.2),(67,4,7.2,7,8.4),(67,5,9,9,9),(67,6,10,7.2,8.1),(67,7,10,8.4,9.7),(68,1,7.4,7,10),(68,2,9.1,10,8.7),(68,3,10,7.2,10),(68,4,7.4,8.2,7.8),(68,5,7.7,8,10),(68,6,9.6,8.1,10),(68,7,8.7,7.3,8.4),(69,1,8.7,8.9,8.8),(69,2,10,9.3,10),(69,3,8.7,9.7,7.7),(69,4,8.3,8.8,8.2),(69,5,10,10,9.9),(69,6,10,8.1,10),(69,7,9.7,10,9.5),(70,1,8.7,7,7),(70,2,8.8,10,7.4),(70,3,8.6,8.7,7.5),(70,4,7.9,8.1,8.9),(70,5,7,10,10),(70,6,10,9.5,7.6),(70,7,9.8,10,10),(71,1,9.4,8.4,10),(71,2,8.5,8.2,9),(71,3,7,8.5,10),(71,4,9.2,10,9.6),(71,5,10,10,10),(71,6,7.5,7.8,10),(71,7,8.6,8.8,8.9),(72,1,10,9.5,8.5),(72,2,9.8,8.6,9.5),(72,3,9.2,8.1,10),(72,4,7.3,7.6,8.6),(72,5,9.2,9.7,8.6),(72,6,8,10,7.4),(72,7,7.8,8.2,10),(73,1,8.2,8.1,10),(73,2,10,10,10),(73,3,9.7,10,10),(73,4,7.7,8.5,10),(73,5,9.7,10,10),(73,6,7.5,10,7.4),(73,7,7,9.4,10),(74,1,9,9.2,8.4),(74,2,10,10,7.4),(74,3,9.4,10,9.6),(74,4,8.2,8,8.8),(74,5,10,8.5,8.9),(74,6,8.2,7.3,9.1),(74,7,8.1,9.1,8),(75,1,10,8.1,10),(75,2,7,10,9.8),(75,3,9.7,8.1,8.5),(75,4,7.9,7.9,9.9),(75,5,8.3,9.1,8.6),(75,6,10,8.2,10),(75,7,10,9.9,7.7),(76,1,9.1,10,9.5),(76,2,8.7,9.2,8),(76,3,10,10,8.6),(76,4,7.6,7.8,9.1),(76,5,7.8,10,10),(76,6,7,8.7,7.6),(76,7,10,7.4,10),(77,1,10,7.3,9),(77,2,8.4,9.9,8.8),(77,3,10,9.7,9.7),(77,4,10,7.7,7.7),(77,5,7.5,7.5,10),(77,6,7.1,10,8.1),(77,7,10,7.6,7.5),(78,1,8.2,7.2,9),(78,2,7.2,7.6,10),(78,3,10,10,7),(78,4,8.8,7.5,7.5),(78,5,7.2,8.1,9.1),(78,6,8.6,8.9,7.3),(78,7,9.6,9.1,10),(79,1,9.2,8.8,9.6),(79,2,10,10,7.4),(79,3,10,7.7,8.2),(79,4,7.1,9,7),(79,5,10,9.7,7.3),(79,6,9.6,8.1,9.9),(79,7,7.8,9.2,8.8),(80,1,7.6,10,10),(80,2,8.7,8.4,9.8),(80,3,9.5,9.6,8.1),(80,4,8,8.7,10),(80,5,10,9.2,8.9),(80,6,8.3,10,8.3),(80,7,8.9,8.6,9),(81,1,8,8.3,8.9),(81,2,7.8,8,10),(81,3,7.8,7.3,10),(81,4,10,9.2,8.1),(81,5,7,10,7.9),(81,6,9.1,7.5,9.6),(81,7,10,9,8.4),(82,1,7.9,8.7,7.5),(82,2,7.3,7.3,8.5),(82,62,10,8.1,7.5),(82,63,10,9.5,10),(82,64,7.2,8.4,7.5),(82,65,8.2,9.1,9.1),(82,66,10,8,8.1),(83,1,8.2,7.2,10),(83,2,8.9,8.5,8.3),(83,62,8.8,7.2,9.8),(83,63,8.4,7.3,9.7),(83,64,9.8,9.1,8.9),(83,65,8.3,7.2,8.3),(83,66,10,8.6,10),(84,1,7.5,10,8.5),(84,2,9.5,8.7,9.8),(84,62,9.7,8.8,8.5),(84,63,7.3,8.8,9.6),(84,64,9.7,7.6,8.8),(84,65,7.6,9.1,7.5),(84,66,7.2,9.6,9.3),(85,1,7.7,9,7.3),(85,2,10,10,8.8),(85,62,7.4,8.6,10),(85,63,7.3,8.7,7),(85,64,8.9,10,9.1),(85,65,8.4,9,8.7),(85,66,9.1,8.4,8.1),(86,1,7,8.6,8.8),(86,2,10,10,8.2),(86,62,8.3,8.7,9.8),(86,63,8.9,7.8,10),(86,64,7.8,7.3,9.9),(86,65,10,9.7,9.1),(86,66,7.4,8.5,9.4),(87,1,8.1,9,7.9),(87,2,7.7,7.1,10),(87,62,10,9.2,9.8),(87,63,9.7,7.5,7.8),(87,64,9,9.3,7.2),(87,65,10,7.4,9.1),(87,66,10,9.9,9.7),(88,1,8.7,10,10),(88,2,10,9,8.7),(88,62,9.2,9.3,7.7),(88,63,8.3,8.1,9),(88,64,9.5,9.4,10),(88,65,10,10,10),(88,66,7.2,10,9.6),(89,1,9.3,10,8.9),(89,2,8.4,10,9.5),(89,62,8,8.3,7.7),(89,63,7.5,7,7.1),(89,64,8,8.8,10),(89,65,8.6,9.3,10),(89,66,7,9.5,10),(90,1,9.2,9.4,7.5),(90,2,9.3,7.9,8.8),(90,62,8.4,7.5,8.7),(90,63,9.8,10,8.7),(90,64,10,9.4,10),(90,65,7.8,9.4,10),(90,66,9,10,7.6),(91,1,8.9,8.1,9.4),(91,2,8.1,8.3,8.7),(91,62,7.4,10,7.2),(91,63,10,10,8.9),(91,64,7.3,7,7.8),(91,65,10,7.3,7.1),(91,66,10,7.8,7.1),(92,1,10,9.5,9.9),(92,2,8.3,9,10),(92,62,7.8,7.8,8.3),(92,63,7.6,9.2,10),(92,64,7.5,7.3,9.8),(92,65,9.3,7.3,7),(92,66,7.5,9.9,8.6),(93,1,8.6,9,7.7),(93,2,9,10,7),(93,62,9.4,9.3,8.3),(93,63,7.3,10,7.2),(93,64,8.9,9.6,10),(93,65,10,7.3,7.7),(93,66,10,9,9.3),(94,1,9.3,7,7.4),(94,2,8.7,9.1,7.8),(94,62,7.4,9.1,10),(94,63,9.1,8.9,8.4),(94,64,9.7,9.5,9.5),(94,65,8.3,10,9),(94,66,9.9,7.5,10),(95,1,8.1,7.1,10),(95,2,7.8,9.7,10),(95,62,10,9.1,7.5),(95,63,8.3,10,7.8),(95,64,10,10,10),(95,65,7.9,7.8,10),(95,66,10,8,7.8),(96,1,7.7,10,10),(96,2,9.9,7.5,8.2),(96,62,7.2,10,7.1),(96,63,9.1,7.8,7.9),(96,64,8.4,9.1,8.5),(96,65,10,7.1,7.9),(96,66,10,10,9),(97,1,9.3,7.9,10),(97,2,7.8,7,10),(97,62,10,10,8.8),(97,63,7.4,8.9,7),(97,64,10,9.5,7.8),(97,65,7.9,10,10),(97,66,10,7.8,8.3),(98,1,9.9,8.1,8.3),(98,2,10,10,9.1),(98,62,10,10,8.3),(98,63,7.3,9.2,10),(98,64,9.5,9.4,10),(98,65,9.9,8.9,10),(98,66,9.8,8.4,9.4),(99,1,10,9.8,8.8),(99,2,10,10,9.9),(99,62,9.7,7.4,7.7),(99,63,8,10,10),(99,64,8.9,10,9.3),(99,65,7.4,10,8.8),(99,66,7.5,8.2,10),(100,1,10,8.2,9.6),(100,2,10,7.1,10),(100,62,8.2,9.8,10),(100,63,10,8.8,10),(100,64,9.1,8.6,9.3),(100,65,8.1,9.4,7.2),(100,66,10,7.2,8.7),(101,1,9.1,9.4,9.1),(101,2,9.5,7.1,9.6),(101,62,9.5,7.8,9),(101,63,10,7.1,9.2),(101,64,9.5,10,8.6),(101,65,9.6,8.3,9),(101,66,9.8,8.5,10),(102,1,10,8.5,8.9),(102,2,10,10,8.4),(102,62,7.4,7.1,7.5),(102,63,9.3,10,7.8),(102,64,9.9,8.9,7.9),(102,65,10,10,10),(102,66,8.4,10,10),(103,1,9.2,10,8.2),(103,2,10,9.4,10),(103,62,9.7,9.2,7.3),(103,63,9.6,9.2,9.3),(103,64,8.7,8.2,10),(103,65,10,10,7.9),(103,66,8.6,10,8.9),(104,1,10,10,8.9),(104,2,10,10,7.3),(104,62,8.6,9.9,7.4),(104,63,9.6,8.9,10),(104,64,9.2,9.4,8.8),(104,65,7.7,9.9,7.6),(104,66,7,8.3,7.3),(105,1,9.8,10,10),(105,2,10,8.9,7.2),(105,62,10,10,8.6),(105,63,7.7,10,8.7),(105,64,8.6,9.5,9.9),(105,65,8.1,10,8.3),(105,66,7.3,9,10),(106,1,9.8,9,10),(106,2,7.1,8.9,8.5),(106,62,10,8,10),(106,63,10,8.4,7.9),(106,64,10,10,7.3),(106,65,8.7,10,8.6),(106,66,10,10,9.5),(107,1,10,7.4,7.8),(107,2,7.5,10,7),(107,62,8.5,7.5,10),(107,63,8,9.2,7.2),(107,64,10,9.2,8.4),(107,65,10,7.9,9.3),(107,66,10,8.1,10),(108,1,10,7.5,7.6),(108,2,8.3,9.1,10),(108,62,7,8,8.4),(108,63,10,10,7.6),(108,64,9.5,9.4,8),(108,65,10,9.4,7.9),(108,66,7.2,7.7,9.6),(109,1,10,7.1,9.7),(109,2,10,7.1,10),(109,62,7.7,9.2,7.3),(109,63,8.3,9.4,7.1),(109,64,10,7.1,9.5),(109,65,9.4,10,10),(109,66,10,8.9,7.5),(110,1,9.7,7.1,9.2),(110,2,8.6,7,7.2),(110,62,8.2,8.7,10),(110,63,10,9.6,9.7),(110,64,9.5,10,9.2),(110,65,8.3,8.2,10),(110,66,8.6,9.2,9.1),(111,1,9.4,9.7,10),(111,2,8.1,7.2,8.2),(111,62,8.1,7.8,9.2),(111,63,10,7.5,10),(111,64,8.2,7.4,10),(111,65,7.6,7.9,10),(111,66,7.1,10,7.1),(112,1,10,10,9.4),(112,2,9.5,10,10),(112,62,8.3,10,9.5),(112,63,10,9.4,8.9),(112,64,10,8.3,8.5),(112,65,7.4,8.5,8.9),(112,66,7.4,7.1,10),(113,1,9,9.9,8.8),(113,2,7.1,9.4,10),(113,62,8.2,10,9.9),(113,63,9.3,10,9.2),(113,64,9.3,8.8,9.1),(113,65,9.2,7.3,10),(113,66,9.1,8,8.6),(114,1,7.1,8.9,9.4),(114,2,8.9,9.5,9.1),(114,62,10,10,8.6),(114,63,7.5,8.3,9.9),(114,64,10,10,8.3),(114,65,7.1,7.1,7.9),(114,66,7.8,8.3,9),(115,1,7.5,7.8,10),(115,2,8.7,8.2,10),(115,62,10,10,10),(115,63,9.9,9,10),(115,64,10,9.6,7),(115,65,8.9,9.3,7.6),(115,66,10,7.2,9.4),(116,1,8.8,10,9),(116,2,9.4,8.9,10),(116,62,10,9.2,7.7),(116,63,9.1,7.2,10),(116,64,10,9.9,10),(116,65,9.9,9.1,7.2),(116,66,8.5,8.3,7.3),(117,1,7.9,8.2,7.4),(117,2,8.2,7.6,10),(117,62,7,9.4,8.2),(117,63,8.4,9.7,10),(117,64,10,10,7.5),(117,65,10,8.9,10),(117,66,8.9,8,8.5),(118,1,8.9,7.9,7.4),(118,2,10,10,8),(118,62,10,9.9,8.6),(118,63,9.1,8.3,8.3),(118,64,8.5,9.9,8.3),(118,65,9.7,9.3,7.2),(118,66,9.7,8,7),(119,1,7.6,10,8.9),(119,2,9.2,10,10),(119,62,7.1,9.7,9.2),(119,63,8.9,10,10),(119,64,7.8,7.4,9.5),(119,65,8.4,9.6,9.1),(119,66,10,10,8.4),(120,1,7.7,10,9.2),(120,2,9.9,7.9,9.3),(120,62,7.3,9.8,7.5),(120,63,10,9.2,7),(120,64,8.3,8.8,10),(120,65,8.1,8,9.7),(120,66,10,9,9.3),(121,1,9.7,7.9,8.3),(121,2,8,10,8.3),(121,62,8.8,10,9.9),(121,63,10,8.2,8.6),(121,64,7.6,9.5,8.4),(121,65,7,8.4,10),(121,66,9,8.8,10),(122,1,8.8,8.9,8.8),(122,2,9.3,9.4,8.7),(122,62,8.6,8.9,8.2),(122,63,10,9.1,10),(122,64,9.1,7.2,7),(122,65,9,7.7,9.4),(122,66,9.1,9.1,7.8),(123,1,7.5,7,9.5),(123,2,7.3,8.4,10),(123,62,8,8.7,8.7),(123,63,10,8.4,9),(123,64,8.3,10,9.3),(123,65,10,9.8,9.8),(123,66,10,9.7,10),(124,1,10,9.9,10),(124,2,8.6,8.6,10),(124,62,7.6,8.5,10),(124,63,8.8,7.9,7.4),(124,64,7,10,7.5),(124,65,10,10,10),(124,66,7.2,8.9,10),(125,1,8.2,8.6,10),(125,2,10,7.8,9.5),(125,62,9.3,9.5,9.7),(125,63,8.7,7.2,10),(125,64,10,8,7.6),(125,65,8.6,9.6,9),(125,66,8.2,10,9.1),(126,1,9.5,10,10),(126,2,8.9,8.3,7.9),(126,62,9.4,10,9.1),(126,63,10,9.7,10),(126,64,9.7,10,8.3),(126,65,7.7,10,7.4),(126,66,7.7,7.4,8.3),(127,1,10,7.7,10),(127,2,8.7,8,9.2),(127,62,10,9.9,7.3),(127,63,7.8,8.8,9.6),(127,64,7.5,7.3,9.3),(127,65,8.6,9.4,10),(127,66,9.8,8.6,10),(128,1,9,10,8.4),(128,2,8.4,8.7,8.2),(128,62,8.7,10,7.4),(128,63,10,7.3,8.2),(128,64,7.6,7.9,7.9),(128,65,7,8.3,9.2),(128,66,7.3,8.9,10),(129,1,8,7.2,9.8),(129,2,10,7.2,10),(129,62,10,8.1,9.4),(129,63,9.6,8.5,7.8),(129,64,8.5,10,8.8),(129,65,10,8.2,9),(129,66,8,9.5,8.2),(130,1,8.8,7,9),(130,2,10,7.6,8.4),(130,62,10,10,7.2),(130,63,7,7.8,7.7),(130,64,7.3,10,7.7),(130,65,8.6,9.6,8.9),(130,66,9.2,7.5,9),(131,1,8.7,8.1,8.3),(131,2,9.2,10,10),(131,62,10,8.9,7.6),(131,63,8.2,7.4,10),(131,64,8.3,8.8,7.1),(131,65,10,7.4,9.9),(131,66,9.8,10,8.7),(132,1,10,8,9.8),(132,2,8,9.1,10),(132,62,7.4,8.9,7.8),(132,63,7.1,10,10),(132,64,10,10,10),(132,65,10,9.2,10),(132,66,9.2,9.7,10),(133,1,9,7.4,8),(133,2,10,7.5,10),(133,62,9.8,10,10),(133,63,10,7.8,7.8),(133,64,7.7,9.9,9.8),(133,65,10,7.9,7.7),(133,66,7.4,8.9,10),(134,1,10,10,10),(134,2,10,9,7.9),(134,62,9.7,7.1,8),(134,63,9.2,10,8.2),(134,64,10,9.3,9.1),(134,65,8.3,9.7,8.7),(134,66,10,9.3,8.9),(135,1,8.4,10,7.9),(135,2,7.5,8.1,9.5),(135,62,9.8,8.4,7.5),(135,63,10,10,7.4),(135,64,9.3,8.1,8.7),(135,65,10,7.3,7.7),(135,66,7.1,9.4,10),(136,1,8.2,10,10),(136,2,8,7.4,7.7),(136,62,9.4,9.2,7),(136,63,10,8.8,10),(136,64,7.8,10,7.6),(136,65,8.9,10,10),(136,66,8.7,9,7.7),(137,1,8.9,7.9,9.5),(137,2,9.4,8.4,10),(137,62,9.2,7.2,9.6),(137,63,8.2,10,8.9),(137,64,9,9.9,10),(137,65,10,8.5,7.6),(137,66,8.1,10,9.9),(138,1,10,7.2,10),(138,2,7.9,9.2,7.2),(138,62,9.8,8.1,10),(138,63,10,9.3,8.5),(138,64,8.8,7.2,7.2),(138,65,10,7.9,9.6),(138,66,9.2,9.5,9.5),(139,1,7.9,9.1,7.7),(139,2,10,9,8.7),(139,62,8.9,8.4,9.6),(139,63,7.6,10,7.1),(139,64,10,7.7,10),(139,65,9.3,8,10),(139,66,9.6,9.8,8.5),(140,1,10,7.6,7.3),(140,2,7.4,7.5,10),(140,62,10,7.5,9.7),(140,63,10,8.4,7.5),(140,64,9.8,10,8.5),(140,65,7.3,7.5,9.7),(140,66,10,8.5,7.7),(141,1,9.5,9.4,7),(141,2,10,10,7.9),(141,62,10,8.2,7.5),(141,63,7.5,8.5,9),(141,64,7.2,9.2,9.1),(141,65,10,8.8,7.7),(141,66,7.8,7.7,10),(142,1,9.7,9.6,7),(142,2,8.5,9,10),(142,62,9.9,8.1,7.3),(142,63,9,8.2,10),(142,64,9.3,10,7.7),(142,65,9.5,7.9,7.2),(142,66,9.1,8.9,7.8),(143,1,7,9.1,9.3),(143,2,8.7,9.2,10),(143,62,8.6,10,9.7),(143,63,7.1,8.5,8.5),(143,64,8.2,7.6,7.7),(143,65,8,7.3,9.8),(143,66,9.9,9.5,8.9),(144,1,7.3,9.1,7.7),(144,2,7.7,10,10),(144,62,8.5,9.5,8.5),(144,63,10,8.6,7),(144,64,8.8,9.9,10),(144,65,7.9,8.4,10),(144,66,7.5,8.1,9.1),(145,1,8.4,9.9,10),(145,2,9.8,9.3,8.5),(145,62,7.1,10,9.3),(145,63,10,10,9.8),(145,64,10,7.6,10),(145,65,7.7,9.5,8.6),(145,66,10,9.5,7.2),(146,1,8.8,10,8.9),(146,2,8,9.1,7.1),(146,62,9.7,10,7.1),(146,63,10,9.6,9.9),(146,64,8.7,10,8.5),(146,65,8.5,7.5,8.3),(146,66,10,10,8.4),(147,1,9.3,8.9,9.6),(147,2,9,7.5,10),(147,62,9.7,10,9.6),(147,63,8.9,9.1,10),(147,64,10,7.5,8.6),(147,65,7.1,9.8,7.5),(147,66,8,8.3,10),(148,1,7.6,9.9,9),(148,2,7.9,10,10),(148,62,8.1,7.1,7.4),(148,63,9.5,8.1,10),(148,64,9.4,10,10),(148,65,9.6,7.7,8.4),(148,66,10,9.5,8.8),(149,1,10,9.9,8),(149,2,7.6,10,10),(149,62,10,7.8,8.7),(149,63,7.9,8.2,7.1),(149,64,7.4,7.9,7.4),(149,65,10,9.3,10),(149,66,9.3,7.2,10),(150,1,7.3,9.7,9.5),(150,2,9.2,8.3,10),(150,62,10,9.7,8.9),(150,63,8.8,7.2,8.4),(150,64,7.7,9,10),(150,65,10,7.5,8.7),(150,66,10,10,8.1),(151,1,8.6,9.1,10),(151,2,8.2,8.5,8.5),(151,62,7,7.6,8.1),(151,63,8.6,10,7),(151,64,10,10,10),(151,65,8.2,9.4,7.7),(151,66,8.4,8.9,8.6),(152,1,8.2,9.9,7.9),(152,2,7.5,10,8.4),(152,62,7.9,8.9,10),(152,63,10,7.7,10),(152,64,9.6,8.8,7),(152,65,8.1,8.2,10),(152,66,10,9.3,8.4),(153,1,7.5,10,9.1),(153,2,9.1,9.8,10),(153,62,10,7.9,8.6),(153,63,10,7.9,7.6),(153,64,7.8,8.7,7.5),(153,65,9.9,9,8.9),(153,66,10,8.7,8.1),(154,1,9.9,10,7.6),(154,2,8.8,8.4,10),(154,62,9.4,8.8,7.2),(154,63,9.1,9.8,10),(154,64,10,10,7.7),(154,65,10,10,9.1),(154,66,8.6,7.3,10),(155,1,8.7,8.5,8.2),(155,2,8,10,10),(155,62,7.1,8.4,10),(155,63,8,8.9,8.5),(155,64,8.8,7.1,10),(155,65,7.2,9.7,9.1),(155,66,7.9,9.2,10),(156,1,9.7,7.7,9.2),(156,2,9.5,10,9.3),(156,62,9.9,10,7.9),(156,63,8.6,8.2,10),(156,64,10,10,10),(156,65,10,8.7,7.7),(156,66,9.3,8.5,7.8),(157,1,10,9.7,7.1),(157,2,9.1,9.2,8.5),(157,62,7.8,7.2,9.6),(157,63,10,10,7),(157,64,7.1,9.9,10),(157,65,7.3,10,9.8),(157,66,9.9,8.6,7.3),(158,1,8.3,7.9,7.9),(158,2,7.5,9,9.5),(158,62,9.8,9.8,9.8),(158,63,8.7,7.1,10),(158,64,8.3,9,9.6),(158,65,7.7,7.4,7.3),(158,66,7.9,8.8,9.7),(159,1,7.4,10,8.9),(159,2,7.1,10,10),(159,62,9.9,7.2,9.5),(159,63,7.9,7.5,10),(159,64,10,10,9.4),(159,65,7.8,9.5,7.4),(159,66,10,10,10),(160,1,9.9,8.3,9.5),(160,2,9.4,8.5,7.7),(160,62,8.7,8.4,9.1),(160,63,10,9.2,10),(160,64,8.3,7.3,8.8),(160,65,7.3,8.9,10),(160,66,7.1,8.7,8.6),(161,1,10,10,10),(161,2,7.2,10,7.1),(161,62,7.1,8.5,8.5),(161,63,9.2,7.6,10),(161,64,8,8.1,7.3),(161,65,8,9.2,7.6),(161,66,8,8.8,9.6),(162,1,8.3,8.4,7.1),(162,2,8.1,10,10),(162,62,7.9,9.5,9.5),(162,63,9.3,7.8,7.5),(162,64,8.5,9.3,10),(162,65,8.7,8.8,8.1),(162,66,10,8.1,7.2),(163,1,9.3,8,10),(163,2,10,7.7,10),(163,17,8.1,8.9,9),(163,106,10,7.3,9.8),(163,107,7.1,9.5,8.5),(163,108,7.7,7.7,8.5),(163,109,10,9.4,8.4),(164,1,8.6,10,8.6),(164,2,9.1,10,9.2),(164,17,8.1,10,7.2),(164,106,10,10,9.5),(164,107,8.3,10,9.9),(164,108,9.6,10,10),(164,109,7.7,9.6,10),(165,1,10,7.8,8.4),(165,2,8.4,9.3,9.9),(165,17,10,8.5,9.1),(165,106,8.8,9.1,7.8),(165,107,10,10,8.5),(165,108,9,7.1,10),(165,109,10,9.9,7.8),(166,1,8.6,7.1,7.1),(166,2,8.4,10,9.9),(166,17,8.5,10,8.1),(166,106,7.7,8.8,8.1),(166,107,8.3,8.1,10),(166,108,8.7,10,7.1),(166,109,9.1,10,8.7),(167,1,8.2,8.6,9.1),(167,2,9.3,9.3,10),(167,17,8.5,10,9.1),(167,106,10,9.9,7),(167,107,7.3,7.4,8.2),(167,108,9.7,10,8),(167,109,8.1,7.9,10),(168,1,8.5,7.2,7.3),(168,2,9.4,9.6,9.5),(168,17,8.8,10,8.1),(168,106,9.6,10,9.8),(168,107,7.8,10,7.9),(168,108,7.6,9.4,10),(168,109,7.9,9.1,9.6),(169,1,9.5,9,9),(169,2,9.2,10,10),(169,17,10,10,7),(169,106,8.2,8.3,9.7),(169,107,9.9,7.9,9.1),(169,108,7,9.9,8.5),(169,109,7.4,10,10),(170,1,10,8.9,8.5),(170,2,9.1,7.9,8.4),(170,17,10,7.8,7.2),(170,106,7.6,9.7,7.6),(170,107,8.5,9.2,9.5),(170,108,10,10,8.1),(170,109,10,9.5,7.1),(171,1,7.9,9.3,8.1),(171,2,10,10,7.8),(171,17,10,7.7,7.4),(171,106,9.7,9.2,8.4),(171,107,8.6,7.8,9.3),(171,108,9.5,7.7,8.7),(171,109,9.7,9,8.6),(172,1,8.3,8.2,9.4),(172,2,7.9,8.3,8.6),(172,17,7.6,8.5,8.5),(172,106,9.5,7.4,9),(172,107,7.5,10,7.4),(172,108,9.2,8.2,9.1),(172,109,7.5,8.8,10),(173,1,10,9.3,7.7),(173,2,8.5,8,9.6),(173,17,7.5,9.7,10),(173,106,8.2,10,8.4),(173,107,10,9.9,7.1),(173,108,8.6,8.3,10),(173,109,10,8,7.9),(174,1,10,9.5,7.2),(174,2,9.9,9.4,7.4),(174,17,8.1,10,10),(174,106,7.8,9.3,9.8),(174,107,7.7,8.3,7.8),(174,108,9.2,7.2,10),(174,109,8.1,8,10),(175,1,7.1,7.1,10),(175,2,10,10,10),(175,17,10,7.4,10),(175,106,10,10,7.6),(175,107,10,9.4,7.6),(175,108,10,10,9.4),(175,109,9.3,10,8.2),(176,1,7.9,10,7.6),(176,2,7.5,8.5,7),(176,17,7.3,10,9),(176,106,9.5,10,9.6),(176,107,7.2,8,10),(176,108,10,7.7,10),(176,109,10,8.6,10),(177,1,8.4,10,10),(177,2,8,10,9),(177,17,7.4,9.3,7.1),(177,106,9.6,7.2,10),(177,107,9.4,9,8.1),(177,108,7.7,8.2,9.9),(177,109,9,8.4,7.4),(178,1,7,9.6,10),(178,2,9.6,7.2,8.7),(178,17,9.5,8.7,7.2),(178,106,8,8.4,8.4),(178,107,7.7,8.2,10),(178,108,8.4,9.5,7.2),(178,109,10,10,9.3),(179,1,8.6,7.5,10),(179,2,9.9,7.2,8.5),(179,17,7.9,9,10),(179,106,8.4,8.8,7.3),(179,107,8.1,10,7.7),(179,108,7.7,8.9,9.8),(179,109,8.5,7.9,9.9),(180,1,8.9,10,10),(180,2,7.8,10,7.5),(180,17,8.5,8.4,10),(180,106,7.3,8.5,7.5),(180,107,7.5,9.9,7.3),(180,108,8.9,7.7,8.1),(180,109,7.5,8.1,7.8),(181,1,10,9.1,8.1),(181,2,9.5,7.3,8.7),(181,17,10,8.6,10),(181,106,8,9.2,10),(181,107,9.8,7.9,9.9),(181,108,8.1,9.2,9),(181,109,7.2,7.9,10),(182,1,8.2,8,8.1),(182,2,10,8.2,10),(182,17,9.5,10,7.6),(182,106,9,8.7,7.1),(182,107,8.4,10,9.6),(182,108,9.4,7.1,10),(182,109,8.9,10,7.7),(183,1,7.1,10,7.3),(183,2,10,8.4,8.7),(183,17,8.4,7.1,9.5),(183,106,7.8,8.5,10),(183,107,7.9,7.2,9.5),(183,108,10,7.6,8.7),(183,109,7.1,9.2,7.3),(184,1,7.2,9,10),(184,2,7.6,8.2,10),(184,17,9.1,8.5,10),(184,106,8.8,8.8,7.5),(184,107,8.4,7.3,7.1),(184,108,10,9.9,10),(184,109,8.6,8.2,9.1),(185,1,7.9,7.1,9.4),(185,2,9.7,10,10),(185,17,10,9.4,10),(185,106,9.3,8.1,8.1),(185,107,10,10,9.1),(185,108,9.4,8.1,8.5),(185,109,8.7,7,8.6),(186,1,7.5,9.4,8.9),(186,2,9.7,10,10),(186,17,9.6,9.2,7.6),(186,106,10,8,8.7),(186,107,9.3,8.3,8.8),(186,108,9.1,8.8,7.4),(186,109,8.7,7,7.9),(187,1,7.4,10,8.3),(187,2,7.2,9.2,7),(187,17,8.7,10,7.4),(187,106,9.8,10,8.6),(187,107,9.8,10,8.7),(187,108,7.2,7.1,7.8),(187,109,10,7.1,9.2),(188,1,10,7.1,10),(188,2,9.8,9.3,10),(188,17,8.7,10,9.4),(188,106,9.8,10,7.2),(188,107,7.4,8.7,7.4),(188,108,8.7,8.1,10),(188,109,9,7.5,9.2),(189,1,10,8.3,7.6),(189,2,7.4,10,10),(189,17,7.7,7.5,10),(189,106,10,10,9.2),(189,107,9.9,8.3,8.7),(189,108,9.4,9.7,10),(189,109,7.1,8.7,10),(190,1,8.5,10,10),(190,2,7.7,9.2,8.7),(190,17,10,7.4,7.9),(190,106,9.2,7,8),(190,107,9.4,7,9.3),(190,108,10,7.4,8.8),(190,109,9.6,7.7,7.7),(191,1,10,7.6,8.3),(191,2,9,9.1,10),(191,17,10,7,10),(191,106,9.4,9.7,8.6),(191,107,7.4,7.8,7.1),(191,108,8.5,7.2,7.8),(191,109,9.5,10,9.4),(192,1,8.3,8.8,8),(192,2,8.9,9.8,8.6),(192,17,10,8.3,9.3),(192,106,7.8,10,7.5),(192,107,10,9.1,7.2),(192,108,8.1,9,9.2),(192,109,9.4,7.9,8.6),(193,1,10,10,9.7),(193,2,10,10,10),(193,17,7.2,9.4,9.1),(193,106,7.3,7.1,10),(193,107,10,9.2,8.3),(193,108,7.8,7.6,10),(193,109,10,10,8.5),(194,1,10,10,8.8),(194,2,8.5,7.9,9.5),(194,17,10,10,9.3),(194,106,9,9.4,8.7),(194,107,10,10,10),(194,108,10,10,9.7),(194,109,10,7.2,7.8),(195,1,7.3,10,10),(195,2,8.8,10,7.3),(195,17,9.1,9.4,9),(195,106,10,8.7,9.2),(195,107,8.5,7.7,10),(195,108,10,8.5,10),(195,109,9.8,7.7,10),(196,1,8.6,9.9,8.9),(196,2,8.8,9.6,9.3),(196,17,7.3,10,8.2),(196,106,7.8,8.8,9),(196,107,9.2,8.1,10),(196,108,10,9.3,9.1),(196,109,10,7,8.3),(197,1,9.3,10,7.3),(197,2,9,9.7,10),(197,17,10,7.1,10),(197,106,7.6,9.8,9.4),(197,107,8.6,8,9.6),(197,108,10,9.7,7.6),(197,109,8.2,9.3,10),(198,1,8.2,9.2,9.5),(198,2,8.9,9.6,8.4),(198,17,9.8,10,9.6),(198,106,7.6,8,9.5),(198,107,8.8,8.5,9.9),(198,108,10,9,9.9),(198,109,10,9.4,10),(199,1,10,8.6,9.8),(199,2,10,8,9.9),(199,17,8.6,9.3,8.2),(199,106,8.9,10,9.2),(199,107,7.9,7.3,10),(199,108,10,8.8,7.8),(199,109,10,10,8.7),(200,1,10,10,9.3),(200,2,8.3,10,9.9),(200,17,9.7,10,8.7),(200,106,10,10,9.6),(200,107,9.3,7.6,10),(200,108,8.8,10,8),(200,109,8.6,7.7,8),(201,1,8.6,9.6,8.1),(201,2,8.6,10,9.4),(201,17,10,7.3,8),(201,106,9.7,8.3,9.9),(201,107,10,8.3,9.5),(201,108,10,7.7,8.9),(201,109,9.3,7.8,9),(202,1,8.3,10,8.6),(202,2,8.8,8.2,7.1),(202,17,8.3,7,10),(202,106,7.7,7.6,8.2),(202,107,10,10,10),(202,108,8.3,10,9.1),(202,109,9.3,8,10),(203,1,9.3,7.1,7),(203,2,8.8,9.3,7.5),(203,17,10,8.6,10),(203,106,8.3,10,8.2),(203,107,9.3,9.3,7.5),(203,108,8.3,7.9,9.2),(203,109,7.4,10,10),(204,1,7.7,7.3,9.1),(204,2,10,10,8.1),(204,17,9.2,7,9.8),(204,106,9.4,9.9,9.9),(204,107,7.7,7.1,7.9),(204,108,10,7.4,7.9),(204,109,10,9.6,8.4),(205,1,9.5,10,9),(205,2,8.6,8.7,10),(205,17,10,8.6,10),(205,106,8.4,10,10),(205,107,7.9,7,8.7),(205,108,8.5,10,7.4),(205,109,7.3,7.7,9.4),(206,1,10,7,9.9),(206,2,8.8,8.4,9.3),(206,17,8.7,10,7.6),(206,106,10,9.9,10),(206,107,10,8.1,9.3),(206,108,10,10,7.1),(206,109,9.6,10,7.7),(207,1,8.7,10,9),(207,2,10,8.9,9.8),(207,17,10,10,9.2),(207,106,7.2,7.9,9.1),(207,107,10,9.6,8),(207,108,10,7.5,8.6),(207,109,8.1,9.8,9),(208,1,8,9.1,9.9),(208,2,9.7,8.5,7.7),(208,17,8.5,9.4,8),(208,106,9.6,9.5,9.7),(208,107,9.1,9.6,8.4),(208,108,10,7.6,8.4),(208,109,7.2,9.6,9.2),(209,1,7.9,10,8.6),(209,2,10,9.6,7.9),(209,17,10,9,7.5),(209,106,10,10,10),(209,107,10,9.8,8.8),(209,108,10,10,7.6),(209,109,10,9.9,9),(210,1,9.7,7.2,9.2),(210,2,8.7,7.9,10),(210,17,7.9,8.2,10),(210,106,7.5,9.7,8.3),(210,107,9.2,7.2,10),(210,108,9.8,10,7.6),(210,109,9.8,8.3,8.7),(211,1,10,9.6,9.7),(211,2,7.2,9.5,9.5),(211,17,7.6,9.2,9.5),(211,106,7.4,8.9,10),(211,107,7.2,8.8,8.3),(211,108,9.8,8.4,10),(211,109,10,7.9,7.9),(212,1,7.7,8.3,10),(212,2,9.2,8.6,10),(212,17,10,7.3,7.2),(212,106,7.7,9.4,7.9),(212,107,10,10,7.1),(212,108,8.6,10,9.4),(212,109,9.3,9.3,8.3),(213,1,8.3,10,10),(213,2,9.9,10,8.3),(213,17,9.6,10,10),(213,106,7.6,9.7,7.2),(213,107,10,9.4,9.8),(213,108,8.3,10,9.5),(213,109,8.6,10,9.5),(214,1,7.6,10,9.2),(214,2,9.3,9.5,9.2),(214,17,9.5,10,7.9),(214,106,8.6,7.7,7.3),(214,107,8.6,10,7.6),(214,108,10,9.3,7.3),(214,109,8.8,8.6,8.7),(215,1,8.1,9.2,10),(215,2,9.7,10,10),(215,17,7.3,10,8.3),(215,106,8.4,8.9,7.3),(215,107,7.2,7.8,10),(215,108,10,8.4,10),(215,109,9.3,7,8.5),(216,1,8.6,7.7,7.8),(216,2,8.3,8.7,9.1),(216,17,9.7,7.5,9.1),(216,106,8.4,7.4,10),(216,107,10,7.2,8.6),(216,108,10,9.2,7.4),(216,109,8,9.6,7.3),(217,1,9.7,10,10),(217,2,10,9.8,8.8),(217,17,8,9.5,10),(217,106,9.6,7.8,7.1),(217,107,10,9.6,9.3),(217,108,10,9.7,10),(217,109,9.2,7.9,10),(218,1,8.5,10,8.7),(218,2,7.2,9.9,8.5),(218,17,7.3,8.1,9.6),(218,106,8.3,9.7,8.1),(218,107,10,7.6,7.4),(218,108,10,8.7,7.1),(218,109,10,8.3,9.6),(219,1,8.6,7,10),(219,2,9.9,7.8,7.4),(219,17,7.8,10,9.4),(219,106,7.2,10,7.2),(219,107,8.3,8.2,9.7),(219,108,8.7,7.1,7),(219,109,8.3,8.6,10),(220,1,8.5,10,9.4),(220,2,10,7.4,9.4),(220,17,10,8.8,9.5),(220,106,9.5,7.2,10),(220,107,10,9.9,10),(220,108,8.8,9,7.4),(220,109,7.1,7.1,10),(221,1,8.7,8.3,8.6),(221,2,10,9.7,9.1),(221,17,9.1,9.2,9.9),(221,106,8.1,9.3,10),(221,107,9.3,9.1,7),(221,108,8,10,10),(221,109,7.9,10,8.2),(222,1,7.3,7.7,7.3),(222,2,9.3,10,10),(222,17,10,10,7.6),(222,106,7.3,10,8.5),(222,107,8,10,10),(222,108,10,8.9,8.7),(222,109,9.9,9.1,7.1),(223,1,10,9.7,10),(223,2,8.4,7,7),(223,17,9,8.4,8.5),(223,106,9.4,8.4,9.9),(223,107,9.1,10,8.2),(223,108,8.7,10,8.7),(223,109,10,8.5,9),(224,1,8.1,10,9.1),(224,2,10,8.6,10),(224,17,9.2,10,10),(224,106,10,8.6,10),(224,107,7.1,9.5,8.1),(224,108,8.4,9.6,10),(224,109,9.3,7.7,10),(225,1,7.2,9,10),(225,2,7.7,8.6,7),(225,17,9.8,9.9,8.2),(225,106,7,9.2,8.4),(225,107,10,8.8,7.8),(225,108,8.1,8.6,8.1),(225,109,10,10,10),(226,1,10,7.6,7),(226,2,10,10,7.3),(226,17,8.6,9.6,7.7),(226,106,8.3,9.4,8.4),(226,107,7.6,9.2,9.1),(226,108,7.5,9.7,9.8),(226,109,8.5,8.8,9.9),(227,1,8.9,7.2,8.9),(227,2,9.9,7.2,10),(227,17,8.6,9.4,7.4),(227,106,8.9,7.6,7.2),(227,107,10,8.3,10),(227,108,7,8.8,9.2),(227,109,10,7.5,7.4),(228,1,10,7.1,7.6),(228,2,9,10,7),(228,17,9,7.3,8.6),(228,106,7.9,8.4,8.1),(228,107,7.5,8.7,8.6),(228,108,9,10,9),(228,109,8.2,7,8.6),(229,1,7.7,10,8.6),(229,2,8.2,7.5,9.2),(229,17,7.7,8.2,9.1),(229,106,9.9,7,9.4),(229,107,7.3,9.2,8.3),(229,108,9.5,10,10),(229,109,8.3,7.2,7.5),(230,1,10,10,9.3),(230,2,10,10,9.4),(230,17,8.6,9,9.6),(230,106,9,10,8.4),(230,107,10,7.4,9.6),(230,108,10,10,8.2),(230,109,10,10,9.8),(231,1,10,10,10),(231,2,8.3,9.1,10),(231,17,10,10,10),(231,106,7.3,9.6,9.8),(231,107,10,10,10),(231,108,9.4,7.3,8.1),(231,109,7.5,8.4,8.6),(232,1,9.4,8.6,9.7),(232,2,9.6,9.4,7.7),(232,17,8.1,7.1,9.8),(232,106,9.7,8.2,7.8),(232,107,9.4,7.3,10),(232,108,7.5,9.8,9.2),(232,109,8.8,7.8,10),(233,1,9.2,7.8,8.7),(233,2,8.4,8,10),(233,17,7.7,10,7.5),(233,106,9.7,10,7.6),(233,107,9.2,10,8.4),(233,108,10,7.1,9.8),(233,109,8.6,10,10),(234,1,8.1,10,10),(234,2,10,10,8.3),(234,17,9.8,9.6,7.1),(234,106,9.3,10,8.3),(234,107,10,8.8,8.7),(234,108,8.8,9.1,9.6),(234,109,10,8.9,8.6),(235,1,9.3,7.3,9.4),(235,2,9.3,9.6,10),(235,17,8.9,7,7.5),(235,106,10,9.3,10),(235,107,7.6,9.4,10),(235,108,8.6,10,8.2),(235,109,8.5,9.9,9.3),(236,1,9.7,8.9,7.2),(236,2,10,7.5,10),(236,17,10,9,8.6),(236,106,8.9,8.9,7.3),(236,107,9.5,10,9.8),(236,108,9.4,7,7.3),(236,109,7.7,9.9,7),(237,1,10,10,10),(237,2,7.1,9,8.6),(237,17,7.4,9.1,8.9),(237,106,9.1,8.8,9.8),(237,107,10,7.7,10),(237,108,7.8,10,9.9),(237,109,10,8,10),(238,1,7.7,7.9,9.1),(238,2,10,8.8,10),(238,17,7.9,8.1,10),(238,106,8.9,10,9.9),(238,107,8.8,7.3,10),(238,108,10,10,10),(238,109,8.5,7.8,10),(239,1,8.9,8.4,10),(239,2,8.6,9.4,9.6),(239,17,8.2,7.1,10),(239,106,10,10,8.1),(239,107,8,10,7.9),(239,108,9.4,9.4,9.3),(239,109,8.5,10,9.3),(240,1,8.6,10,8.7),(240,2,9.5,7.1,9.9),(240,17,10,10,9.5),(240,106,7.3,10,10),(240,107,9.5,9.7,8.1),(240,108,9.6,10,8),(240,109,10,8.1,10),(241,1,7.8,7.9,8.5),(241,2,10,7,7.4),(241,17,7.7,8.1,9.3),(241,106,9.9,8.3,7.7),(241,107,9.4,7.1,10),(241,108,10,9.1,8.9),(241,109,9.9,7.9,10),(242,1,8,7.4,7.1),(242,2,9.3,9,7.3),(242,17,8.7,10,7.9),(242,106,8.5,8.5,7.8),(242,107,8.3,9.6,8.2),(242,108,8.7,8.9,10),(242,109,10,8.7,9.6),(243,1,9.7,8.2,10),(243,2,7,9.2,7.1),(243,17,8.9,8,10),(243,106,8.8,10,8.2),(243,107,9.9,8.2,7.4),(243,108,9.5,7.5,8),(243,109,10,10,10),(244,1,9,9.3,7.1),(244,2,9.2,8.9,8.9),(244,3,7.9,8.7,9.4),(244,146,9.5,8.8,8.7),(244,147,8.3,9,9.4),(244,148,10,10,9.1),(245,1,10,8,7.3),(245,2,9.5,9,9.9),(245,3,10,7,10),(245,146,9.2,10,8.3),(245,147,7.7,10,7),(245,148,8.3,8.4,7.2),(246,1,10,9.5,7.4),(246,2,7.4,7.7,9.9),(246,3,8.5,9.1,9.8),(246,146,10,9.3,9),(246,147,7.1,8.8,10),(246,148,9.8,8.2,9.9),(247,1,9.3,8.4,7),(247,2,9.1,9.9,9.4),(247,3,7.2,8.1,10),(247,146,8.6,7.5,10),(247,147,7.3,10,9.7),(247,148,9.7,10,8.7),(248,1,10,10,10),(248,2,8.1,8.9,9.6),(248,3,7.7,10,10),(248,146,8,8.2,7.1),(248,147,7.6,8.8,7),(248,148,8.4,9.6,10),(249,1,7.9,7.1,9),(249,2,9.4,8.5,7),(249,3,9.5,10,8.6),(249,146,8.9,7.9,10),(249,147,7,8.5,8),(249,148,9.1,7.4,10),(250,1,9.4,10,8.6),(250,2,9.8,7,7.8),(250,3,8.3,8,7.5),(250,146,8.2,10,7.9),(250,147,10,8.8,10),(250,148,7.3,9.3,9.2),(251,1,7.1,9.9,9),(251,2,8.2,7.4,8.4),(251,3,7.6,10,9),(251,146,9.7,7.8,10),(251,147,9.6,9.4,9.5),(251,148,9.1,10,10),(252,1,10,8,10),(252,2,7.3,10,7.1),(252,3,8.1,7.9,8.3),(252,146,8.4,8.3,9),(252,147,8.1,7.5,8.3),(252,148,9.3,7,7.2),(253,1,8.8,9.5,9.7),(253,2,7.2,10,8.5),(253,3,9.2,10,10),(253,146,10,10,10),(253,147,10,8.5,7),(253,148,7.7,9,7.1),(254,1,7.9,7.6,8.4),(254,2,9.4,9.4,10),(254,3,7.7,10,8.4),(254,146,7.3,7.9,7.1),(254,147,7.4,9.6,7.6),(254,148,9.1,9.4,7.3),(255,1,9.5,10,9.1),(255,2,7.1,8.5,9.8),(255,3,9.1,9.7,8.3),(255,146,9.1,10,7.9),(255,147,7.6,10,10),(255,148,10,9.1,10),(256,1,8,7.1,9.7),(256,2,8.9,10,9.6),(256,3,8,7.5,9.4),(256,146,9.6,8.9,10),(256,147,7.6,8,9.1),(256,148,9.5,10,10),(257,1,9.2,10,7.6),(257,2,10,8.2,8.3),(257,3,7,10,7.7),(257,146,10,7.3,10),(257,147,9.4,8.9,8.2),(257,148,9.2,8.2,8.1),(258,1,7.5,9.3,8.7),(258,2,9.4,9.9,7.1),(258,3,7.8,10,10),(258,146,8.1,8.1,10),(258,147,10,7.3,7.4),(258,148,9.2,10,9.3),(259,1,10,9.9,10),(259,2,7.9,9.2,9.6),(259,3,9.7,9.8,7.2),(259,146,8.9,7.8,9.8),(259,147,9.1,10,9.3),(259,148,7.6,9.8,9.8),(260,1,7.9,10,8.1),(260,2,8.8,8.5,9.8),(260,3,9.6,10,7.6),(260,146,7.7,7.2,10),(260,147,7.2,10,7.5),(260,148,8,7,10),(261,1,9.3,10,10),(261,2,9.2,10,7.4),(261,3,7.9,7.9,9.6),(261,146,10,9.6,7.4),(261,147,8.5,7.7,7.4),(261,148,8.5,10,7.3),(262,1,8.1,9,7.6),(262,2,7.7,7.5,8.5),(262,3,10,9.6,7.3),(262,146,9.9,9.9,9.7),(262,147,10,10,7.9),(262,148,8.7,9,8.1),(263,1,8.2,7.4,10),(263,2,8.5,10,8.6),(263,3,7.4,9.7,9.6),(263,146,10,9.4,8.5),(263,147,7.3,9.4,10),(263,148,10,8.2,7.5),(264,1,8.9,7.9,10),(264,2,10,8.8,10),(264,3,9.8,8.8,7),(264,146,9.6,7,9.5),(264,147,10,8.5,8.5),(264,148,9.9,10,10),(265,1,10,8.8,8.7),(265,2,9.5,8.3,8.9),(265,3,9.9,10,10),(265,146,8,10,10),(265,147,7.2,8.8,8.7),(265,148,8.7,9.3,10),(266,1,7.9,9.4,7.2),(266,2,8.4,10,10),(266,3,9.6,8.8,9.4),(266,146,7.4,9.3,10),(266,147,9.2,10,7),(266,148,10,10,7.8),(267,1,9.4,8.3,7.9),(267,2,9,7.4,10),(267,3,7.2,7.5,7.7),(267,146,7.5,9.1,8.1),(267,147,9,7.4,8.4),(267,148,10,7.1,7.6),(268,1,7.9,9.5,9.7),(268,2,8.7,9.3,7.9),(268,3,9.5,8.5,9.4),(268,146,8.3,7.4,10),(268,147,10,7.6,9.1),(268,148,10,7.4,7.4),(269,1,10,10,7.8),(269,2,7.6,10,9.8),(269,3,9,9.9,8.2),(269,146,10,8.5,9),(269,147,9.5,8.2,7.2),(269,148,9.7,7.2,7),(270,1,8.7,10,7.3),(270,2,9.5,8,9.9),(270,3,8.4,9.4,9.6),(270,146,9.9,10,10),(270,147,9.4,7.4,7.6),(270,148,7.7,9,8.3),(271,1,7.2,8.5,7.3),(271,2,8.3,8.9,7.8),(271,3,9.1,10,10),(271,146,7.3,8.9,8.4),(271,147,7.3,7.8,9.7),(271,148,10,10,7),(272,1,9.1,7,7.8),(272,2,9.6,9.9,9.6),(272,3,9.9,8.4,9.8),(272,146,9.9,10,7.3),(272,147,9.7,8.4,9.3),(272,148,9.8,10,9.1),(273,1,10,10,8.1),(273,2,9.6,8.8,8),(273,3,7.2,9.7,9.9),(273,146,10,8.1,9.1),(273,147,8.3,7,7.7),(273,148,7.6,9.8,7.3),(274,1,7.7,7.9,10),(274,2,8.8,7.8,8.8),(274,3,7.8,9.3,7.9),(274,146,9.1,10,9.5),(274,147,8.6,8.5,7.8),(274,148,7.2,10,10),(275,1,8.6,7.1,8.9),(275,2,7.4,9,7.9),(275,3,9,9.5,8.6),(275,146,10,8.8,9.7),(275,147,8.2,7.5,8),(275,148,7.7,9.7,9.7),(276,1,7.3,10,10),(276,2,8.9,10,9.3),(276,3,9.8,10,7.4),(276,146,10,9,10),(276,147,9.7,9.2,10),(276,148,8.7,7.1,8.6),(277,1,7.6,9.2,8.5),(277,2,8.4,9.4,10),(277,3,10,10,10),(277,146,9.2,10,9),(277,147,7.8,9.1,10),(277,148,10,7.9,10),(278,1,8.7,10,10),(278,2,9.5,9.8,9.7),(278,3,10,7.6,10),(278,146,10,10,7.8),(278,147,8.9,7.3,7.7),(278,148,10,8.4,8.8),(279,1,9.7,8,7.5),(279,2,8.4,9.7,9.4),(279,3,10,9.8,10),(279,146,7,10,8.8),(279,147,10,9.5,8.4),(279,148,10,8.3,7.8),(280,1,8.7,10,8),(280,2,7.5,10,9.7),(280,3,9.3,7.5,7.1),(280,146,8.6,8.2,8.4),(280,147,7.8,7.7,7.4),(280,148,9,9.2,8),(281,1,7.6,7.1,9.9),(281,2,7.1,7.6,7.4),(281,3,8.8,7.7,7.1),(281,146,7.6,10,7.8),(281,147,9.9,10,10),(281,148,9.9,9.7,8),(282,1,7.9,10,9.2),(282,2,10,8.9,10),(282,3,8.3,9.2,8.7),(282,146,7.1,10,7.5),(282,147,10,10,10),(282,148,7.3,9.2,7.9),(283,1,10,9.2,8.3),(283,2,9.2,10,7.2),(283,3,10,7.9,8.9),(283,146,8.8,9.9,7.7),(283,147,7.9,7.9,10),(283,148,9.3,7.6,7.2),(284,1,7.1,7.5,10),(284,2,8.5,7.2,10),(284,3,8.5,8.5,8.9),(284,146,7.7,7,10),(284,147,7,9.1,7.4),(284,148,9.6,10,9.2),(285,1,7.3,8.2,7.4),(285,2,8.6,8.4,7.6),(285,3,7.3,10,7.6),(285,146,8.4,8.5,10),(285,147,7.5,10,8.8),(285,148,10,10,8.3),(286,1,8.1,10,8.7),(286,2,10,9,9.8),(286,3,7.5,10,7.3),(286,146,9.9,10,7.5),(286,147,10,7.7,9.1),(286,148,8.8,7.1,8.7),(287,1,7.4,8.8,7.1),(287,2,7.9,10,7.3),(287,3,7.5,9.9,9.9),(287,146,7,7.1,7.5),(287,147,8.6,7.7,10),(287,148,9.4,10,10),(288,1,8.6,9.4,8.5),(288,2,8.8,10,7.2),(288,3,8.2,7.9,8.8),(288,146,10,10,10),(288,147,9.3,9.4,8),(288,148,8.6,8.5,10),(289,1,10,8.8,8.1),(289,2,10,9.8,10),(289,3,8.8,9.2,8.7),(289,146,8.5,7.5,9.8),(289,147,9.8,9.5,8.7),(289,148,7.5,8.9,8),(290,1,10,7,7.8),(290,2,8.8,8.3,8.1),(290,3,9.3,9.4,9),(290,146,9.6,10,9.8),(290,147,8.4,8.1,9.7),(290,148,7.7,7.1,9.5),(291,1,8.2,7.8,7.1),(291,2,10,10,10),(291,3,10,7.7,7.6),(291,146,9.5,7.4,8.1),(291,147,9.9,10,8.2),(291,148,9.3,8,8.1),(292,1,10,8.1,10),(292,2,7.5,7.2,10),(292,3,7.5,8.6,9.7),(292,146,7.4,9.4,8.1),(292,147,9.7,10,8.1),(292,148,9.9,8.8,9.1),(293,1,10,7.6,7.8),(293,2,8.1,7.8,7),(293,3,7.5,10,9.3),(293,146,10,9.5,9.1),(293,147,7.6,10,10),(293,148,10,9.4,10),(294,1,10,9.4,10),(294,2,10,9.6,8.3),(294,3,8.6,7.1,8.7),(294,146,9,10,10),(294,147,7,10,8.9),(294,148,9.9,10,10),(295,1,8.6,8,10),(295,2,10,10,8.6),(295,3,7.3,7.4,8.8),(295,146,10,8.7,9.5),(295,147,10,8.1,8),(295,148,7.1,10,9.6),(296,1,10,7.6,8.3),(296,2,9.5,9.3,10),(296,3,10,9.7,8.8),(296,146,8.1,8,10),(296,147,10,7.4,8.9),(296,148,10,10,8.9),(297,1,9.8,8.8,7.6),(297,2,7.2,8.4,8.3),(297,3,8.2,7,9.6),(297,146,8.7,8.7,10),(297,147,9.1,7.9,10),(297,148,9.5,10,8.5),(298,1,9.3,9.6,8.8),(298,2,10,7,9.3),(298,3,10,9.1,9.6),(298,146,9.4,10,10),(298,147,9.8,9.5,7.7),(298,148,10,10,9.4),(299,1,9.6,8.7,10),(299,2,7,10,9.8),(299,3,10,8.9,10),(299,146,10,7.2,8.8),(299,147,7.3,9.9,10),(299,148,10,9.7,9.4),(300,1,8.8,8,10),(300,2,9.9,10,10),(300,3,9.9,9.1,9.9),(300,146,7.6,10,7.7),(300,147,10,9.2,8.2),(300,148,10,10,9.5),(301,1,9.8,9.4,10),(301,2,7,8.6,7.9),(301,3,7,9.7,9.5),(301,146,8.9,9,9.2),(301,147,7.1,10,8),(301,148,9.3,8.3,8.2),(302,1,9.9,8.7,7.7),(302,2,9.1,8.5,7.2),(302,3,8.1,9.4,8.5),(302,146,7.5,9.4,9.9),(302,147,8.7,8.4,10),(302,148,10,7.7,9.7),(303,1,9.1,7.6,9.4),(303,2,8,10,9.3),(303,3,7.5,10,7),(303,146,9.2,9.7,7),(303,147,8.3,9,10),(303,148,9.1,7,8.6),(304,1,9.7,9.3,7.6),(304,2,9.6,8.8,7.3),(304,3,8,7.8,8.2),(304,146,10,9.9,10),(304,147,7.4,8.9,8.2),(304,148,8.9,8.3,10),(305,1,8.4,8.2,10),(305,2,8.8,9.4,10),(305,3,8,8.2,9.9),(305,146,7.3,8.3,7),(305,147,8.7,8.6,7.3),(305,148,9.9,9.6,7.3),(306,1,7.6,9.6,9.2),(306,2,7.2,10,10),(306,3,10,8.1,9.6),(306,146,10,8.7,7.6),(306,147,10,9.2,9.1),(306,148,9.7,7.1,9.8),(307,1,9.3,8.9,9.7),(307,2,7.9,9,8.2),(307,3,9.2,8.4,8),(307,146,10,8.4,8),(307,147,8,7.5,7.9),(307,148,9.4,9.8,9.1),(308,1,10,7.4,9.1),(308,2,7.6,9.3,9.7),(308,3,7.7,9.9,9.5),(308,146,10,7.3,8.6),(308,147,10,8.3,7.7),(308,148,9.6,8,8.2),(309,1,7.6,10,8.7),(309,2,10,10,7.1),(309,3,10,8.6,9),(309,146,9.2,9.8,7.7),(309,147,10,9.4,9.6),(309,148,7.3,10,9.7),(310,1,7.4,7.3,8.2),(310,2,8.7,7.9,9.4),(310,3,7,10,8.7),(310,146,9.4,8.6,8.7),(310,147,9.7,10,7.7),(310,148,7.3,9.6,7.7),(311,1,9,9.6,7.1),(311,2,10,9.4,9.4),(311,3,10,7.5,9.6),(311,146,7.3,9.1,9.8),(311,147,8.3,9.3,10),(311,148,10,10,9.9),(312,1,10,7.3,10),(312,2,9,7.8,8.9),(312,3,10,9.3,8.9),(312,146,7.1,9.3,10),(312,147,8,9.7,7.8),(312,148,9.6,9.7,10),(313,1,10,7,8.9),(313,2,9.7,10,7.7),(313,3,7.1,9.8,9.6),(313,146,10,8.3,8.2),(313,147,7.8,9.7,8.1),(313,148,10,10,10),(314,1,8.3,9.9,10),(314,2,8.5,9.7,10),(314,3,9.3,10,8.9),(314,146,10,7.1,8.1),(314,147,10,9.4,10),(314,148,8.2,8.2,9.5),(315,1,9.4,9.6,7.6),(315,2,10,8.4,10),(315,3,8,7.3,10),(315,146,10,7,7.5),(315,147,9.1,9.4,8.4),(315,148,8.5,8.3,9.1),(316,1,8.9,7.1,7.9),(316,2,9.7,7.4,8),(316,3,8.9,8.1,8.5),(316,146,9,7.8,10),(316,147,7,7.8,10),(316,148,8,9.6,10),(317,1,9.8,7,10),(317,2,9,10,10),(317,3,9.3,10,9.8),(317,146,10,9.9,9.5),(317,147,8.2,8.2,9.7),(317,148,9.8,7,9.6),(318,1,8.3,9.4,8.1),(318,2,7.6,9.6,7.1),(318,3,7.3,10,7.3),(318,146,7.6,10,10),(318,147,9.1,8.7,8.6),(318,148,7.5,10,8.2),(319,1,9.3,7.9,9.2),(319,2,8.7,8.1,9.8),(319,3,8,8.1,7.6),(319,146,8.9,8.9,10),(319,147,9.6,8.9,7.7),(319,148,7.3,10,7.6),(320,1,8.2,7.7,8.2),(320,2,8.8,9.1,9.9),(320,3,7.3,10,7.1),(320,146,8.7,9.9,9.6),(320,147,7,10,10),(320,148,10,10,7),(321,1,8.8,10,10),(321,2,9.1,7.5,7),(321,3,9.6,9.7,9.7),(321,146,9.7,8.7,8.7),(321,147,9.2,9.1,8.3),(321,148,10,7.7,8),(322,1,10,9.7,10),(322,2,8.1,7.6,9.2),(322,3,8.8,8.2,7.7),(322,146,9,9.9,8.9),(322,147,10,8.9,10),(322,148,9.2,9.6,8.6),(323,1,9.9,8.6,8.9),(323,2,10,7.3,7),(323,3,10,10,7.9),(323,146,10,7.9,10),(323,147,9.6,10,8.2),(323,148,7,7.1,8.5),(324,1,9.6,9.1,9.1),(324,2,10,9.9,7.6),(324,3,9.4,7.7,7.8),(324,146,7.2,7.7,10),(324,147,10,9.7,9.8),(324,148,7.7,9.6,8.7),(325,1,7.3,8.8,7),(325,2,7,7.2,8.6),(325,3,7,8.5,8.1),(325,146,10,8.5,7.8),(325,147,10,10,9.1),(325,148,7.6,8.9,9.8),(326,1,9.5,10,8.4),(326,2,8,7.7,9.1),(326,3,9.9,10,10),(326,146,8.2,7.1,8.4),(326,147,8.9,9.9,9.9),(326,148,7.2,10,9),(327,1,8,8.6,10),(327,2,8.1,10,8.6),(327,3,10,9,8.9),(327,146,10,7,7.6),(327,147,9.3,7.9,7.7),(327,148,8.5,9.9,8.7),(328,1,8,8.4,10),(328,2,7,7.7,9.2),(328,3,7,7.5,9.6),(328,146,8.6,9,7),(328,147,7.4,10,8.3),(328,148,7.2,10,7.2),(329,1,9.5,8.8,7.6),(329,2,9.8,7.6,7.6),(329,3,7.5,8.1,8.1),(329,146,7.4,7.4,7.6),(329,147,7,9,8.9),(329,148,9.3,8.8,10),(330,1,10,8.8,10),(330,2,8.1,8.8,8.9),(330,3,10,10,10),(330,146,8.3,10,7.2),(330,147,9.4,7.8,7.5),(330,148,7.5,9.4,7.1),(331,1,8.7,7,9.5),(331,2,8,9.5,8.5),(331,106,8.6,9.3,8.5),(331,110,9.7,9.3,8.6),(331,178,9.5,7.4,7.3),(331,179,9.8,10,7.3),(331,180,9.6,7.6,10),(332,1,10,10,9.7),(332,2,10,9.7,9.5),(332,106,9.9,10,7.7),(332,110,9.7,7.9,7.3),(332,178,9.9,9,10),(332,179,8.3,8.1,8.2),(332,180,8.5,7.5,10),(333,1,9.1,9.5,7.7),(333,2,10,7.4,8.4),(333,106,8.7,7.9,9.8),(333,110,8.8,8.3,9.4),(333,178,9.1,7.6,7.1),(333,179,10,8.1,9.5),(333,180,8.9,9.4,8.5),(334,1,9.2,8.5,9.3),(334,2,7,10,9.6),(334,106,10,10,10),(334,110,7,9.7,10),(334,178,9.8,7.4,7.8),(334,179,8,9.4,8.6),(334,180,10,10,7.5),(335,1,8.3,10,10),(335,2,8,7.3,8.2),(335,106,9.2,8.6,7.4),(335,110,9.6,8.8,9),(335,178,7.1,7.2,7.5),(335,179,7,7.5,9.7),(335,180,10,9.3,10),(336,1,7,10,10),(336,2,10,10,7),(336,106,8.9,10,7.7),(336,110,9.8,7.8,10),(336,178,8.6,9.5,10),(336,179,9.1,9.2,7.8),(336,180,8.2,8.3,7.3),(337,1,10,7.3,9.3),(337,2,7.5,9.5,7.9),(337,106,8.8,7.8,8.3),(337,110,7.9,7.6,10),(337,178,8.7,9,10),(337,179,7.2,9.6,9),(337,180,10,10,10),(338,1,10,10,9.4),(338,2,10,7.3,8.4),(338,106,7.7,8,10),(338,110,8.8,7.4,7.9),(338,178,7,8.9,9.4),(338,179,9,9.4,7.6),(338,180,10,7,10),(339,1,9.6,7,7.6),(339,2,10,9.6,10),(339,106,8.6,8.5,9.3),(339,110,7.4,9.8,7.7),(339,178,8.6,7.7,8.9),(339,179,9.2,10,7.7),(339,180,10,10,9.7),(340,1,9.1,9.7,9.3),(340,2,9.1,9.8,8),(340,106,9.4,8,8.4),(340,110,9.1,8.8,10),(340,178,7.8,9.9,10),(340,179,9.3,8.6,9.2),(340,180,9.5,9.2,10),(341,1,10,10,8.7),(341,2,8.5,9.8,10),(341,106,10,10,7.7),(341,110,9,9.2,9.3),(341,178,9,9.1,8.7),(341,179,10,8.5,10),(341,180,7.8,8,9.8),(342,1,7.9,9.1,8),(342,2,8.8,7.1,8.5),(342,106,7.5,9.2,8.1),(342,110,7.6,7.2,9.8),(342,178,10,10,7.8),(342,179,8.2,8.6,7.2),(342,180,10,9.3,9.6),(343,1,10,8,7.8),(343,2,7.4,9.9,10),(343,106,10,10,8.1),(343,110,9.1,7,9.6),(343,178,9.6,7.8,10),(343,179,10,8.2,8.9),(343,180,10,9.1,7.5),(344,1,9.3,10,9.4),(344,2,10,7.7,9.1),(344,106,9,7.5,8.7),(344,110,10,7.7,10),(344,178,8.2,8.1,7.2),(344,179,9.5,8.9,10),(344,180,8.3,7,9.6),(345,1,7.7,8.8,8.7),(345,2,9,9,7.3),(345,106,10,7.9,9.8),(345,110,8.7,9.9,10),(345,178,9.7,10,8.9),(345,179,10,8.6,7.9),(345,180,9.2,9.7,8),(346,1,7.3,7.6,10),(346,2,10,9.5,10),(346,106,8.3,8.9,8.3),(346,110,8.3,10,8.8),(346,178,10,9.2,8.8),(346,179,7.4,7.6,7.1),(346,180,8.3,10,9.7),(347,1,10,9.1,10),(347,2,9.3,8,7.8),(347,106,9.5,8.3,8.5),(347,110,7.2,9.2,10),(347,178,10,10,10),(347,179,9.3,9.3,10),(347,180,8.4,9.8,7.1),(348,1,10,8.5,9.6),(348,2,7.2,10,10),(348,106,8.5,9.3,7.3),(348,110,10,8.2,8.2),(348,178,10,9.7,9.6),(348,179,10,9.1,7.9),(348,180,10,10,7.2),(349,1,8.8,10,8),(349,2,8.8,9,7.6),(349,106,10,10,10),(349,110,9.7,8.5,8.3),(349,178,10,7.2,8.7),(349,179,9.8,8.6,7.8),(349,180,10,8.7,7),(350,1,9.3,8.1,9.8),(350,2,10,8.3,10),(350,106,10,8.9,7.6),(350,110,10,10,8.9),(350,178,8.1,7.4,8),(350,179,9.3,7.3,9.1),(350,180,8.5,10,7.2),(351,1,7.3,7.9,10),(351,2,10,7.8,10),(351,106,8.5,8.7,8.2),(351,110,7.7,10,8.8),(351,178,10,10,9.7),(351,179,9.5,7.3,8.2),(351,180,7.3,9.5,7.3),(352,1,10,7.5,8.7),(352,2,9.4,10,7.1),(352,106,9.6,10,7.8),(352,110,8.9,7.2,8.6),(352,178,9,8.6,8.1),(352,179,7.3,10,9.9),(352,180,8,9.9,9.1),(353,1,8.6,9.8,10),(353,2,9.6,10,8.2),(353,106,7.4,9.1,8.2),(353,110,10,7.6,9.2),(353,178,7.6,7.8,8.9),(353,179,10,8.4,9.4),(353,180,10,9.7,8.4),(354,1,8.7,7.5,9.5),(354,2,7.2,7.2,10),(354,106,7.1,9.7,9.9),(354,110,7.2,8,7.6),(354,178,8.4,8.8,10),(354,179,9.7,8.5,9.9),(354,180,8.4,7.6,8.9),(355,1,9.4,9.3,10),(355,2,7.4,10,8.6),(355,106,10,7.7,7),(355,110,9.1,10,8.6),(355,178,8.8,10,9.4),(355,179,9.9,7.8,10),(355,180,10,8.2,7.9),(356,1,9.5,8.2,9.4),(356,2,9.7,8.4,10),(356,106,7.2,9,8.2),(356,110,7.6,9.3,8.6),(356,178,7.8,10,9.5),(356,179,9.3,9.8,10),(356,180,7.5,10,7),(357,1,10,10,10),(357,2,10,9.1,8.1),(357,106,9.8,8.1,10),(357,110,9.1,10,8.4),(357,178,8.2,8,7.1),(357,179,9,9.7,8.4),(357,180,7.6,7.5,10),(358,1,7.2,10,8.8),(358,2,9,9.1,10),(358,106,7.5,9.3,9.8),(358,110,7.8,7.4,8.9),(358,178,9.1,7,7.2),(358,179,7.3,10,10),(358,180,7.8,7.3,9.4),(359,1,10,9.9,9.8),(359,2,9,7,8.1),(359,106,10,7.1,7.7),(359,110,7.3,7.9,8.6),(359,178,10,10,9.1),(359,179,7.2,10,7.7),(359,180,9.6,9.6,10),(360,1,9.3,8.3,7.6),(360,2,10,7.8,7.9),(360,106,9.9,9.4,8.1),(360,110,7.2,10,9),(360,178,8.8,8.8,8.5),(360,179,9.4,9.8,10),(360,180,7.4,9.3,10),(361,1,10,10,7.5),(361,2,10,8.7,8.8),(361,106,7.7,9.3,7.4),(361,110,7.9,8.6,9.6),(361,178,10,7.5,7.1),(361,179,9.9,8.1,7.5),(361,180,10,8.8,8.6),(362,1,9.6,9.7,9.3),(362,2,10,9.6,9.3),(362,106,8.9,7.4,10),(362,110,9.4,7.5,7.3),(362,178,7.9,7.7,9.8),(362,179,9.8,10,7.1),(362,180,9.5,7.7,7.6),(363,1,7.3,7.5,10),(363,2,9,10,8.4),(363,106,8.8,10,8.9),(363,110,9.1,8.4,10),(363,178,8.9,8.2,9.5),(363,179,8.1,8.7,9.5),(363,180,10,7.3,7.9),(364,1,9.8,9.7,9.8),(364,2,9.5,9.8,7.4),(364,106,10,8.1,7.2),(364,110,10,9.9,8.4),(364,178,10,8.8,8),(364,179,7.3,10,10),(364,180,8.4,9.4,9.9),(365,1,10,10,8.6),(365,2,9.6,10,9.1),(365,106,8.6,8.6,7.4),(365,110,10,7,10),(365,178,10,10,8.8),(365,179,8.3,8.5,8.6),(365,180,8.5,7.4,10),(366,1,9.7,7.1,8.8),(366,2,8.3,10,10),(366,106,10,10,7.5),(366,110,8.5,10,9.7),(366,178,7.7,10,9.6),(366,179,9.1,8.7,10),(366,180,8.3,10,10),(367,1,9.6,9.9,9.1),(367,2,8.2,10,8.3),(367,106,10,9.2,9.5),(367,110,9.1,8.6,7),(367,178,8.2,8.2,7.3),(367,179,10,7.5,7.2),(367,180,8.8,9.2,8),(368,1,9.9,7,10),(368,2,7.5,10,7.6),(368,106,9.7,10,7.4),(368,110,7.3,9,9.7),(368,178,9.8,10,9.6),(368,179,10,10,7.3),(368,180,7.3,8,10),(369,1,9,7.8,7.9),(369,2,10,7.8,8.9),(369,106,10,7.7,7.5),(369,110,8.3,7,7.1),(369,178,10,7.9,9.7),(369,179,9,10,8.2),(369,180,8.2,8,10),(370,1,10,7.3,8.1),(370,2,9.4,7.5,7.6),(370,106,7.8,9.9,7.9),(370,110,10,8,7.8),(370,178,9.1,9,10),(370,179,9.8,7.9,7.6),(370,180,8.8,9.7,10),(371,1,8.5,10,8.3),(371,2,7.2,10,10),(371,106,7.2,9.3,8.1),(371,110,7.2,7.3,9.9),(371,178,7.4,8.9,9.3),(371,179,8.9,7.9,9.3),(371,180,10,9,9.4),(372,1,8.2,7.1,9.9),(372,2,8.7,8.3,9.3),(372,106,9.4,10,8.4),(372,110,9.4,9.2,10),(372,178,7.1,7.1,8.1),(372,179,8.7,9.4,7.3),(372,180,8.8,7.5,8.8),(373,1,10,9.2,9.9),(373,2,7.2,8.8,10),(373,106,9.6,9.3,8.6),(373,110,10,7.3,10),(373,178,10,7.2,9.8),(373,179,8.7,7.3,9.3),(373,180,7.8,10,7.5),(374,1,7.8,7.1,7.9),(374,2,9.5,7.4,9.4),(374,106,10,8.8,9.9),(374,110,7.4,7.9,7.3),(374,178,8.9,8,8),(374,179,9.7,7.2,9.9),(374,180,8.8,9.7,8.7),(375,1,10,10,10),(375,2,7.9,8.4,9.6),(375,106,7.7,7.8,10),(375,110,9,7.2,10),(375,178,10,8.1,8.3),(375,179,8.3,7.6,9.7),(375,180,7.9,8.4,9.8),(376,1,8.6,10,9.1),(376,2,10,10,8.1),(376,106,9.1,10,8.8),(376,110,8.3,8.3,8.7),(376,178,8.8,8,9.2),(376,179,9.6,9.9,9.7),(376,180,10,7,7.1),(377,1,8.4,8.7,10),(377,2,8.9,10,8.6),(377,106,7.3,10,9.4),(377,110,9.4,9.7,7.7),(377,178,7.3,8.8,10),(377,179,7.2,9.1,10),(377,180,10,10,8.5),(378,1,10,7.2,8),(378,2,8.3,9,9.2),(378,106,7.8,9.2,8.2),(378,110,10,10,8.1),(378,178,7.8,9.6,9.2),(378,179,10,9.5,10),(378,180,10,8.5,8),(379,1,7.1,7.3,10),(379,2,8,8.3,10),(379,106,7.5,8.5,8.7),(379,110,7.3,7.1,7),(379,178,8.2,10,7.1),(379,179,7.3,10,7.2),(379,180,7.2,8.2,10),(380,1,8.7,10,9.5),(380,2,10,8.9,7.9),(380,106,8.8,10,7.6),(380,110,9,9,8),(380,178,10,7.3,7.8),(380,179,8.4,10,8.4),(380,180,9.9,7,9.9),(381,1,7.2,9.1,8.6),(381,2,10,7.4,7.1),(381,106,9,9.1,7.7),(381,110,10,9,8.3),(381,178,10,8.6,8.2),(381,179,10,7.8,9.7),(381,180,9.4,10,8.1),(382,1,8.5,10,7.1),(382,2,10,8,10),(382,106,9.6,7.8,7.8),(382,110,9.8,10,10),(382,178,9.7,9.6,9.6),(382,179,9.2,9.4,10),(382,180,9.5,9.7,9.7),(383,1,10,9.3,8.1),(383,2,10,9.7,9.9),(383,106,8.2,8,9.1),(383,110,7,10,9.6),(383,178,10,10,7.3),(383,179,10,10,9.4),(383,180,8.8,8.2,9),(384,1,8.4,10,7.8),(384,2,9,9.7,10),(384,106,9.2,9.8,7.3),(384,110,9.2,7.1,9.1),(384,178,9.9,7.8,9.5),(384,179,8.7,10,8),(384,180,10,8.3,10),(385,1,9.7,8.1,8.7),(385,2,7.9,10,7.9),(385,106,8.6,8.8,7.2),(385,110,10,10,8.4),(385,178,9.5,8.4,10),(385,179,7.4,8.3,7.4),(385,180,10,7.7,7.2),(386,1,7.1,10,7),(386,2,9,7.1,8.2),(386,106,10,9.4,9.2),(386,110,8,7.4,10),(386,178,9.2,8.6,10),(386,179,7.2,10,8.7),(386,180,9.6,7.1,7.5),(387,1,10,7.9,9.7),(387,2,10,10,7.6),(387,106,8.6,7.2,10),(387,110,8.6,7.7,9.6),(387,178,9.3,10,9.6),(387,179,10,7.3,7.2),(387,180,9.3,10,7.3),(388,1,10,10,8.7),(388,2,10,7.6,10),(388,106,7.9,10,7.9),(388,110,10,9.4,8.8),(388,178,7.9,8.3,10),(388,179,7.4,9.3,7.4),(388,180,9.5,7.8,8),(389,1,9.7,8.6,10),(389,2,8.6,7.8,8),(389,106,8.8,10,10),(389,110,9.4,7,7.7),(389,178,7.9,9.7,7.9),(389,179,9.7,8.2,9.6),(389,180,10,8.7,7.5),(390,1,10,7.1,9.4),(390,2,8.4,8.2,10),(390,106,9.5,7.7,9.3),(390,110,10,10,9.1),(390,178,10,9.5,7.2),(390,179,7.5,7.1,10),(390,180,8.2,10,7.3),(391,1,9.2,10,10),(391,2,8.3,9.3,10),(391,106,7.5,10,8),(391,110,10,10,8.8),(391,178,9.9,10,7),(391,179,9.8,8.8,7.2),(391,180,9.5,7.6,7.6),(392,1,10,7.1,10),(392,2,10,9.2,8.7),(392,106,9.8,7.3,7),(392,110,8.9,10,10),(392,178,8.1,8.5,9.3),(392,179,9.2,9.5,8.2),(392,180,9.6,8,7.8),(393,1,7.8,9.2,9.2),(393,2,8.9,8.1,7.9),(393,106,7.3,7.4,10),(393,110,7.4,10,8.1),(393,178,7.6,8.5,9.6),(393,179,9.8,8.4,8.9),(393,180,10,9.2,7.7),(394,1,7.5,8.1,7.1),(394,2,7.5,8.8,7.6),(394,106,10,7.4,10),(394,110,10,10,9.3),(394,178,7.1,10,8.9),(394,179,10,7.5,9.3),(394,180,10,8.6,9.7),(395,1,7.4,8.5,9.6),(395,2,7.5,10,10),(395,106,10,9.6,10),(395,110,8,9.1,10),(395,178,9.8,8.5,8.1),(395,179,9.9,7.5,9.3),(395,180,8.2,8.5,9.7),(396,1,10,10,7.5),(396,2,10,7.4,7.8),(396,106,9.6,8.7,10),(396,110,8.9,9.5,7),(396,178,10,10,9.9),(396,179,9.8,10,10),(396,180,9.8,9.9,9.2),(397,1,8,8.7,7),(397,2,7.5,8.1,8.4),(397,106,9.9,10,7.4),(397,110,9.7,7.3,9.3),(397,178,9.6,10,8),(397,179,7.4,9.5,10),(397,180,10,8,10),(398,1,7.7,8.1,10),(398,2,8.1,9.9,10),(398,106,7.5,8.4,10),(398,110,10,9,10),(398,178,7,8.7,8.9),(398,179,9.7,9.5,10),(398,180,9,8.2,8.5),(399,1,7.4,10,10),(399,2,10,7.2,10),(399,106,10,8.3,9.1),(399,110,8.2,7,7.5),(399,178,7.8,7.7,8.6),(399,179,7.4,9,7.1),(399,180,8.1,10,9.4),(400,1,10,9.2,8.9),(400,2,10,7.8,8.7),(400,106,8,8.2,10),(400,110,7.4,9.7,9),(400,178,8.4,9,9.7),(400,179,9,10,8.2),(400,180,8.9,10,10),(401,1,9.8,9.8,8.9),(401,2,7,10,10),(401,106,9.3,9.2,9.2),(401,110,7.3,9,9),(401,178,7.6,7.2,10),(401,179,8.3,9.3,9),(401,180,8.1,8.8,8.1),(402,1,7.4,9,9.3),(402,2,9.9,9.1,9.3),(402,106,8.4,9.3,10),(402,110,10,10,9.1),(402,178,9.6,7.6,9.9),(402,179,10,8.8,8.1),(402,180,8.7,9.9,7.4),(403,1,8,7.2,10),(403,2,9.1,9.8,7.2),(403,106,9.3,8.6,10),(403,110,9.4,7.4,8.6),(403,178,7.6,7.6,8.3),(403,179,8.1,10,9.4),(403,180,7.9,10,7.5),(404,1,8.8,8.9,7.9),(404,2,9.7,9.3,8.1),(404,106,8.8,9.5,10),(404,110,7.1,8.1,9.5),(404,178,10,8.8,8.4),(404,179,9.5,9.7,10),(404,180,9.6,10,8.6),(405,1,8.1,7.4,7.7),(405,2,8.4,9.3,8.5),(405,106,10,7.9,8),(405,110,9.7,7,8),(405,178,8.2,7.7,8.4),(405,179,7.2,8.5,9.3),(405,180,8.3,10,7.8),(406,1,8.2,7.5,7.3),(406,2,8.7,9.3,8.8),(406,106,8.6,9.9,8.1),(406,110,9.8,9.2,7.4),(406,178,8.6,9.3,7.7),(406,179,8.7,7.4,8.1),(406,180,7.9,7.6,9.3),(407,1,8.9,10,10),(407,2,9,9.5,7.6),(407,106,10,9.3,9.6),(407,110,7.4,9,9.9),(407,178,8,7,9),(407,179,8.6,8.5,9.1),(407,180,7.5,9.2,9.7),(408,1,8.3,8.1,10),(408,2,9.4,7.5,9.6),(408,106,7.8,7.4,10),(408,110,7.8,7.4,8.4),(408,178,7.8,7.3,9.8),(408,179,8.2,9.4,10),(408,180,7.7,8.5,7),(409,1,8.6,9.1,7.1),(409,2,8.3,9.9,10),(409,106,7.7,8,10),(409,110,8.7,7.1,9.9),(409,178,7.3,7.5,7),(409,179,10,7,10),(409,180,9.1,10,10),(410,1,7,9.3,9.5),(410,2,9.1,7,9.3),(410,106,8.8,8,7.7),(410,110,9.8,8.1,10),(410,178,10,7.6,8),(410,179,10,9.8,7.4),(410,180,9.4,7.1,9.7),(411,1,7,8.1,8.1),(411,2,10,7,10),(411,219,8,10,9.4),(411,220,9,10,10),(411,221,8.8,9.7,9.4),(411,222,7.8,8,10),(411,223,8.5,8.2,8.7),(412,1,8.6,10,10),(412,2,10,9.3,10),(412,219,10,9.6,8.4),(412,220,7.1,8.3,9.4),(412,221,8.7,7.3,7.5),(412,222,9.6,9,7.4),(412,223,9,7.2,9),(413,1,9.1,10,10),(413,2,7.4,7.2,9.1),(413,219,10,10,10),(413,220,8.2,9,10),(413,221,8.7,7.5,7.1),(413,222,8,7.5,9),(413,223,10,9.8,8.7),(414,1,9.3,9.2,7.8),(414,2,8.1,9.2,9.7),(414,219,10,8.3,9.4),(414,220,10,7.5,9.2),(414,221,8.8,9.2,7.6),(414,222,8.5,9.9,9.8),(414,223,8,10,10),(415,1,8.8,9.3,8.3),(415,2,7.7,9.2,10),(415,219,7.3,7.9,8.5),(415,220,8.8,7.7,8.9),(415,221,8.6,8.5,7.3),(415,222,10,7.3,8.1),(415,223,7.7,8.4,8.2),(416,1,8.5,8.8,8.4),(416,2,7.2,9.3,10),(416,219,7.2,10,8.3),(416,220,8,10,9.2),(416,221,7.3,9.5,8.4),(416,222,10,9.1,8.7),(416,223,10,9.2,9.2),(417,1,9.3,9.9,8.5),(417,2,7.6,9,9.2),(417,219,10,9.9,8.7),(417,220,8.8,8.5,10),(417,221,8,7.5,10),(417,222,9.5,10,7),(417,223,9.6,10,8.5),(418,1,7.1,8,10),(418,2,9.2,8.5,9.7),(418,219,10,8.6,7.1),(418,220,7.4,9.2,8.4),(418,221,8.4,10,8.2),(418,222,8.3,10,8),(418,223,8.3,10,7.7),(419,1,9.3,10,7.6),(419,2,7.1,8.6,7.2),(419,219,9.4,9.3,10),(419,220,10,10,7.1),(419,221,9.3,8,7.4),(419,222,9.2,9.2,10),(419,223,10,10,8.1),(420,1,10,9.9,9.5),(420,2,10,7.4,9),(420,219,8.1,8.1,8.1),(420,220,7,7.1,9.5),(420,221,9.5,8.7,9.2),(420,222,7.1,8.4,9.7),(420,223,9.1,10,8.5),(421,1,10,9.5,8.2),(421,2,8.5,7.1,9.4),(421,219,8.2,7.3,9.8),(421,220,8.3,10,9.5),(421,221,8,8,8.2),(421,222,8,8.3,9.3),(421,223,10,7.4,10),(422,1,10,7.3,9.5),(422,2,10,9.8,8),(422,219,10,7.5,7.3),(422,220,7.5,7.9,8.9),(422,221,9.5,8.5,9.6),(422,222,9.2,10,9.8),(422,223,7.1,7.2,7.6),(423,1,10,10,10),(423,2,9,9.1,7.1),(423,219,9,8.1,10),(423,220,7.2,7.4,10),(423,221,10,7,7.4),(423,222,8.9,8.5,10),(423,223,8.8,7.1,10),(424,1,9.7,9.4,10),(424,2,7.3,9.2,8.9),(424,219,10,7.8,8.3),(424,220,10,8.5,9.3),(424,221,9.9,9.6,8.6),(424,222,7.5,7.8,8.2),(424,223,9.3,8.3,10),(425,1,10,9.3,8.4),(425,2,8,9,8.5),(425,219,9.4,8,10),(425,220,9.4,7.3,9.1),(425,221,7.4,10,8.7),(425,222,7.3,10,7.8),(425,223,8.3,7.1,8.4),(426,1,7.8,9,10),(426,2,10,9.6,7.4),(426,219,10,9,7),(426,220,8.4,7.3,10),(426,221,9.7,8.6,10),(426,222,10,10,9.9),(426,223,8.2,10,9.2),(427,1,10,7,7.9),(427,2,8.4,7.5,10),(427,219,10,7,7.3),(427,220,9.3,7.3,9.7),(427,221,8.2,9.3,10),(427,222,8.2,9.8,7.5),(427,223,8.2,8.2,10),(428,1,9.7,9.2,8.7),(428,2,9.4,7.5,8.8),(428,219,10,10,10),(428,220,9.8,7.5,7.1),(428,221,7.4,9.9,8.4),(428,222,8.8,8.9,8.9),(428,223,8.7,7.8,8.1),(429,1,9.6,8,8.9),(429,2,10,7.7,9.2),(429,219,9.7,10,9),(429,220,7,10,10),(429,221,10,8.1,9.7),(429,222,9,9.9,9.3),(429,223,10,10,9.1),(430,1,7.3,7.7,9.3),(430,2,9.4,9.9,7.7),(430,219,7.5,8.6,8.8),(430,220,10,9.4,8.5),(430,221,9.9,7.1,10),(430,222,10,8.7,7.1),(430,223,7.3,8.2,7.2),(431,1,8.6,8.8,9.5),(431,2,7,7.4,9),(431,219,7.5,9.9,7.3),(431,220,8.7,7.9,9.6),(431,221,8.9,9.7,7.4),(431,222,9.9,8,9.5),(431,223,9.8,9.5,7.4),(432,1,9.1,10,8.2),(432,2,7.8,7.2,8.3),(432,219,9.8,8,10),(432,220,9.9,10,8.7),(432,221,9.6,10,7.4),(432,222,10,8.5,8.6),(432,223,7,10,8.9),(433,1,7.2,9.4,7.5),(433,2,10,7.9,7.3),(433,219,7.8,9.1,9.5),(433,220,9.7,9.4,10),(433,221,10,9.1,9),(433,222,10,7.4,8.3),(433,223,10,7,8.2),(434,1,7.1,10,8.9),(434,2,8.9,10,8.5),(434,219,8.6,7.2,7.6),(434,220,8.7,7.6,10),(434,221,7.6,8.7,10),(434,222,9.9,7.3,8.2),(434,223,10,7.7,10),(435,1,10,9.1,7.1),(435,2,9.4,10,7.5),(435,219,8.9,9.3,10),(435,220,10,9.9,10),(435,221,10,8.8,9.8),(435,222,10,8.8,10),(435,223,7.3,10,7.1),(436,1,7.8,10,7.4),(436,2,7.3,8.8,9.4),(436,219,8.8,7,10),(436,220,7.3,10,9),(436,221,7.4,7,10),(436,222,8.9,10,7),(436,223,8.9,8.7,10),(437,1,8.2,10,8),(437,2,7.1,8.2,9.6),(437,219,9.5,7.1,10),(437,220,10,9.1,9.5),(437,221,8.1,9.7,9.5),(437,222,8.2,7.3,8.8),(437,223,8.3,8.8,9.5),(438,1,7.1,9.5,10),(438,2,8.3,9.6,9.6),(438,219,7.9,9.5,9.9),(438,220,8.6,9.9,9.9),(438,221,9.8,7.1,8.9),(438,222,9.2,9,9.8),(438,223,9.6,10,8.3),(439,1,8.6,9.7,9.4),(439,2,9.5,8.1,10),(439,219,7.8,10,7.2),(439,220,7.4,8.2,7.3),(439,221,8.5,8.4,8.2),(439,222,10,7.9,10),(439,223,8.6,8.5,7),(440,1,10,8.1,10),(440,2,9.6,10,8.6),(440,219,8.9,7.6,10),(440,220,9.7,8.9,10),(440,221,7.4,7.2,7.8),(440,222,9.2,10,9.8),(440,223,10,8.5,9.4),(441,1,10,8,9),(441,2,7.1,9.6,10),(441,219,8.6,7.3,9.1),(441,220,9.5,7.9,9.7),(441,221,9.9,9.8,9.7),(441,222,7,8.5,8.4),(441,223,10,8.1,9.8),(442,1,7,9,7.6),(442,2,7.5,7.6,8.9),(442,219,8.3,9.3,7.7),(442,220,7.3,8,10),(442,221,8.1,8,8.4),(442,222,9.4,7.7,10),(442,223,10,9.2,8),(443,1,9.3,10,8.1),(443,2,9,7.3,9.4),(443,219,7.9,7.3,8.6),(443,220,8.1,8.4,7.6),(443,221,10,9.3,10),(443,222,9.9,9,8.7),(443,223,7.3,7.7,7.7),(444,1,10,8.2,9.8),(444,2,8.6,8.2,10),(444,219,10,10,8.7),(444,220,10,9.1,9.2),(444,221,9.5,10,8.7),(444,222,7.4,10,8.9),(444,223,7.7,8.9,7.6),(445,1,8.5,9.7,10),(445,2,9.5,10,9.6),(445,219,8.7,9.6,7.8),(445,220,9.1,10,10),(445,221,8.9,9,7.6),(445,222,9.4,10,7.9),(445,223,9.7,7.6,9.8),(446,1,8.6,7.6,10),(446,2,9.1,9.9,9),(446,219,9.5,7.3,10),(446,220,9.7,7.6,7.1),(446,221,9.3,7.4,8.2),(446,222,8.4,7.9,10),(446,223,9,9.8,9.1),(447,1,7.8,7.7,9.1),(447,2,10,8.1,8.2),(447,219,8,7.2,9.4),(447,220,8.1,7.4,9.6),(447,221,7.5,8.2,10),(447,222,8.7,9.1,9.3),(447,223,8.2,10,9.9),(448,1,9.1,8.3,8.4),(448,2,7.8,8.4,9.7),(448,219,7.7,9.5,7.8),(448,220,9.3,10,10),(448,221,7.3,9.8,10),(448,222,10,10,7.9),(448,223,8.1,8.6,7),(449,1,10,8.2,10),(449,2,9.8,9.1,8.9),(449,219,7.6,8.6,10),(449,220,9.9,7.7,10),(449,221,10,8,8.8),(449,222,10,7.5,9),(449,223,10,7.2,7.3),(450,1,10,7,8.3),(450,2,7.9,7.4,7.6),(450,219,9.2,9.2,7.4),(450,220,8.3,8.5,7),(450,221,9.2,10,8),(450,222,10,7.6,7.7),(450,223,9.4,7.6,9.3),(451,1,7,8.6,7),(451,2,10,8.2,10),(451,219,7.8,9.8,9.3),(451,220,9.1,8.8,8),(451,221,10,8.9,7.6),(451,222,7.6,10,7.4),(451,223,8.1,8.3,7.5),(452,1,7.4,7,8.8),(452,2,8.2,9.6,9.1),(452,219,8.8,9.3,7.8),(452,220,10,8.2,8.7),(452,221,8.6,9.6,10),(452,222,9.2,8,9.6),(452,223,7.1,10,9.5),(453,1,10,7,7.2),(453,2,10,9.8,8.3),(453,219,10,10,10),(453,220,8.6,7.2,8.9),(453,221,8.6,9.8,8.1),(453,222,8.7,10,7.6),(453,223,9.4,8.6,7.9),(454,1,8.7,8,7.1),(454,2,10,8.8,8.7),(454,219,8.1,10,7.9),(454,220,9.1,7.4,10),(454,221,9.5,10,9.6),(454,222,8.5,8.4,9.2),(454,223,7.4,9.3,9.5),(455,1,9.4,7.8,7.6),(455,2,8.3,10,9.4),(455,219,9,7.8,7),(455,220,10,10,7.6),(455,221,10,7.1,8.3),(455,222,9.4,10,10),(455,223,8.7,8.2,7.2),(456,1,10,8.2,9.5),(456,2,7.3,7.6,10),(456,219,9.1,10,7.2),(456,220,7.7,8.8,10),(456,221,9.2,8.2,9.4),(456,222,7.3,8.5,10),(456,223,10,7.1,7.7),(457,1,10,7,9.1),(457,2,10,9.5,7.5),(457,219,9.1,10,8),(457,220,8.9,10,8.6),(457,221,8.7,7.9,10),(457,222,7.2,10,9.3),(457,223,8.8,8.5,10),(458,1,9.7,8.4,8.2),(458,2,8.2,8.9,9.7),(458,219,9.1,9,7.7),(458,220,9.7,10,9.7),(458,221,10,7.8,10),(458,222,7.1,7.1,7),(458,223,8.7,7.8,10),(459,1,7,8,10),(459,2,10,7.5,8.3),(459,219,8.5,10,9.3),(459,220,7.2,8.9,9),(459,221,9.1,9.6,9.8),(459,222,9.9,9.6,7.3),(459,223,10,10,8.7),(460,1,10,10,10),(460,2,7.1,8.2,8.2),(460,219,9.2,10,9.9),(460,220,7.1,10,10),(460,221,10,10,8.4),(460,222,10,8.8,8.2),(460,223,10,8.3,9.5),(461,1,8.8,10,7.3),(461,2,8.6,8.8,8.5),(461,219,7,8.9,9),(461,220,10,10,9.2),(461,221,9.1,9.2,8.9),(461,222,9.2,7.8,10),(461,223,8.4,7.6,9.9),(462,1,8.3,7.8,10),(462,2,8.2,8.4,7.7),(462,219,9.9,10,7.7),(462,220,8.8,8.2,9.2),(462,221,9.2,8,9),(462,222,10,9.5,7.9),(462,223,7,10,9.4),(463,1,10,9,10),(463,2,9.6,8.1,7.7),(463,219,7.9,8.9,7.9),(463,220,7.8,10,8.1),(463,221,7.4,8.2,8.7),(463,222,10,10,9.5),(463,223,9,7.9,7.8),(464,1,9.5,9,10),(464,2,10,8,9.4),(464,219,8,9.3,8.7),(464,220,9,10,8),(464,221,8.3,8.4,8.5),(464,222,10,7.7,10),(464,223,8.5,8.9,9.5),(465,1,8,10,8.6),(465,2,8.5,10,9.8),(465,219,7.8,7.5,7.2),(465,220,8.6,8.4,9.2),(465,221,10,10,10),(465,222,9.4,10,9.1),(465,223,10,7.8,10),(466,1,9.4,8.1,9.1),(466,2,9.4,8,9.2),(466,219,10,10,10),(466,220,8.3,9.7,8.3),(466,221,10,7.2,10),(466,222,10,7.3,9.7),(466,223,10,7.9,8.7),(467,1,10,10,10),(467,2,7.3,9.1,8.3),(467,219,10,8.6,8.6),(467,220,8.4,9,9.6),(467,221,10,7.4,8.8),(467,222,7.9,7,10),(467,223,9.3,7.2,9.3),(468,1,7.4,10,8.5),(468,2,8.4,9.8,8.1),(468,219,7.3,10,8.2),(468,220,9.1,9.4,7.9),(468,221,10,7.6,10),(468,222,9.8,9.8,7.6),(468,223,9.7,8.5,7.5),(469,1,10,8.3,10),(469,2,8.3,9.7,7.3),(469,219,7.2,8.7,9.4),(469,220,9.3,9.7,7.6),(469,221,7.4,8.2,7),(469,222,7.7,8.6,9.7),(469,223,9.8,7.7,9.7),(470,1,9.5,10,7.5),(470,2,7.5,7.5,8),(470,219,9.7,10,8.2),(470,220,10,7.2,9.9),(470,221,9.5,8.3,7.6),(470,222,8.1,10,8),(470,223,9.7,8,9.9),(471,1,10,9.3,9.2),(471,2,10,8.2,7.1),(471,219,10,8.7,10),(471,220,9.8,10,10),(471,221,10,10,8.9),(471,222,7.8,8.7,10),(471,223,7.2,9.2,10),(472,1,10,10,8.3),(472,2,8.4,7.4,8.1),(472,219,10,8.3,7.2),(472,220,8.1,7,10),(472,221,9.5,9.5,10),(472,222,8.8,9.9,10),(472,223,10,9,9.4),(473,1,10,10,9.5),(473,2,8.5,8.7,8.7),(473,219,7,9.1,7.3),(473,220,8.8,8.2,7.9),(473,221,10,8.5,10),(473,222,10,7.5,9.5),(473,223,10,8.2,7.7),(474,1,8.6,7.1,8.2),(474,2,8.3,8.6,9),(474,219,9.3,8.1,10),(474,220,10,10,8.8),(474,221,7,10,7.3),(474,222,10,7,7.7),(474,223,10,8.8,9.8),(475,1,9.1,10,7.7),(475,2,7.2,10,10),(475,219,8.4,9.9,9.3),(475,220,10,8.8,10),(475,221,10,8.4,8.6),(475,222,8.4,8.6,7.2),(475,223,8.6,8.6,9.2),(476,1,10,8.5,7.2),(476,2,8,8.5,9),(476,219,8.9,9.9,9.5),(476,220,7.9,8.3,7.5),(476,221,7.7,10,8.4),(476,222,8.7,9.9,7.9),(476,223,8.8,7.1,10),(477,1,10,10,8.5),(477,2,10,10,10),(477,219,9.8,7.6,10),(477,220,7.6,10,8.1),(477,221,10,8.9,9.5),(477,222,8.3,7.3,7.2),(477,223,10,10,9.4),(478,1,9.4,7.4,10),(478,2,7.6,10,8.7),(478,219,10,8.8,8.3),(478,220,7.4,9.2,7.6),(478,221,8.4,7,10),(478,222,7.7,10,8.4),(478,223,8.5,10,9.1),(479,1,9.3,7.6,9.3),(479,2,8,8.6,9.5),(479,219,10,9.1,8.8),(479,220,9.9,8.5,8.9),(479,221,9.8,7.5,10),(479,222,7.4,10,8),(479,223,7.2,7.2,8.1),(480,1,9.2,9.2,9),(480,2,9,8.9,9.6),(480,219,8.8,10,8.8),(480,220,9.1,9,10),(480,221,9.7,7.5,9.7),(480,222,9.1,8.3,8.6),(480,223,8.4,9.5,10),(481,1,9,9,9.7),(481,2,10,7.6,10),(481,219,10,9.8,7.1),(481,220,7.6,8.4,7.7),(481,221,10,7.1,8.4),(481,222,8.1,9.9,8.5),(481,223,9.2,10,9.6),(482,1,7.5,9.5,8.3),(482,2,7.2,9.8,7.1),(482,219,10,7.4,9.3),(482,220,7.7,10,9.1),(482,221,8.5,8.1,10),(482,222,10,7.3,7),(482,223,7.1,10,10),(483,1,10,8.7,8.9),(483,2,7.7,10,10),(483,219,8.7,10,10),(483,220,10,7.5,10),(483,221,10,10,9.3),(483,222,10,8.6,9.3),(483,223,9.8,8.6,8.4),(484,1,7.7,10,9.5),(484,2,8,9.4,7.6),(484,219,9,7.1,8.9),(484,220,7.5,10,9.4),(484,221,10,9,9.8),(484,222,9.8,10,8),(484,223,10,9,8),(485,1,7,8,9.7),(485,2,10,9,10),(485,219,7.6,7.6,8.6),(485,220,10,10,10),(485,221,9.7,8.1,10),(485,222,10,10,10),(485,223,9.7,7.3,10),(486,1,9.8,7.2,7.3),(486,2,7.6,10,10),(486,219,9.7,10,8.9),(486,220,10,8.4,9),(486,221,8.9,10,7),(486,222,10,7.3,7.2),(486,223,10,10,9.8),(487,1,10,7.1,7.2),(487,2,9.1,10,9.1),(487,219,7.6,9,9.7),(487,220,7.1,7.8,9.2),(487,221,7.5,9.8,8.8),(487,222,8.5,10,9.9),(487,223,10,8.7,9.8),(488,1,10,9.5,10),(488,2,8.9,7.6,10),(488,219,7.5,10,7.6),(488,220,10,10,9.5),(488,221,10,10,8.6),(488,222,8.7,10,10),(488,223,10,7.3,10),(489,1,9.3,8.1,9.3),(489,2,9.8,7.4,8.1),(489,219,7.2,7.6,9.9),(489,220,10,7.9,10),(489,221,7.5,9.4,9.2),(489,222,9.6,8.1,8.2),(489,223,7.7,7.3,7.2),(490,1,9,9.3,7.5),(490,2,7.8,9.7,8.6),(490,219,9.9,7.6,8.9),(490,220,7.4,7.2,10),(490,221,8.5,8.5,8.3),(490,222,7.5,10,7.7),(490,223,7.8,9.2,10),(491,1,10,7.5,7),(491,2,7.9,8,8.2),(491,219,8.7,8.3,9.7),(491,220,8.6,7.1,7.8),(491,221,8.5,10,10),(491,222,8.2,7,10),(491,223,10,9.2,9),(492,1,9.5,9.6,10),(492,2,10,8.3,10),(492,219,7.8,8.6,9.5),(492,220,7,8,7.7),(492,221,7.9,9,7.8),(492,222,9.4,10,10),(492,223,9,10,7.3),(493,1,8.5,10,8.2),(493,2,7.9,8.4,9.3),(493,219,7.9,8.6,7.5),(493,220,8.9,9.1,10),(493,221,10,7.9,10),(493,222,10,10,9.9),(493,223,8.1,9.7,8.3),(494,1,8.8,10,9.8),(494,2,9.5,9.3,8.2),(494,17,9.8,9.6,8.1),(494,261,9.3,9.6,8.3),(494,262,7,7.4,10),(494,263,7.5,8.8,9.3),(494,264,9.3,10,9.1),(495,1,7.7,8.7,9),(495,2,9.8,7.3,7.8),(495,17,9.8,9.5,9),(495,261,7.4,10,10),(495,262,7.5,9.2,7.5),(495,263,8.3,9.5,7.9),(495,264,7.8,10,9.8),(496,1,8.4,9.7,10),(496,2,7.1,8.3,8),(496,17,9.8,9.2,8.4),(496,261,7.5,7.8,7.8),(496,262,9.5,9.9,10),(496,263,7.6,9.3,9.9),(496,264,7.6,8.5,7.6),(497,1,10,10,7.2),(497,2,7,7,10),(497,17,8.4,7.5,7.4),(497,261,9,8.8,10),(497,262,9.6,8.2,9.3),(497,263,7.2,8.1,8.4),(497,264,7.6,9,10),(498,1,8.1,9.3,8.8),(498,2,8.3,8.1,9.4),(498,17,9.3,8.6,8.2),(498,261,10,9.3,9.2),(498,262,8.2,8.3,7.4),(498,263,9,10,9.7),(498,264,8.5,9.6,7.6),(499,1,9.3,9.4,10),(499,2,7.6,10,8.7),(499,17,9.6,9.4,8.5),(499,261,8.2,7.5,7.8),(499,262,9.4,8.6,9.3),(499,263,9.5,8.7,8.8),(499,264,8.7,10,9.9),(500,1,10,9.5,8),(500,2,7,9.3,9.4),(500,17,8.2,8.5,8.1),(500,261,9.3,10,7.4),(500,262,10,10,8.4),(500,263,8.2,7.6,8.7),(500,264,8.9,10,9.8),(501,1,7.7,8,7),(501,2,7.9,8.7,7.4),(501,17,10,8.8,7.3),(501,261,10,7.9,8.1),(501,262,7.3,10,8.1),(501,263,8.7,7.4,7.2),(501,264,9.9,9.2,10),(502,1,8.5,8.9,10),(502,2,8.2,7.8,9.9),(502,17,8,10,9),(502,261,10,8.9,8.5),(502,262,10,7.1,8.8),(502,263,9.6,8.8,10),(502,264,7.3,8.4,8),(503,1,10,8.3,7.6),(503,2,10,7.8,10),(503,17,7.9,9.7,8.7),(503,261,9.7,10,7.6),(503,262,7.9,7.6,7),(503,263,9.6,7.1,7),(503,264,9.3,7.5,8.1),(504,1,9.6,7.7,7),(504,2,8.7,10,7.1),(504,17,10,7.5,7.3),(504,261,10,8.6,8.3),(504,262,10,10,8.3),(504,263,8.9,10,9.9),(504,264,9.6,9,7.8),(505,1,8.3,9.3,7.4),(505,2,10,9.4,8),(505,17,8.8,8.4,10),(505,261,8.6,8,7.7),(505,262,8.5,10,8.8),(505,263,7.9,8,7.2),(505,264,7.7,9.8,7.1),(506,1,7.7,7.8,10),(506,2,10,8.1,8.5),(506,17,8.8,9.4,10),(506,261,8.9,10,8),(506,262,8.4,10,8.6),(506,263,8.3,9.8,10),(506,264,7.4,9.9,7.1),(507,1,10,8.3,7.7),(507,2,7.9,10,9.2),(507,17,7.4,9.1,9.5),(507,261,10,9.8,7.3),(507,262,8.7,8.9,8.5),(507,263,10,9.7,8.2),(507,264,8.4,10,9.2),(508,1,8.4,10,10),(508,2,7,7.4,10),(508,17,8.2,10,9.8),(508,261,7.5,8.1,7.3),(508,262,7.5,8.5,9.6),(508,263,10,10,8.3),(508,264,10,8.8,8.3),(509,1,10,9.4,8.2),(509,2,8.1,9.8,10),(509,17,8.3,10,8.9),(509,261,8.6,7,8),(509,262,9.9,9.3,9),(509,263,8.7,9.5,10),(509,264,9,8.8,10),(510,1,7.7,9.7,8.1),(510,2,7.7,10,8),(510,17,9.4,7.8,8.4),(510,261,10,8.3,8.5),(510,262,9,9.1,10),(510,263,7.6,8.5,9.5),(510,264,10,10,8.5),(511,1,8.4,9.1,7),(511,2,7.9,10,8.4),(511,17,7.9,9.4,9.7),(511,261,9.2,7.1,8.7),(511,262,9.6,7.2,8.4),(511,263,9.6,8.1,9.2),(511,264,7.7,9.8,10),(512,1,7.9,9.6,8.1),(512,2,9.6,7,7.9),(512,17,8.3,8.1,8.3),(512,261,10,9,7.2),(512,262,9.6,7.7,10),(512,263,9.5,9.7,10),(512,264,10,8.9,8.2),(513,1,7.1,7.2,7),(513,2,8.8,7.7,10),(513,17,10,8.5,10),(513,261,7.7,7.6,7.9),(513,262,7.2,8.7,10),(513,263,9.7,10,10),(513,264,9.3,7.7,8.4),(514,1,9,8.5,10),(514,2,9.9,8.7,9.1),(514,17,9.4,8.1,9.6),(514,261,8.6,9.6,8.7),(514,262,8.3,7.9,7),(514,263,8.4,8.5,10),(514,264,8.3,7,8.1),(515,1,7.9,10,8.3),(515,2,10,10,9.9),(515,17,10,10,9.9),(515,261,9.6,8.8,7.5),(515,262,7.4,10,9.6),(515,263,7.9,8.1,10),(515,264,8,7.4,7.8),(516,1,8.5,7.7,7.8),(516,2,10,7.6,7.7),(516,17,9.8,8.3,7.6),(516,261,10,10,9.6),(516,262,10,7.9,10),(516,263,7,7.6,8.8),(516,264,8.6,10,9),(517,1,10,7.4,8.7),(517,2,8.4,10,9.6),(517,17,9.6,9.4,9.3),(517,261,10,7.5,9),(517,262,9.3,8.8,10),(517,263,10,8.4,8.5),(517,264,8.4,8.5,7.4),(518,1,7.5,8.9,8.9),(518,2,7.1,9.5,10),(518,17,7.8,9.1,8.4),(518,261,9.7,7.9,10),(518,262,8.9,7.5,7.9),(518,263,10,8.7,8.6),(518,264,7.7,9.2,7.6),(519,1,9.7,8.9,8.3),(519,2,7.4,8.6,7.4),(519,17,7.6,9.7,10),(519,261,10,9.8,9.4),(519,262,10,9.9,10),(519,263,9.1,8.4,9.5),(519,264,7.9,10,10),(520,1,7.2,8.3,8.9),(520,2,8.9,9,8.6),(520,17,10,8.1,10),(520,261,10,10,10),(520,262,9.4,9.9,8.4),(520,263,8.5,10,8.4),(520,264,7.4,10,7.6),(521,1,10,10,10),(521,2,7.4,10,7.2),(521,17,7.8,9.7,7.2),(521,261,10,9.5,9.1),(521,262,8.8,10,7.7),(521,263,8.6,8.3,9.6),(521,264,7.2,7.7,10),(522,1,8.8,8.6,9.3),(522,2,9.9,7,10),(522,17,7.1,7.6,8.7),(522,261,8.7,10,9.2),(522,262,8.7,7.7,7.4),(522,263,9.4,7.8,9.8),(522,264,7.3,9,8.8),(523,1,7.7,9.5,10),(523,2,10,8,10),(523,17,10,7.2,8.7),(523,261,7.5,7.8,7.2),(523,262,9.4,10,10),(523,263,8,10,10),(523,264,8.4,7.4,8.8),(524,1,10,10,9.1),(524,2,7,10,9.5),(524,17,10,8.3,7.5),(524,261,10,8.6,10),(524,262,10,10,7.8),(524,263,7.9,10,10),(524,264,10,10,8.7),(525,1,7.6,8,7.6),(525,2,9.7,9.5,7.5),(525,17,9.2,7.9,7.6),(525,261,7.6,9.3,9),(525,262,9.5,7,9.8),(525,263,10,8.1,10),(525,264,10,10,8.1),(526,1,10,7.5,10),(526,2,8.3,7.8,8.2),(526,17,7.3,7.3,8),(526,261,7.2,8.5,8),(526,262,7.4,8.3,10),(526,263,10,8.6,9.1),(526,264,10,8.3,10),(527,1,9.4,9.9,9.5),(527,2,8.4,9,8.4),(527,17,8.3,8.6,9.7),(527,261,10,8.4,10),(527,262,10,8.6,8.8),(527,263,9.3,7,7.8),(527,264,7,7.2,10),(528,1,9.7,8.9,8.2),(528,2,10,9.1,10),(528,17,7.1,7.5,10),(528,261,8.6,7.6,7),(528,262,8.2,8.9,10),(528,263,10,9.4,7.9),(528,264,8.2,7.6,8.1),(529,1,7.2,8.9,7.2),(529,2,8,10,9.2),(529,17,8.4,9.9,9.2),(529,261,9.9,10,8.5),(529,262,9.2,8.6,10),(529,263,10,7.7,8.1),(529,264,7.4,9.8,9.3),(530,1,10,7.1,9),(530,2,9.8,7.8,10),(530,17,7.9,8,7.3),(530,261,10,8.3,7.5),(530,262,8.7,10,10),(530,263,10,10,10),(530,264,8.5,9.9,8),(531,1,9.8,10,9.1),(531,2,9.4,9.4,9.5),(531,17,10,7.7,9.8),(531,261,10,8.6,10),(531,262,9.7,7.3,8.3),(531,263,9.7,8.9,8.9),(531,264,10,7.9,7.1),(532,1,10,9.3,10),(532,2,8,10,8.2),(532,17,10,7.5,10),(532,261,7,10,10),(532,262,9.5,7.5,8.8),(532,263,9.1,10,8.3),(532,264,8.7,9.7,9.5),(533,1,9.3,9.2,9.8),(533,2,8.1,9.2,10),(533,17,7.1,10,7.7),(533,261,9,7.5,10),(533,262,10,10,7.7),(533,263,8.2,8.7,8.2),(533,264,10,9.1,10),(534,1,9.9,8.3,10),(534,2,10,9.6,8.3),(534,17,9.9,7.4,7.3),(534,261,8.1,10,8.5),(534,262,10,7.3,10),(534,263,7.6,8,9.9),(534,264,10,9.3,9.6),(535,1,8.5,8.9,8.4),(535,2,8.1,8.8,8.6),(535,17,7.7,8.1,7.7),(535,261,7.2,8.9,7.5),(535,262,9.9,10,8.7),(535,263,9,8,7.3),(535,264,8.9,8.3,8),(536,1,9.3,9.3,9.2),(536,2,7.4,7.3,8.5),(536,17,9.4,9.2,9.9),(536,261,10,8.7,8.9),(536,262,8.1,8.8,8.9),(536,263,7.5,9.4,7.2),(536,264,9.6,10,7.7),(537,1,8.6,10,8.9),(537,2,7.8,7.6,10),(537,17,7.2,10,8),(537,261,7.8,10,10),(537,262,8.5,9.4,9),(537,263,10,7,7.3),(537,264,10,9,8.1),(538,1,8.3,9.9,7.8),(538,2,10,10,8.6),(538,17,9.8,9.2,9.6),(538,261,7.9,8.8,10),(538,262,8.3,8.4,10),(538,263,9.9,9.2,7.9),(538,264,7.7,9.5,8.9),(539,1,10,8.1,9.3),(539,2,8.1,9.1,10),(539,17,8.9,8.7,10),(539,261,7.5,9.2,10),(539,262,9.4,7,7.9),(539,263,10,8.3,7.7),(539,264,9.7,7.1,10),(540,1,8.4,10,7.5),(540,2,7.4,8.8,8.8),(540,17,10,9.1,10),(540,261,8.6,7.4,8.7),(540,262,9.7,8.5,9.4),(540,263,7.7,9.7,7.3),(540,264,10,8,8.5),(541,1,7.8,10,10),(541,2,9.7,9.7,8.2),(541,17,9.4,7.1,7.7),(541,261,7,7,9.4),(541,262,7.6,9.2,8.9),(541,263,7.5,10,10),(541,264,10,7.1,9.1),(542,1,8.4,9.6,8.8),(542,2,9.2,8.1,7.8),(542,17,10,8.2,7.1),(542,261,7.3,10,8.9),(542,262,9.1,9.8,9.9),(542,263,9,8,8.1),(542,264,9,7.2,8.5),(543,1,10,9,7.3),(543,2,8.3,10,9.8),(543,17,9,7.2,8.1),(543,261,10,9.2,7),(543,262,7.9,9.5,8.5),(543,263,8.3,9.4,8.9),(543,264,10,9,9),(544,1,10,7.5,9.7),(544,2,7.7,7.6,8.8),(544,17,10,9.2,9.3),(544,261,9.2,8.5,7.2),(544,262,7.1,9.5,10),(544,263,7.5,8.5,7.4),(544,264,10,9.8,7.5),(545,1,10,8,7.8),(545,2,8.6,9.2,7),(545,17,9.4,9.7,7.6),(545,261,10,9.3,9.5),(545,262,7.6,7.8,10),(545,263,7.7,8.1,10),(545,264,8.9,7.2,9.6),(546,1,10,10,10),(546,2,9.1,9.2,10),(546,17,9.8,7.3,7.4),(546,261,7,10,9.8),(546,262,7.6,9.2,9.2),(546,263,8.5,8.3,10),(546,264,7,10,8.3),(547,1,10,9.5,10),(547,2,7.4,8.2,9.4),(547,17,10,8.4,9),(547,261,10,7.6,10),(547,262,7.4,8.7,7.3),(547,263,7.8,10,9.6),(547,264,8.6,7.8,8.7),(548,1,8.8,7.3,8.6),(548,2,9.1,8.4,9.2),(548,17,7,10,8.8),(548,261,7,9.7,10),(548,262,8,10,10),(548,263,7.6,9.6,7.2),(548,264,8.2,9.6,8.5),(549,1,7.1,7.4,10),(549,2,8.3,10,10),(549,17,9,10,8.5),(549,261,8.6,10,7.8),(549,262,10,7.1,7.5),(549,263,9,8.4,7.2),(549,264,8.7,7.1,10),(550,1,7.6,8.1,8),(550,2,9,10,9.6),(550,17,7.3,9,10),(550,261,10,8.9,9.1),(550,262,7.4,7.5,9.4),(550,263,8.2,8.6,10),(550,264,9.6,9.9,7),(551,1,10,8.2,7.9),(551,2,8.2,8.4,7.1),(551,17,9.2,10,8.8),(551,261,7,10,8),(551,262,7.4,10,9.1),(551,263,8.2,8,8.5),(551,264,9.3,10,9.4),(552,1,10,9.6,9.9),(552,2,9.4,9.9,8.8),(552,17,7.8,8.6,7.8),(552,261,9.7,8.8,9.8),(552,262,7.2,7,7.7),(552,263,10,8.7,8.4),(552,264,7.2,10,10),(553,1,9.7,10,9.2),(553,2,7.5,8.7,8.8),(553,17,9,10,8.1),(553,261,8.5,10,10),(553,262,7.6,8.8,10),(553,263,10,10,9.5),(553,264,9.1,10,10),(554,1,8.2,9.5,8.6),(554,2,8.5,8.7,10),(554,17,7.9,9.2,10),(554,261,10,10,10),(554,262,7.4,9.4,9),(554,263,8.8,10,9.4),(554,264,10,8.4,8.3),(555,1,9.2,8,7.1),(555,2,10,9.5,10),(555,17,10,8.6,8.1),(555,261,7.8,10,9),(555,262,8.7,7.6,7.6),(555,263,7.3,8.1,8.5),(555,264,9.4,10,8),(556,1,9.4,9.1,9.3),(556,2,10,9,7.4),(556,17,7.5,10,8.1),(556,261,10,10,7.4),(556,262,8.4,9.1,10),(556,263,10,8.6,7.9),(556,264,10,9.7,7.6),(557,1,7.3,8.4,8.4),(557,2,8,9.2,8.3),(557,17,8,7.6,10),(557,261,9.8,8.1,10),(557,262,10,10,10),(557,263,8.5,8.6,9.6),(557,264,10,8.3,10),(558,1,10,10,10),(558,2,9.6,8.8,9.7),(558,17,7.2,7.6,9.4),(558,261,7.7,8.8,7.2),(558,262,9.2,7.7,7),(558,263,8.2,7.8,7.4),(558,264,8.3,9.4,10),(559,1,10,8.5,8.5),(559,2,8.6,8.2,8.5),(559,17,10,9.2,7.8),(559,261,10,9.3,8.7),(559,262,7.2,9.6,7.6),(559,263,7.7,10,9.3),(559,264,9.7,7.1,8.2),(560,1,8.6,9.5,9.6),(560,2,7.4,8.4,9.8),(560,17,8.9,7.3,7.4),(560,261,10,9.8,10),(560,262,9.4,9.4,9),(560,263,7.5,7,7.3),(560,264,7.3,7.3,10),(561,1,9.6,8.5,10),(561,2,7.5,7.1,9.2),(561,17,9.9,9.8,9.4),(561,261,10,7.2,9.9),(561,262,8.4,10,9.6),(561,263,8.3,8.8,7.4),(561,264,9.7,7,9.4),(562,1,9,8.4,8.7),(562,2,8.8,7.9,9.3),(562,17,7,9.9,8.9),(562,261,8.2,8.9,7.4),(562,262,10,7,7.9),(562,263,10,9.2,10),(562,264,10,7.6,8.9),(563,1,7.7,8.6,10),(563,2,9.8,10,9.8),(563,17,10,8.5,9.6),(563,261,10,10,8.7),(563,262,8.4,8.5,9.7),(563,263,8.3,9.6,9.6),(563,264,10,10,7.7),(564,1,9.1,8.7,10),(564,2,10,9.8,10),(564,17,7.7,9.1,10),(564,261,10,7.1,10),(564,262,10,9.6,10),(564,263,8.5,8.7,9.4),(564,264,7,7,7.8),(565,1,9.3,9,10),(565,2,7.8,8.2,10),(565,17,10,10,8.6),(565,261,10,9.7,7.8),(565,262,10,8.8,8.8),(565,263,9.2,8.5,10),(565,264,10,7.5,8.4),(566,1,9.8,7.3,9.6),(566,2,7,10,9.2),(566,17,9.2,10,8),(566,261,7.9,10,10),(566,262,8.7,10,7.6),(566,263,8.1,7.7,10),(566,264,8.1,9.7,8.7),(567,1,8.1,7,10),(567,2,8.6,7.4,7.1),(567,17,8,8.1,9.2),(567,261,7.1,8.1,8.9),(567,262,9.3,10,10),(567,263,7.8,7.4,8.1),(567,264,10,7.6,10),(568,1,7.6,9.3,8.9),(568,2,8.7,10,7.5),(568,17,9.6,8.4,8.1),(568,261,7.4,9.3,10),(568,262,9.6,9.6,10),(568,263,8.6,7.4,10),(568,264,8.1,10,9.2),(569,1,10,10,10),(569,2,10,8.2,10),(569,17,8.1,9.6,7.6),(569,261,8.6,10,10),(569,262,10,7.6,7.8),(569,263,7.8,8.4,10),(569,264,8.6,7.6,8.5),(570,1,7.4,9.5,9.8),(570,2,9.9,10,7.2),(570,17,8.3,10,10),(570,261,9.4,8.7,10),(570,262,9.7,9.8,7.9),(570,263,7.1,7,10),(570,264,8.5,10,7.1),(571,1,8.6,7.3,9.3),(571,2,8.8,9.4,9.1),(571,17,7.9,8.9,9.4),(571,261,7.6,7.1,7),(571,262,7.5,7.5,7.7),(571,263,8,8.3,8.7),(571,264,8.5,9.5,10),(572,1,10,7.2,7.4),(572,2,9.4,7.6,9.5),(572,17,7.4,10,9.9),(572,261,8.2,8.2,8.5),(572,262,10,10,7.6),(572,263,9.4,10,8.8),(572,264,9.3,9.7,9.1),(573,1,7.2,9.1,10),(573,2,7.7,7,8.8),(573,17,8,10,8),(573,261,7,9.6,9.4),(573,262,7.8,10,8.4),(573,263,8.9,9.3,8.2),(573,264,9.2,9.9,7.2),(574,1,7.7,10,10),(574,2,9.3,7.8,7),(574,17,9.2,10,7.2),(574,261,7.5,10,10),(574,262,10,7.9,9.4),(574,263,10,10,9.1),(574,264,10,10,7),(575,1,9.9,7.5,9),(575,2,8.2,9.9,7.7),(575,17,10,7.6,9),(575,261,10,8.8,8.8),(575,262,7.8,9.2,10),(575,263,10,7.1,9),(575,264,7.2,8.6,10),(576,1,8.6,10,8.8),(576,2,7.4,9.6,10),(576,107,10,8.8,8.8),(576,108,10,9.4,8.7),(576,109,7,9.7,7.4),(576,300,7.9,9.9,10),(576,301,8.4,8.2,9.3),(577,1,7.8,7.3,9.2),(577,2,10,9.3,7.7),(577,107,9.7,8.4,10),(577,108,10,8.5,9.6),(577,109,9.6,8.4,8.3),(577,300,8.3,8.9,8.1),(577,301,9.9,8.2,8.4),(578,1,8.4,9.1,8.1),(578,2,7.9,9.1,8.5),(578,107,8.7,7.9,7.8),(578,108,8.9,10,9.4),(578,109,8.3,9.1,9),(578,300,10,9.5,9.8),(578,301,8.2,7.5,7),(579,1,8.8,7.1,9.7),(579,2,10,8.8,8.5),(579,107,9.2,8.9,8.6),(579,108,10,8.9,10),(579,109,8.9,8.7,10),(579,300,8.2,7.5,9.9),(579,301,7.8,9.6,7.1),(580,1,9.7,8.4,7.9),(580,2,7.5,10,9.2),(580,107,10,7.4,7.5),(580,108,10,9.9,9.5),(580,109,7.1,8.3,7.1),(580,300,9.7,10,7),(580,301,10,9.7,10),(581,1,10,10,9.2),(581,2,10,8.7,10),(581,107,7,9.7,8.2),(581,108,8,7.8,10),(581,109,9,8.9,7.4),(581,300,9.7,10,9.4),(581,301,7.5,8.3,10),(582,1,10,9.8,10),(582,2,8.4,9.2,9.2),(582,107,10,7.3,10),(582,108,9.4,7.4,10),(582,109,8.3,8.1,9.3),(582,300,8.4,9,10),(582,301,10,8,9.8),(583,1,10,9,9),(583,2,7.4,9.8,10),(583,107,9.2,10,9),(583,108,10,9.3,8.2),(583,109,7.6,10,7),(583,300,9.8,10,8.1),(583,301,10,8.3,10),(584,1,7.7,8.4,7.3),(584,2,9.4,7.4,10),(584,107,7.7,7.5,9.7),(584,108,9.4,8.2,10),(584,109,10,10,8.5),(584,300,10,8.5,7),(584,301,8.4,9.1,7.5),(585,1,10,9.6,10),(585,2,8.1,7.1,7.9),(585,107,9.6,8.3,10),(585,108,8.1,9.2,9.6),(585,109,8.9,9.8,8.2),(585,300,10,10,10),(585,301,9.6,7,9.3),(586,1,10,8.9,9.4),(586,2,9.7,7,8.1),(586,107,9.1,10,9.6),(586,108,7.7,9.8,9.7),(586,109,7.5,8.6,9.1),(586,300,10,8.5,7.6),(586,301,10,8.2,10),(587,1,10,9,10),(587,2,9.8,9.6,8),(587,107,7.4,8.5,10),(587,108,10,7.6,9.4),(587,109,9.6,7.9,7.2),(587,300,8.1,8.9,8.3),(587,301,7.9,8.3,7.8),(588,1,10,10,8.9),(588,2,8.9,7.6,7.9),(588,107,10,10,10),(588,108,9.5,10,9),(588,109,7.9,10,7.2),(588,300,8.4,8.6,7.1),(588,301,7.7,9.1,8),(589,1,10,10,7.8),(589,2,10,10,7.6),(589,107,10,9.9,10),(589,108,9.5,9.4,9.9),(589,109,8,10,9.7),(589,300,7.7,9.5,10),(589,301,8,9.9,7.3),(590,1,8.4,10,7.3),(590,2,8.4,10,9.7),(590,107,9.6,9.3,8.4),(590,108,9.6,7.7,8.8),(590,109,9.6,8.5,7.3),(590,300,7.8,8.6,10),(590,301,8,7.9,7.3),(591,1,8.5,9.7,9.9),(591,2,10,9.9,10),(591,107,10,8.3,7.5),(591,108,9,7.7,8.2),(591,109,10,9.1,9.9),(591,300,8.7,8.6,9.2),(591,301,9,8.5,8.6),(592,1,8,7.7,7.4),(592,2,10,10,7.9),(592,107,7.2,8.6,9.6),(592,108,10,8.5,10),(592,109,8.1,8.4,9.2),(592,300,7.7,10,8.2),(592,301,9.9,9.4,7.7),(593,1,9.5,10,7.9),(593,2,9.5,7.8,8.7),(593,107,9.9,10,7.1),(593,108,9.2,9.2,8.7),(593,109,9.1,10,7.5),(593,300,7.6,8.4,8.2),(593,301,9.5,8.8,7.9),(594,1,7.2,10,9.9),(594,2,9.3,9.6,10),(594,107,9.7,9.3,7),(594,108,8.9,7.9,10),(594,109,10,10,10),(594,300,7.3,10,8.7),(594,301,10,7.8,9.3),(595,1,8.2,9,8.9),(595,2,7.6,9.7,10),(595,107,7.5,7.7,7.9),(595,108,9.4,10,8.4),(595,109,8.7,7.2,8.7),(595,300,8.5,8.8,9.7),(595,301,7.9,7.6,9.8),(596,1,9.6,8.6,8.6),(596,2,7.7,10,9.3),(596,107,9.1,8.1,8.9),(596,108,8,10,8.7),(596,109,8.7,10,10),(596,300,9.4,7,8),(596,301,8.8,7.8,7.5),(597,1,7.9,10,8.8),(597,2,8,8.6,8.9),(597,107,8,7.2,8.1),(597,108,9.7,9.3,9.8),(597,109,8.9,8.4,10),(597,300,8.7,9.8,7.6),(597,301,7.9,7.5,8.7),(598,1,10,7.7,10),(598,2,9.2,8.8,8.6),(598,107,10,8.1,7.3),(598,108,9.2,8.2,10),(598,109,7.4,10,10),(598,300,7.1,7.8,9.8),(598,301,8.2,10,9.3),(599,1,10,7.5,7.7),(599,2,10,8.5,8),(599,107,7.8,7.6,8.2),(599,108,9.5,10,7.8),(599,109,8.3,9.8,7.5),(599,300,7.2,8.3,8.4),(599,301,9.6,8.4,9.1),(600,1,7.3,7.9,10),(600,2,10,7.1,8),(600,107,7.2,9.1,10),(600,108,7.8,8.4,10),(600,109,7.7,7,10),(600,300,7.1,10,7.3),(600,301,8,7.1,9.1),(601,1,10,7,10),(601,2,10,7.4,8),(601,107,7.5,7.4,8.7),(601,108,7.9,8.5,8.9),(601,109,10,7.3,8),(601,300,10,7.4,10),(601,301,7.8,10,10),(602,1,8,7.7,9.4),(602,2,9.8,8.7,8.3),(602,107,10,9.3,8),(602,108,8.4,10,8.7),(602,109,8.7,7.8,10),(602,300,8.8,7.4,7.2),(602,301,8.8,10,8.9),(603,1,8.4,7.1,7.8),(603,2,9.1,8.1,10),(603,107,8.4,10,10),(603,108,9.2,10,10),(603,109,7.1,10,10),(603,300,8.5,7.9,8.2),(603,301,9.8,10,7.2),(604,1,10,7.4,8.8),(604,2,10,7,8.6),(604,107,9.2,10,7.8),(604,108,9.3,7.5,10),(604,109,8.7,10,10),(604,300,10,9.6,10),(604,301,9.5,8.9,9.2),(605,1,9.1,10,8.1),(605,2,8.3,8.9,10),(605,107,8.1,7.6,7.8),(605,108,10,8.6,7.8),(605,109,9.6,9.5,10),(605,300,7.8,9,8.6),(605,301,10,8.2,10),(606,1,8.5,10,7.8),(606,2,7.8,9,10),(606,107,9.4,7.7,9.9),(606,108,8.2,8.7,9.2),(606,109,9.8,7.6,8.5),(606,300,8.2,10,7.7),(606,301,9.5,7.3,7.9),(607,1,7.4,7.4,9.2),(607,2,9.6,9.4,8),(607,107,9.9,9.4,8.3),(607,108,7.1,10,7),(607,109,8.1,7.5,10),(607,300,10,8.4,8.7),(607,301,10,8.8,10),(608,1,8.7,8.9,9.4),(608,2,9.5,10,10),(608,107,8.9,9.9,9.8),(608,108,9.2,7.9,8.7),(608,109,9.5,7.4,10),(608,300,10,7.8,10),(608,301,8.8,9.1,8.6),(609,1,7.4,8.1,8),(609,2,10,7.8,8),(609,107,8.5,9.6,7.1),(609,108,8.2,9.2,10),(609,109,8,7.5,8),(609,300,10,7.3,8.7),(609,301,8.5,7.7,9.7),(610,1,9.4,7.6,8),(610,2,7.1,10,8.9),(610,107,9,10,10),(610,108,7.3,7.5,10),(610,109,7.6,7.4,7.2),(610,300,10,9.2,10),(610,301,7.9,10,7.1),(611,1,7,7.2,7.6),(611,2,7.1,10,8.1),(611,107,9.1,10,9.7),(611,108,7.1,7.7,9.4),(611,109,8.9,10,8.3),(611,300,7.1,9.4,8.8),(611,301,7.5,9,8),(612,1,8,8,8.6),(612,2,7.3,10,8.8),(612,107,8.9,9.1,8.7),(612,108,7.4,7.5,7.2),(612,109,9.7,7.7,10),(612,300,9.4,8.3,9.4),(612,301,10,8.3,9),(613,1,7.2,10,7.7),(613,2,9.7,8.9,7.3),(613,107,8.4,9.1,7.3),(613,108,10,10,8.9),(613,109,7.1,7.2,9.7),(613,300,7,7,9.1),(613,301,7.7,7,9.9),(614,1,10,8,9.7),(614,2,10,10,7.3),(614,107,10,8.2,8),(614,108,9.4,9.4,9.2),(614,109,10,8.1,7.7),(614,300,10,8.9,8),(614,301,9.8,9.7,9.2),(615,1,7.9,9.4,8.7),(615,2,8.2,9.6,10),(615,107,8.8,7.9,7.8),(615,108,7.8,10,10),(615,109,8.3,8.3,7.4),(615,300,8.9,10,7.1),(615,301,8.5,8.8,9.1),(616,1,7.2,9.7,8.3),(616,2,7.9,7.3,10),(616,107,8.1,7,10),(616,108,8.6,7,9.1),(616,109,8.3,7.7,7.8),(616,300,7,7.7,7),(616,301,8.1,9.4,10),(617,1,9.2,9.8,10),(617,2,8.3,9.1,8.5),(617,107,7.8,9.8,10),(617,108,10,10,10),(617,109,7.7,8.3,7.2),(617,300,8.4,8,9.8),(617,301,8.5,10,10),(618,1,10,9.8,9.7),(618,2,9.3,8.8,8.9),(618,107,10,8.7,7.8),(618,108,9.5,10,10),(618,109,9.2,9.3,10),(618,300,10,7.6,7.2),(618,301,9,7.6,10),(619,1,9.9,8.5,8.2),(619,2,9.7,10,8.9),(619,107,7.7,9.9,10),(619,108,7.1,9.8,7.2),(619,109,8,8.7,8.3),(619,300,7.3,10,10),(619,301,7,8,7.1),(620,1,9.3,9.6,8.1),(620,2,7.1,7.8,8.8),(620,107,7.2,8.2,7.7),(620,108,9.4,8.2,10),(620,109,8.9,10,9.7),(620,300,7.4,10,9.8),(620,301,10,7.1,10),(621,1,7.2,10,8.7),(621,2,9.1,9.9,8.4),(621,107,10,9.6,8.7),(621,108,10,7.1,10),(621,109,9.5,8.5,7.4),(621,300,9.3,9.9,9.3),(621,301,8.6,7.9,9.7),(622,1,8,9.7,10),(622,2,10,7.2,10),(622,107,9.6,9.5,10),(622,108,10,8.1,10),(622,109,8.4,7.9,8.1),(622,300,9.9,7.9,8.6),(622,301,10,7,7),(623,1,9.7,8.4,8.9),(623,2,7.4,8.1,10),(623,107,7.5,9.9,9.6),(623,108,9.6,8.5,10),(623,109,10,10,8.7),(623,300,7.2,7.6,7.6),(623,301,7.7,7.4,10),(624,1,7.8,8.4,7.8),(624,2,7.6,9.5,10),(624,107,8.9,8.5,9.4),(624,108,8.7,10,9.8),(624,109,9.2,9.8,7.8),(624,300,8.4,8.8,8.6),(624,301,8,9.1,9.8),(625,1,8.8,10,10),(625,2,8,8.1,8.6),(625,107,10,10,7.4),(625,108,7.6,9.6,8.1),(625,109,7.2,8.6,10),(625,300,9.5,9.5,7.5),(625,301,10,10,7.9),(626,1,10,7.4,7.6),(626,2,8.3,10,10),(626,107,8.8,10,8.6),(626,108,10,7.5,10),(626,109,8.3,7.6,8.4),(626,300,10,8.6,7.7),(626,301,8.3,8.5,8.2),(627,1,10,8.9,9.6),(627,2,7,10,10),(627,107,7.1,8.5,7.8),(627,108,9.2,8.7,9.7),(627,109,7.5,8.4,9.2),(627,300,10,9.5,7.3),(627,301,7.4,10,9.5),(628,1,7.7,10,8.1),(628,2,10,9.3,10),(628,107,10,10,8.8),(628,108,8.2,8.4,8.2),(628,109,9.1,9.5,8.8),(628,300,8.8,9.8,10),(628,301,7.1,9.2,10),(629,1,7.9,10,9.1),(629,2,7.7,7.6,9),(629,107,7.2,7.3,10),(629,108,10,7.4,10),(629,109,9.7,10,7.4),(629,300,9.7,8.6,10),(629,301,7.9,9.9,10),(630,1,9.1,9.7,8.9),(630,2,10,8.2,9.5),(630,107,10,7.7,8.1),(630,108,9,9.9,8.7),(630,109,9.6,9.1,7.5),(630,300,8.6,9.5,7.5),(630,301,9.8,10,9.4),(631,1,10,10,9),(631,2,10,10,7.5),(631,107,8.1,7.5,10),(631,108,9.5,10,9.2),(631,109,8.7,10,10),(631,300,9,7.7,9.2),(631,301,10,7.6,7.4),(632,1,9.5,7.9,9.8),(632,2,7.7,10,7),(632,107,8.4,8.3,10),(632,108,9.7,9,8.9),(632,109,8.3,7.8,8.5),(632,300,8.2,7.9,10),(632,301,7.5,7.1,7.5),(633,1,8.3,10,8.2),(633,2,9.9,7.1,8.4),(633,107,8.4,10,8.3),(633,108,8.7,7.3,8.7),(633,109,8.7,8.6,10),(633,300,7.6,8.9,8.8),(633,301,8.5,8.3,9.8),(634,1,7.1,7.3,8.5),(634,2,8.1,8.2,7.9),(634,107,9.8,10,9),(634,108,10,10,7.9),(634,109,10,7.2,7.1),(634,300,7.9,9.2,10),(634,301,9.6,7.3,7.2),(635,1,10,9.3,7.9),(635,2,9.8,8.4,9),(635,107,7.3,7.7,10),(635,108,9.3,8.4,7.7),(635,109,9.3,10,10),(635,300,10,8,9.2),(635,301,8.6,9,7.2),(636,1,8.2,9.1,7.7),(636,2,8.8,10,8.3),(636,107,9.6,7.3,10),(636,108,8.9,8.2,10),(636,109,8.4,8.6,8.5),(636,300,8.5,10,7.3),(636,301,7.1,9.6,7.8),(637,1,8.6,10,8.7),(637,2,10,10,10),(637,107,7.6,7.1,8.1),(637,108,10,10,7.8),(637,109,9.8,7.9,7.8),(637,300,7.1,8.2,10),(637,301,9.5,9,8.9),(638,1,7.8,8,9.1),(638,2,7.9,8.7,10),(638,107,8.1,10,10),(638,108,7.4,7.8,7.2),(638,109,10,9.7,8),(638,300,9,8.6,8.8),(638,301,7.5,10,10),(639,1,10,9.8,7),(639,2,8.5,7.3,7.9),(639,107,9.5,9.8,9.2),(639,108,7.4,9.5,8.8),(639,109,8.9,8.2,9.6),(639,300,7.5,10,9.9),(639,301,7.6,10,7.6),(640,1,10,7.3,8.5),(640,2,9.2,8.2,9.3),(640,107,8.4,7.4,8.3),(640,108,10,8.9,9.2),(640,109,9.4,7.6,8.7),(640,300,10,8.2,9.4),(640,301,10,8.4,10),(641,1,8.6,7.4,10),(641,2,9.8,8.9,8.7),(641,107,8.7,8.2,10),(641,108,9.3,8.4,10),(641,109,10,8.1,10),(641,300,7.9,7.1,10),(641,301,9.6,8.7,8.5),(642,1,8.9,10,10),(642,2,8.8,9.4,7.9),(642,107,7.9,7.8,10),(642,108,8.2,7.8,10),(642,109,8.4,10,7),(642,300,9.6,7.4,8.8),(642,301,8.1,7,9.8),(643,1,8.7,8.9,7),(643,2,7.2,10,7.1),(643,107,8.4,10,8.2),(643,108,10,8,9.3),(643,109,9.4,10,8.5),(643,300,9.5,9.9,9.2),(643,301,10,7.8,7.4),(644,1,10,9.2,7.9),(644,2,9.6,8.6,8.8),(644,107,7.6,10,7.4),(644,108,9.4,8.7,10),(644,109,9.9,9.6,7.8),(644,300,7.5,9.8,10),(644,301,8.8,9.4,10),(645,1,10,9.3,10),(645,2,7.1,10,10),(645,107,10,8.9,8),(645,108,10,7.1,7.2),(645,109,10,8,9.5),(645,300,7.7,9.6,10),(645,301,10,8.2,10),(646,1,8.1,10,7.4),(646,2,10,9.9,7),(646,107,9,10,8.5),(646,108,8,8.9,7.5),(646,109,7.8,9.6,7.7),(646,300,10,10,9.4),(646,301,10,7.9,7),(647,1,10,10,10),(647,2,7.5,7.9,8.4),(647,107,8.8,7.6,8.1),(647,108,10,9.8,7),(647,109,7.5,7.4,8.4),(647,300,9.5,8.9,7.7),(647,301,8.4,10,9.2),(648,1,8.2,9.5,10),(648,2,10,9.7,8.5),(648,107,7,9.9,9.9),(648,108,9.2,7.4,10),(648,109,7.6,7.3,8.5),(648,300,7.8,7.5,9.6),(648,301,10,8.1,7.3),(649,1,10,7.4,7.8),(649,2,10,9.5,7.6),(649,107,7.4,7.9,9.7),(649,108,10,8.8,10),(649,109,9,8.2,9.8),(649,300,8.3,7.2,7.2),(649,301,8,10,8.1),(650,1,8.2,8.2,10),(650,2,10,7.1,9.2),(650,107,8.1,8.8,10),(650,108,10,9.6,9.1),(650,109,10,9.5,10),(650,300,7.1,8.2,9.4),(650,301,9.6,7.5,7.9),(651,1,10,9.5,7),(651,2,8.2,10,10),(651,107,9.4,8.8,9.5),(651,108,10,10,7.6),(651,109,9.9,8,7.9),(651,300,8.1,10,7.3),(651,301,9.5,9.3,10),(652,1,10,9,10),(652,2,8.8,9.4,8.2),(652,107,10,8.8,9.8),(652,108,7.8,7.7,9.6),(652,109,7.4,7.5,10),(652,300,9.9,10,9.1),(652,301,8,7.5,7.2),(653,1,9.3,8.4,7.1),(653,2,7.9,7,7.6),(653,107,8.5,8.9,8.8),(653,108,10,8.4,9.8),(653,109,8.5,9.6,10),(653,300,9.4,10,10),(653,301,10,7.5,10),(654,1,9,10,7.8),(654,2,9.5,9.7,10),(654,107,7,7.2,9.7),(654,108,8,10,7.7),(654,109,8.8,8.8,8.4),(654,300,8.5,8.7,8.4),(654,301,10,9.5,9.2),(655,1,7.5,9.6,9.4),(655,2,9.1,10,7.9),(655,107,7.9,8,9.2),(655,108,8.7,10,9.8),(655,109,9.4,9.6,9.9),(655,300,7.1,9.1,7.6),(655,301,7.9,9.8,7),(656,1,8.2,7.6,9.6),(656,2,10,7.3,7.6),(656,107,7.2,10,7.6),(656,108,8.8,9.4,9.1),(656,109,8.9,8.8,8),(656,300,7.6,8.9,10),(656,301,9.6,7.2,10),(657,1,8.7,7.1,10),(657,2,9,7.9,7.1),(657,107,10,8.6,9.1),(657,108,10,7.6,7),(657,109,8.9,8,7.7),(657,300,8.8,9.1,8.3),(657,301,10,10,9.5),(658,1,8.2,9.2,8.7),(658,2,9.8,8.4,7.9),(658,107,10,10,7.7),(658,108,10,10,9),(658,109,7.8,10,7.9),(658,300,7.4,9.6,9.3),(658,301,8.2,8.8,10),(659,1,10,8.2,8.8),(659,2,9.8,9.9,7.7),(659,107,8.2,7.8,8.1),(659,108,7.4,8.7,9.4),(659,109,7.7,7.1,7.2),(659,300,7.3,9.7,10),(659,301,9.3,7.3,7.6),(660,1,8.2,7.8,9.1),(660,2,7.3,7.3,9.4),(660,107,8.6,10,10),(660,108,10,7.3,7.1),(660,109,8,9.1,9.2),(660,300,9.7,8.2,9.7),(660,301,8.8,9,10),(661,1,9.5,8.1,7.8),(661,2,8.9,8.1,7.7),(661,3,8.9,9.9,9.4),(661,222,9.4,7.1,8.4),(661,334,7.1,9.9,10),(661,335,9.2,9.9,10),(661,336,8.4,9.8,10),(662,1,7.5,9.1,9.2),(662,2,9,10,8.9),(662,3,7.1,9.8,7.4),(662,222,7.4,7.2,8.7),(662,334,8.3,9.4,10),(662,335,7.5,10,10),(662,336,9.9,8,10),(663,1,8,10,9.9),(663,2,7.2,7.1,8.5),(663,3,7.9,10,9.8),(663,222,7.9,8.8,8.1),(663,334,10,9,10),(663,335,9.4,8.6,8.5),(663,336,10,8.4,7.3),(664,1,10,9.5,7.1),(664,2,9.5,7,8.5),(664,3,10,10,7.4),(664,222,8.1,8.1,8.5),(664,334,10,10,7),(664,335,10,10,7.4),(664,336,8.5,8.6,10),(665,1,8.5,8.3,9.7),(665,2,10,10,10),(665,3,7.8,8.5,9.4),(665,222,7.9,9.7,10),(665,334,8.7,8.3,7.1),(665,335,10,7.9,9.9),(665,336,7.8,8.4,7.7),(666,1,8.7,9.5,8),(666,2,8,9.3,7.9),(666,3,10,9.4,7.5),(666,222,9.9,8.6,9.7),(666,334,9,9.2,9),(666,335,7.6,10,7.5),(666,336,9.9,10,8),(667,1,9.6,9.1,9.4),(667,2,7,7.2,10),(667,3,7.8,9.4,7),(667,222,10,7.9,10),(667,334,9.9,8.2,8.3),(667,335,9.1,7.6,8.7),(667,336,9.9,9.9,8.8),(668,1,8.1,9.3,9.1),(668,2,8.2,7.3,7.5),(668,3,7.4,10,8.9),(668,222,10,7.5,7),(668,334,10,9.7,7.2),(668,335,9.7,9.5,10),(668,336,8.3,9.8,7),(669,1,10,7.4,10),(669,2,7.9,7.1,7.4),(669,3,8.7,8.1,7.9),(669,222,9.9,9.1,9.2),(669,334,7.5,10,9.7),(669,335,10,9.8,10),(669,336,10,9.3,7.6),(670,1,8.6,8.9,9.8),(670,2,10,10,9.8),(670,3,9.3,7.2,8.7),(670,222,8.1,9.5,7.6),(670,334,9.5,9.3,7.1),(670,335,7.4,7.1,7.4),(670,336,10,7.3,7.4),(671,1,8.9,9.8,7.2),(671,2,10,7.8,7.3),(671,3,8.7,7.6,8.6),(671,222,8.3,10,7.1),(671,334,10,10,9.7),(671,335,7.2,7.4,8.6),(671,336,10,7.6,10),(672,1,9.5,9.2,9.1),(672,2,7.3,9.8,9.2),(672,3,9.4,8.5,10),(672,222,9.3,10,9.3),(672,334,7.8,9.4,7.6),(672,335,8.3,7,10),(672,336,10,9.3,9.7),(673,1,8.2,8.1,10),(673,2,9.6,10,9.9),(673,3,7.5,9.4,7.5),(673,222,7,10,8),(673,334,10,7.2,10),(673,335,9,10,9.2),(673,336,7.2,7.2,9.8),(674,1,8.8,8.1,10),(674,2,8.1,7.8,7.3),(674,3,8.3,9.9,8.8),(674,222,7.5,8.6,7.2),(674,334,7.7,8.5,10),(674,335,9.6,10,9.1),(674,336,7.7,10,10),(675,1,7.9,8,8.9),(675,2,8.8,8.7,7.7),(675,3,8.3,7.5,9.3),(675,222,7.6,8.8,8.8),(675,334,9.4,8.5,10),(675,335,8.4,8.8,7),(675,336,7.3,7.2,8.2),(676,1,9.1,8.8,8.7),(676,2,8.4,9.3,10),(676,3,9.8,9.2,8.6),(676,222,10,10,7.2),(676,334,10,9,10),(676,335,7.2,7.9,8.6),(676,336,7.3,8,9.5),(677,1,8.3,10,8.3),(677,2,7,10,8.6),(677,3,10,9.3,10),(677,222,8,10,9),(677,334,8.8,7.2,7.8),(677,335,9,9.6,10),(677,336,10,10,9.3),(678,1,9.2,9.9,7.5),(678,2,7.7,10,9.1),(678,3,9.6,7.4,9.6),(678,222,9.1,9.9,10),(678,334,9.2,9.6,9.1),(678,335,8.1,9.3,7.4),(678,336,8.1,8.5,7.4),(679,1,7.2,10,9.4),(679,2,8.3,7.7,8.1),(679,3,10,8.8,10),(679,222,7.7,10,9.6),(679,334,8.2,9,8.8),(679,335,8.6,8.6,9.8),(679,336,7.7,9.4,8.7),(680,1,7.7,10,7.7),(680,2,8.4,9.7,8.8),(680,3,9.4,10,10),(680,222,7.4,9.2,9.4),(680,334,9.4,8.4,7.8),(680,335,9.1,9.7,9.6),(680,336,9,8.4,10),(681,1,9.7,8.6,10),(681,2,10,10,9.2),(681,3,9.5,8.5,9.5),(681,222,7.6,9.9,7.1),(681,334,8.8,7.7,9.8),(681,335,10,9.9,10),(681,336,10,9.1,9.8),(682,1,8.5,9.1,10),(682,2,10,8.9,9),(682,3,8.9,10,8.7),(682,222,8.5,10,10),(682,334,8,10,8.5),(682,335,7.5,7.3,9),(682,336,8.6,9.8,7.4),(683,1,8.5,9,8.3),(683,2,9.2,7.6,10),(683,3,9.6,10,9.9),(683,222,10,9.6,9.4),(683,334,8.3,9.8,9),(683,335,7.4,7.4,9.5),(683,336,9.6,9,10),(684,1,9.2,8,7.9),(684,2,8,8.5,10),(684,3,7.9,10,10),(684,222,8.6,9.7,10),(684,334,9.4,10,8.1),(684,335,8.9,8.4,7.8),(684,336,7.9,10,10),(685,1,10,8.7,8),(685,2,10,10,8.4),(685,3,7.3,8.6,10),(685,222,7.7,10,10),(685,334,9,7.3,7.3),(685,335,7,10,9),(685,336,10,10,8.9),(686,1,9.5,9.3,10),(686,2,10,10,7.8),(686,3,7.9,7.5,7.1),(686,222,8.5,7.3,10),(686,334,10,7.2,9.2),(686,335,9.6,7,10),(686,336,9.3,9.6,8.9),(687,1,8.7,8.3,8.4),(687,2,9.2,9.1,7),(687,3,9.9,10,7.4),(687,222,8.2,10,7.8),(687,334,10,10,8.7),(687,335,10,8.1,9),(687,336,9.7,8.7,9),(688,1,10,7.2,9.9),(688,2,7.9,10,7.2),(688,3,8,10,7.4),(688,222,10,7.6,8.8),(688,334,9.1,9.3,10),(688,335,9.3,9.5,9),(688,336,8.7,7.8,8.4),(689,1,7,7.6,9.1),(689,2,8.5,8.2,8.1),(689,3,7.9,8.6,8.3),(689,222,7.9,8,8.3),(689,334,7.1,10,10),(689,335,9.6,10,7.5),(689,336,8,8,9.5),(690,1,8.9,10,7.4),(690,2,8.7,8.5,10),(690,3,10,8.6,8.3),(690,222,8.8,10,9.8),(690,334,9.9,10,8.9),(690,335,10,7,8.3),(690,336,10,10,9.6),(691,1,8.5,7.1,8.5),(691,2,9.1,10,7),(691,3,7.8,8.6,8.9),(691,222,7.2,10,10),(691,334,10,8.2,8.7),(691,335,9.9,10,8),(691,336,8.7,10,7.3),(692,1,10,9.1,9.7),(692,2,10,10,10),(692,3,9.5,7.1,10),(692,222,10,8.7,7.6),(692,334,9.4,8.3,7),(692,335,8,10,7.8),(692,336,7.1,10,8.8),(693,1,9.5,7.8,8.1),(693,2,7.6,7.1,7.9),(693,3,8.1,8.1,7.3),(693,222,7,9.2,8),(693,334,8.9,7.9,7.1),(693,335,10,8.7,9.5),(693,336,8.4,7.3,8.4),(694,1,10,8.1,8.1),(694,2,9.7,10,9.8),(694,3,7.4,8.4,8.2),(694,222,7.2,7.9,10),(694,334,10,8.2,7.4),(694,335,8,8.3,7.4),(694,336,7.6,7.4,9.1),(695,1,8.7,9.2,8.2),(695,2,7.7,10,8),(695,3,8.2,7,7.3),(695,222,7.9,8,9.5),(695,334,10,9.4,9.5),(695,335,7.2,7,10),(695,336,7.5,7.7,9.6),(696,1,8.5,10,7.8),(696,2,10,10,7.4),(696,3,10,9.2,7.6),(696,222,10,9.7,10),(696,334,7.9,10,9),(696,335,7.9,7.4,10),(696,336,10,8.6,8.9),(697,1,9.2,7.2,7.6),(697,2,9.1,7.9,10),(697,3,8.7,7.8,9),(697,222,8.7,9.5,7.7),(697,334,7.2,9.5,10),(697,335,7.5,8.4,7.6),(697,336,9.5,10,7.2),(698,1,7.8,9.1,7.1),(698,2,10,9.8,10),(698,3,9.3,10,8.4),(698,222,7.4,8.5,9.9),(698,334,10,10,10),(698,335,10,8.4,10),(698,336,10,8.1,10),(699,1,7.9,8.3,10),(699,2,10,7.4,9.8),(699,3,10,9.5,10),(699,222,10,9.8,7.4),(699,334,7.1,9.8,9.1),(699,335,7.1,7.7,9.7),(699,336,8.7,8.4,8.8),(700,1,10,7.1,8),(700,2,10,9.1,8.1),(700,3,7.7,7.6,7.2),(700,222,9.6,7.3,7.8),(700,334,10,7.2,9.4),(700,335,7.5,10,7.7),(700,336,10,10,8.6),(701,1,10,10,10),(701,2,9,9.4,7.9),(701,3,7.3,7.6,8.2),(701,222,9.9,7.6,9.1),(701,334,7.8,7.2,9.2),(701,335,7.4,7,8.6),(701,336,9.8,10,8.7),(702,1,10,9.2,7.1),(702,2,10,10,9.1),(702,3,8,10,8.8),(702,222,8.3,9.6,8.5),(702,334,10,7.5,7.7),(702,335,7.3,9.2,8.4),(702,336,7.9,7.1,9.8),(703,1,8.9,7.2,9.9),(703,2,9.8,10,10),(703,3,9.4,7.9,9.5),(703,222,8.6,10,7.9),(703,334,10,10,7.2),(703,335,8.4,9.2,9.8),(703,336,7.1,9.2,7.5),(704,1,7.1,9.6,8.2),(704,2,7.9,7.9,8.6),(704,3,9,7.1,9.8),(704,222,7.6,7.3,10),(704,334,7.8,8.6,8),(704,335,8.7,7.4,8.2),(704,336,9.8,8.7,7.5),(705,1,9.3,10,8.5),(705,2,7.8,10,9.6),(705,3,7.8,8.1,10),(705,222,7.2,9.3,7.1),(705,334,7.2,8.8,8.9),(705,335,9.5,10,7.2),(705,336,8.2,9.2,9.6),(706,1,7.3,7.1,8.8),(706,2,10,10,9.3),(706,3,7.2,10,8.1),(706,222,8.4,8,10),(706,334,7.4,8.4,10),(706,335,7.2,8.3,7.8),(706,336,8.9,10,8.6),(707,1,9.6,10,8.4),(707,2,7.9,8.3,10),(707,3,10,7,7.9),(707,222,7.1,9.1,8.8),(707,334,10,8.4,10),(707,335,9.8,8.3,8.4),(707,336,9.5,9,7.6),(708,1,7.9,10,10),(708,2,10,7.6,10),(708,3,9.6,9.4,7.2),(708,222,9.9,10,10),(708,334,10,10,7.5),(708,335,9.3,8.4,9.5),(708,336,9.3,8,10),(709,1,7.1,8.7,7.3),(709,2,9.5,8.6,7.5),(709,3,8.8,8.2,7.8),(709,222,8.3,7.3,8.3),(709,334,7.4,7,10),(709,335,10,7.2,7.3),(709,336,9.5,7.1,10),(710,1,7.9,10,9.1),(710,2,7.1,9.6,9.8),(710,3,8.6,9.8,9.1),(710,222,8.7,8.4,7.6),(710,334,10,10,9),(710,335,8.3,10,7.8),(710,336,9.4,7.7,10),(711,1,10,7.3,10),(711,2,10,9.1,10),(711,3,10,8.5,7.1),(711,222,10,9.2,9.8),(711,334,8.4,9.1,10),(711,335,9.2,10,10),(711,336,7.6,7.4,9.8),(712,1,8.7,9.6,10),(712,2,7.4,7.1,9.5),(712,3,8.3,8.3,8.2),(712,222,8.1,9.5,10),(712,334,8.7,8,7.6),(712,335,9,9.5,7.1),(712,336,7.2,7.2,7.2),(713,1,10,10,7.7),(713,2,7.6,10,8.3),(713,3,9.2,10,8.9),(713,222,7.2,8.5,10),(713,334,9.1,7.7,10),(713,335,10,9.2,7.5),(713,336,7.4,10,8.9),(714,1,10,8.5,7.7),(714,2,7.1,10,7.4),(714,3,10,10,8.5),(714,222,9.8,9.5,8.6),(714,334,8.1,9.4,8.6),(714,335,9.4,8.9,7.1),(714,336,8.2,10,9.5),(715,1,9.6,10,7.1),(715,2,7.6,7.6,8.7),(715,3,7.4,9.1,7.9),(715,222,9.2,9.3,9.7),(715,334,9.2,8.1,8.6),(715,335,7.2,7.3,9.2),(715,336,7.1,10,9.8),(716,1,10,9.5,9.5),(716,2,9.7,10,9.5),(716,3,10,10,8.4),(716,222,10,9.3,8.3),(716,334,8.9,7.6,9.1),(716,335,10,7.3,7),(716,336,8.3,10,10),(717,1,9.2,7.6,7.4),(717,2,8.1,8.7,10),(717,3,9.6,10,10),(717,222,7.4,7.4,9.7),(717,334,8.9,7.5,10),(717,335,10,8.2,10),(717,336,8.6,10,8.8),(718,1,7.5,10,8.3),(718,2,9.5,9.1,7.8),(718,3,9.4,9.2,10),(718,222,7.4,10,10),(718,334,10,8.1,9.5),(718,335,9.2,7.7,9.5),(718,336,9,7.1,10),(719,1,7.5,9.5,9.9),(719,2,8.9,10,9.7),(719,3,8.3,9.7,7),(719,222,10,9.1,7.3),(719,334,9.1,9.1,9),(719,335,10,10,9.9),(719,336,9.9,9.1,9.5),(720,1,7.5,10,7.8),(720,2,10,8.4,8.3),(720,3,10,8.9,10),(720,222,10,10,8.1),(720,334,8.8,8.3,10),(720,335,8.5,9.7,7.9),(720,336,9.3,9,9),(721,1,7.9,9.6,10),(721,2,9.5,7,10),(721,3,7,10,10),(721,222,7.8,10,7.2),(721,334,7.8,10,7),(721,335,9.9,9.8,7.3),(721,336,8.8,9.8,7.1),(722,1,9.1,8.2,8.6),(722,2,8.2,7.2,8.8),(722,3,7.2,7,7.4),(722,222,8.4,9.2,7.2),(722,334,9.4,9.8,7.4),(722,335,7.5,8,10),(722,336,10,10,10),(723,1,9,8.5,7.6),(723,2,7,9.2,8.8),(723,3,9.9,10,10),(723,222,9.4,7.3,10),(723,334,10,7.9,7.6),(723,335,9.1,9.6,8.2),(723,336,10,7,10),(724,1,7.9,10,7.7),(724,2,10,7.8,9.5),(724,3,8,7.1,8.7),(724,222,8.9,8.6,9.5),(724,334,7.2,8,7.3),(724,335,9.9,9.3,10),(724,336,7.9,10,8.5),(725,1,8.1,9,10),(725,2,8.7,8.6,10),(725,3,9.8,10,7.7),(725,222,10,9.9,7.1),(725,334,10,7.5,9.6),(725,335,9.7,9,9.5),(725,336,9,7.2,8.6),(726,1,7.8,8.5,9.5),(726,2,8.9,8.2,8.1),(726,3,8.2,9.5,10),(726,222,8.5,9.2,7.3),(726,334,9.3,8.4,10),(726,335,7,8.4,7.6),(726,336,7.7,9.3,10),(727,1,10,9.8,8.1),(727,2,9.8,7.8,9),(727,3,7,9.4,10),(727,222,9.3,10,9.4),(727,334,9.1,8.2,10),(727,335,7.5,8.9,9.7),(727,336,7.1,7.5,8.4),(728,1,8.3,8,8),(728,2,8.5,7.9,8.9),(728,3,9.8,10,9.2),(728,222,10,8.8,10),(728,334,9.9,9.4,9.5),(728,335,10,7.9,7.5),(728,336,7.9,9.1,8.9),(729,1,9.5,8.6,7.1),(729,2,9.5,9.1,8.4),(729,3,7.1,8.6,10),(729,222,10,7.8,9.9),(729,334,7.3,9.2,10),(729,335,9.2,10,7.7),(729,336,8.7,9.2,8.1),(730,1,8.4,7.2,7.6),(730,2,7.2,7.8,7.6),(730,3,7.3,10,7.9),(730,222,10,10,7.6),(730,334,10,8.6,9.3),(730,335,7.4,8.7,7.8),(730,336,10,7.7,7),(731,1,7.7,8.1,8),(731,2,8.9,10,10),(731,3,7.3,8.2,8.9),(731,222,8.7,9.2,7.5),(731,334,7.7,7.8,7.5),(731,335,7.6,10,8.2),(731,336,10,8.4,9.3),(732,1,10,7.3,9.4),(732,2,7.6,10,10),(732,3,9.6,10,9),(732,222,7.7,10,9.1),(732,334,9.7,7.3,8.2),(732,335,8.8,9.3,10),(732,336,10,9.7,8.7),(733,1,7.8,7.1,8.6),(733,2,10,9.3,9.9),(733,3,7.4,8.6,8.9),(733,222,8.3,10,7.6),(733,334,9.5,7.1,7.1),(733,335,9.3,8.7,8.9),(733,336,10,10,8.3),(734,1,7.6,9,7.8),(734,2,8,7.9,8.9),(734,3,9.2,7.6,7.5),(734,222,9,10,8.9),(734,334,9.2,8.1,10),(734,335,10,9.7,7),(734,336,10,8.4,10),(735,1,9.5,7.1,9.2),(735,2,10,10,7.5),(735,3,7.5,9.8,8.9),(735,222,9.4,7.3,10),(735,334,7.4,8.4,7.2),(735,335,8.1,10,8.5),(735,336,10,9.4,7.7),(736,1,7.2,10,9.8),(736,2,9.1,8.4,8.4),(736,3,7,8.2,10),(736,222,10,10,10),(736,334,8.2,10,8.9),(736,335,7.7,10,9.9),(736,336,9.1,9.6,10),(737,1,8.9,7.2,8.3),(737,2,7.6,8,7.8),(737,3,10,9.3,7),(737,222,10,10,9.7),(737,334,7.7,8.9,8.5),(737,335,8.6,8.7,7.8),(737,336,7.8,8.7,10),(738,1,7.3,9.6,8.8),(738,2,10,7.1,9.7),(738,3,8.5,8.8,10),(738,222,7.8,9.8,8.9),(738,334,10,10,8.2),(738,335,7.2,7.1,8.1),(738,336,7.6,9.4,8.7),(739,1,8.8,9.7,10),(739,2,8.5,10,10),(739,3,7.5,9.1,8),(739,222,8.1,8.9,7.2),(739,334,10,10,8.2),(739,335,9.7,10,7.3),(739,336,10,9.3,8.5),(740,1,10,9.5,7.8),(740,2,10,7.3,8),(740,3,10,8.2,8.4),(740,222,10,9.1,8.1),(740,334,8.2,10,10),(740,335,9.9,10,7.8),(740,336,9.8,7.6,10),(741,1,8.4,9.7,9.8),(741,2,9.4,8.9,8.9),(741,3,9.3,8.5,10),(741,222,10,10,9.2),(741,334,8.5,10,8),(741,335,8,7.2,7),(741,336,9.8,10,9.8),(742,1,7,9.8,8.2),(742,2,9,10,7.9),(742,3,8.2,9.6,7.1),(742,222,8.8,9.3,10),(742,334,9.7,10,7.5),(742,335,10,10,9.8),(742,336,8.3,7.4,10),(743,1,7.4,7.6,10),(743,2,7.3,8.9,7.1),(743,3,8.9,10,9.9),(743,222,7.6,10,8.5),(743,334,9.1,7.7,9.1),(743,335,9.3,10,8.4),(743,336,10,7.9,8.4),(744,1,7.2,10,10),(744,2,9,7,9.7),(744,3,9.7,8.8,9.6),(744,222,7.2,7.4,9.7),(744,334,10,9.1,10),(744,335,10,8.7,7.2),(744,336,10,7.4,10),(745,1,9.1,10,7.9),(745,2,7.8,8.7,9.9),(745,3,8.3,10,8.7),(745,222,9.2,9.5,7.6),(745,334,8.9,10,10),(745,335,8.1,7.9,7.4),(745,336,9.3,8.3,8.6),(746,1,10,9.4,7),(746,2,10,7.9,7.2),(746,106,10,8.9,9.7),(746,335,7.5,10,9.1),(746,366,7.8,10,9.3),(746,367,8.8,7,7.8),(746,368,7.3,8,9),(747,1,8.2,9.5,8.4),(747,2,8.6,8.1,8.7),(747,106,7.6,10,7.3),(747,335,10,8.5,7.6),(747,366,8.6,10,10),(747,367,10,9.6,7.5),(747,368,7.2,10,9.1),(748,1,9,8.5,9.7),(748,2,8.9,10,7.5),(748,106,7.6,8.7,9),(748,335,7.8,7.3,9.3),(748,366,9.9,10,7.6),(748,367,9.5,9.7,9.8),(748,368,8.2,8.9,9.3),(749,1,9.8,7.9,8.3),(749,2,7.4,7.3,7.5),(749,106,9.5,10,8.9),(749,335,9.6,9.2,9.8),(749,366,9.4,10,8.2),(749,367,8.8,7.6,9.7),(749,368,8.2,9.2,7.1),(750,1,7.1,8,7.8),(750,2,10,9.1,8.3),(750,106,9.3,9.4,7.4),(750,335,7.9,10,9.7),(750,366,8.8,7.5,10),(750,367,10,10,7.9),(750,368,7.3,8.1,9.9),(751,1,7.8,8.2,8.8),(751,2,8,9,8.8),(751,106,10,10,9.2),(751,335,7.8,9.9,9.4),(751,366,10,7.1,8.8),(751,367,9,9.6,7.4),(751,368,10,9,8.4),(752,1,10,10,7.1),(752,2,7.2,7.8,8.9),(752,106,7.1,7.8,10),(752,335,9.9,8.6,7.9),(752,366,9,9.8,9.4),(752,367,9.2,7.3,7.3),(752,368,8.4,9.6,7),(753,1,9.2,9.1,9.8),(753,2,9,8.3,7.5),(753,106,8.5,10,10),(753,335,8.2,10,7.6),(753,366,10,8,10),(753,367,10,7,10),(753,368,10,7,8.1),(754,1,9.8,9.4,7.3),(754,2,7.2,7.3,7),(754,106,7.3,9.9,8),(754,335,10,9.7,8),(754,366,7.4,10,8.4),(754,367,10,10,9.8),(754,368,8,8.5,10),(755,1,7.9,7.4,8.3),(755,2,8.3,10,7.1),(755,106,8.5,7.6,10),(755,335,10,9.9,8.5),(755,366,9.5,8.1,8.1),(755,367,8.8,10,10),(755,368,10,10,10),(756,1,9.9,8.3,7.2),(756,2,9.6,10,10),(756,106,8,8.6,8.6),(756,335,8.2,9,10),(756,366,8.6,7.2,9.2),(756,367,8.3,7.1,7.6),(756,368,10,8.5,10),(757,1,8.1,8.8,7.1),(757,2,7.4,7.6,10),(757,106,8,10,8.7),(757,335,7.7,7,7.6),(757,366,10,9.5,10),(757,367,10,9.8,8.9),(757,368,9,9.7,10),(758,1,7.7,10,7.4),(758,2,9.5,8.5,9),(758,106,8.5,9.1,7.2),(758,335,8.4,9.9,9.8),(758,366,7.5,7.2,7.3),(758,367,8.5,7.1,8.3),(758,368,8.3,9.8,9.8),(759,1,10,8.8,7.5),(759,2,9.3,9.4,8.5),(759,106,9.3,10,8.8),(759,335,9.2,9,10),(759,366,9.5,9.6,8.4),(759,367,9.4,7.2,7.5),(759,368,8.2,10,10),(760,1,10,8.1,8.7),(760,2,9.8,10,7.9),(760,106,9,9.1,9.3),(760,335,7.4,9.4,8.4),(760,366,10,9.3,7.6),(760,367,7.5,8.9,7.3),(760,368,9.4,9.1,10),(761,1,7.2,8.5,10),(761,2,8.4,10,9.7),(761,106,8,8.9,9.7),(761,335,7.8,10,9.7),(761,366,9.8,7.4,9.9),(761,367,10,7.8,10),(761,368,9.4,7.8,8.5),(762,1,7.5,7.9,10),(762,2,9.6,7.4,10),(762,106,10,7.8,7.9),(762,335,8,10,7.9),(762,366,7.7,8.1,9.6),(762,367,9.6,10,10),(762,368,7.9,9.8,10),(763,1,9,10,8.1),(763,2,7.7,7.4,9.7),(763,106,10,8.3,7.1),(763,335,7.8,10,8.1),(763,366,9.8,8.4,8.4),(763,367,9.7,7.3,10),(763,368,9.8,7.8,9.3),(764,1,8.9,9,9.3),(764,2,9.6,9.4,7),(764,106,9.9,7.9,8.3),(764,335,10,7.4,9.9),(764,366,9.4,9.8,10),(764,367,10,10,7.2),(764,368,9.7,7.4,10),(765,1,7.2,10,8.3),(765,2,8.6,8.7,9.4),(765,106,10,7.1,9.2),(765,335,9.3,8.1,7.5),(765,366,9.7,8.5,8.6),(765,367,10,10,10),(765,368,9.1,7.2,9.4),(766,1,10,7.3,10),(766,2,8.1,7.6,8.1),(766,106,8.8,10,7.6),(766,335,8.2,10,10),(766,366,10,10,10),(766,367,10,7.7,7.1),(766,368,7.4,7.2,8.3),(767,1,9.5,9.6,10),(767,2,10,8.1,10),(767,106,8.2,10,9.8),(767,335,8.7,7.9,7.9),(767,366,7.2,9.2,9.8),(767,367,10,8.2,9.7),(767,368,7.6,8.1,8.4),(768,1,8.8,10,8.9),(768,2,9.7,10,10),(768,106,7.5,7.7,9.3),(768,335,7.7,10,8.3),(768,366,8.1,10,9.3),(768,367,7.1,7.7,8.1),(768,368,7,8,8.6),(769,1,10,10,9.6),(769,2,9.8,8,10),(769,106,10,8,9),(769,335,10,10,9.8),(769,366,9.6,9.5,10),(769,367,8.2,9.6,9.8),(769,368,8.9,9.7,9.7),(770,1,10,8.6,10),(770,2,8.8,7,8.7),(770,106,10,9.4,10),(770,335,8.7,9.1,7.5),(770,366,7.5,10,8),(770,367,9.8,9.3,10),(770,368,8.8,10,7.4),(771,1,9.5,7.4,9.7),(771,2,7.6,10,8.4),(771,106,9.9,9.6,7.5),(771,335,7.6,9.2,8.2),(771,366,7.5,10,8.4),(771,367,10,10,8.7),(771,368,9.3,7.2,7.9),(772,1,8,10,10),(772,2,8.9,9.6,8),(772,106,10,8.5,7.1),(772,335,9.3,9.3,7.3),(772,366,8.4,8.3,7.2),(772,367,7.1,7.1,7.7),(772,368,7.9,8.7,7),(773,1,7.2,7.2,8.8),(773,2,7.8,10,8.8),(773,106,7.2,7.4,10),(773,335,10,7.6,9.5),(773,366,8.1,7.1,8.8),(773,367,8.7,9.8,8.2),(773,368,8.5,7.9,10),(774,1,10,7.5,10),(774,2,8.4,9.3,7.5),(774,106,7.2,8,7.7),(774,335,7.3,9.8,7.7),(774,366,9.6,7.6,7.4),(774,367,9.3,7,10),(774,368,8.7,10,8.4),(775,1,10,8.4,7.2),(775,2,10,10,9.4),(775,106,8,9.4,10),(775,335,10,9.7,8.6),(775,366,8.3,10,7),(775,367,10,8.5,9.9),(775,368,10,9.9,8.5),(776,1,9.2,9.7,9.6),(776,2,8,9.5,7.5),(776,106,9.6,10,8.4),(776,335,7.9,7.7,10),(776,366,9.9,8.7,7.7),(776,367,10,8.5,9.7),(776,368,8.2,10,7.1),(777,1,9.6,9,8.6),(777,2,9.4,7.2,8),(777,106,8,9.1,10),(777,335,9.7,8.1,10),(777,366,9.2,7.1,7.8),(777,367,8,7.1,8.8),(777,368,9.8,9.7,7.8),(778,1,8.6,9.8,8.8),(778,2,8.8,10,8.5),(778,106,9.1,8,9.4),(778,335,8.8,9.4,8),(778,366,7.9,10,9.4),(778,367,10,8.6,9.9),(778,368,7.8,9.9,7),(779,1,9.3,10,7.2),(779,2,10,8.1,10),(779,106,9.3,10,10),(779,335,8.4,8.1,7.9),(779,366,9.5,9.2,9.4),(779,367,7.2,9.4,7.2),(779,368,10,7.1,8.9),(780,1,10,9,8.3),(780,2,9.6,7.9,10),(780,106,10,8.4,7),(780,335,9.2,7.8,8.9),(780,366,8.4,7.6,8.5),(780,367,7,9.7,9),(780,368,9.6,8.3,10),(781,1,8,9.8,7.7),(781,2,8.2,8.4,10),(781,106,7.8,8.9,9),(781,335,8.3,10,8.5),(781,366,8.4,10,7.4),(781,367,8.9,9.5,7.3),(781,368,10,9.7,7),(782,1,9.1,9.1,8.8),(782,2,9.6,8.5,8.3),(782,106,7.7,10,7.3),(782,335,9.8,9.5,10),(782,366,8.1,8.4,10),(782,367,10,7.8,7.7),(782,368,7,10,7.1),(783,1,10,9.3,9.3),(783,2,7.7,7.7,10),(783,106,10,9.4,9.8),(783,335,9.9,8.3,9.9),(783,366,8.7,10,9.1),(783,367,10,7.1,7.3),(783,368,10,10,8.9),(784,1,7.7,9.2,9),(784,2,10,9.6,9),(784,106,10,9.1,8.6),(784,335,9.9,8.3,8.1),(784,366,8.7,7.8,9.6),(784,367,8.4,10,8.2),(784,368,9,7.8,8.6),(785,1,10,7.2,9.9),(785,2,10,7.1,9),(785,106,8.5,8.4,8),(785,335,7.1,8.4,10),(785,366,7.6,8.3,7.3),(785,367,10,10,7.4),(785,368,9,7.8,10),(786,1,10,7.2,8.5),(786,2,8.7,9,8.7),(786,106,9.9,9.3,7.1),(786,335,10,8.8,10),(786,366,7,9.5,8.9),(786,367,8.6,7.4,7.3),(786,368,8,8.7,7.3),(787,1,7.4,7.7,10),(787,2,10,9.5,9),(787,106,10,10,7.4),(787,335,8.4,9.9,7.2),(787,366,9.8,7.8,7.1),(787,367,8.9,10,9.9),(787,368,7,8.7,8.2),(788,1,10,8.2,9.2),(788,2,10,8.3,10),(788,106,7.4,8.6,9),(788,335,10,8.9,8.9),(788,366,7.5,8.8,9.5),(788,367,10,10,7.2),(788,368,7,8.3,7.5),(789,1,10,10,9.9),(789,2,8.6,8,8.3),(789,106,9.7,8.4,8.1),(789,335,10,7.6,10),(789,366,9.5,9,9.3),(789,367,9.2,10,9.9),(789,368,7.5,9.6,10),(790,1,8.1,7.9,8.7),(790,2,7.7,10,8.4),(790,106,9.3,10,10),(790,335,10,8.2,9.9),(790,366,7.2,7.5,10),(790,367,7.5,7.2,7.5),(790,368,8.4,10,10),(791,1,8.6,8.4,7.3),(791,2,7.3,10,9.5),(791,106,8.1,8.9,7.8),(791,335,7.7,7.7,9.8),(791,366,7.5,7.5,9.1),(791,367,9.7,8.1,10),(791,368,7.8,7.5,10),(792,1,10,10,9.9),(792,2,7.5,7.8,7.4),(792,106,7.6,7.8,10),(792,335,7.8,8.5,8),(792,366,8.6,7.6,7.1),(792,367,9.1,7.4,8.6),(792,368,10,10,10),(793,1,7.4,9.9,10),(793,2,9.7,8.9,7.6),(793,106,7.3,9.7,7.8),(793,335,10,8,7.9),(793,366,9.9,10,9.1),(793,367,9.1,10,10),(793,368,8.6,7.9,9.4),(794,1,8.1,9,10),(794,2,10,9.4,7.2),(794,106,7.8,10,10),(794,335,7,8.3,9.6),(794,366,10,7,8.5),(794,367,10,10,7),(794,368,7.2,8.4,7.1),(795,1,8.9,10,10),(795,2,9.9,9.2,10),(795,106,7.8,10,8.8),(795,335,9.4,10,7.2),(795,366,9.5,10,10),(795,367,9.2,10,9.7),(795,368,10,7.8,10),(796,1,8.9,9.3,10),(796,2,9,9.8,10),(796,106,7.8,10,10),(796,335,7.4,10,7.3),(796,366,7.7,9.9,10),(796,367,7.8,9.2,10),(796,368,9.9,10,9.4),(797,1,9.1,7.8,10),(797,2,8.1,8.5,7.5),(797,106,7,9.1,8),(797,335,7.8,7.1,9.9),(797,366,7.5,7.4,10),(797,367,9.5,7.5,10),(797,368,10,7.6,9),(798,1,7.7,7.2,10),(798,2,10,8.8,7.9),(798,106,9,7.1,9.3),(798,335,9.9,8,9.3),(798,366,9.9,10,9.3),(798,367,9.8,7.3,10),(798,368,7.9,8.5,9.2),(799,1,10,9.5,10),(799,2,7.6,9.6,10),(799,106,7.4,8,9.2),(799,335,10,8,10),(799,366,9.6,7.4,9.8),(799,367,9,9.5,8.3),(799,368,9.5,8.2,7.6),(800,1,8,8.9,9.5),(800,2,7.8,7,7.6),(800,106,9.5,7.8,10),(800,335,10,9.2,7.3),(800,366,10,8.3,8.2),(800,367,9.1,10,8.8),(800,368,7.3,9.9,7.9),(801,1,9.6,7.2,9.5),(801,2,10,10,8.8),(801,106,9.5,8.2,10),(801,335,8.6,7.9,7.5),(801,366,8,8.6,10),(801,367,7.2,7.9,9.3),(801,368,10,8.2,10),(802,1,10,10,10),(802,2,8,8.4,8.1),(802,106,7.8,8.6,8.2),(802,335,7.1,10,9.6),(802,366,10,7.9,10),(802,367,9.8,9,7.1),(802,368,7.5,9.9,7.5),(803,1,9.7,7.5,7.6),(803,2,8.2,8.3,9.9),(803,106,9.7,7.6,8.6),(803,335,8.6,8,10),(803,366,7.5,8.2,10),(803,367,9,9.6,10),(803,368,9,7.5,8.8),(804,1,7.3,10,7.8),(804,2,7.7,9.3,10),(804,106,7.7,7.2,8.3),(804,335,10,7.9,8),(804,366,9,7.7,10),(804,367,7.7,9.1,10),(804,368,7.4,7.3,10),(805,1,8.5,8.1,10),(805,2,7.8,10,9.2),(805,106,7.7,8.8,9.8),(805,335,9.4,10,10),(805,366,9.2,10,10),(805,367,10,9.8,8.9),(805,368,9.8,10,9.2),(806,1,10,10,10),(806,2,10,10,9.7),(806,106,7.8,8.8,9.7),(806,335,8.4,10,10),(806,366,8.1,7.7,9.8),(806,367,7,10,8.2),(806,368,7.6,10,8.7),(807,1,7.7,7.7,7.8),(807,2,7.4,10,9.1),(807,106,7.5,7.7,8.9),(807,335,7.4,10,10),(807,366,10,8.5,10),(807,367,9,8.1,7),(807,368,8.1,9.5,7.1),(808,1,8.7,10,9.6),(808,2,10,8.4,7.7),(808,106,10,7.2,8.8),(808,335,10,9.6,9.9),(808,366,7.7,10,10),(808,367,8.4,10,10),(808,368,8.9,10,10),(809,1,8.6,9.2,7.8),(809,2,8.5,9.1,9.6),(809,106,10,9.7,7.9),(809,335,7.8,8.2,8.1),(809,366,8,9.6,7.8),(809,367,10,9.9,7.7),(809,368,7.7,8.6,8.4),(810,1,8.9,10,8.1),(810,2,7.4,7,8.3),(810,106,9.9,7.5,10),(810,335,10,10,9.5),(810,366,9.6,7,7),(810,367,10,7.7,9.6),(810,368,10,7.2,7.6),(811,1,8.8,10,8.5),(811,2,7,10,10),(811,106,9.6,7.9,10),(811,335,9.8,7.3,10),(811,366,8.8,7,10),(811,367,10,10,10),(811,368,10,7.8,8.1),(812,1,9.9,8,8.5),(812,2,9.8,7,8.8),(812,106,7.3,10,8.6),(812,335,9,9.8,9),(812,366,9.4,10,7),(812,367,10,7.1,7.7),(812,368,8.5,7.3,9.6),(813,1,9.7,9.1,8.6),(813,2,8.5,8,7.5),(813,106,7.6,9.6,7.5),(813,335,10,8.2,9.7),(813,366,9.9,8.9,8.1),(813,367,9.5,9.9,10),(813,368,10,8.8,10),(814,1,9.6,8.6,7.2),(814,2,7.9,8.5,9.8),(814,106,7.7,10,8.7),(814,335,9.3,10,8.5),(814,366,10,7.8,7.4),(814,367,7.1,10,9),(814,368,9.3,10,7.8),(815,1,10,8,8.3),(815,2,7.8,10,10),(815,106,7.5,10,7.9),(815,335,10,8.2,7.9),(815,366,9.8,7.6,9.9),(815,367,8.5,10,9.8),(815,368,8.6,9.3,10),(816,1,9.6,10,9.3),(816,2,7.5,8.9,8.6),(816,106,7.1,9.9,8.4),(816,335,7.5,9.5,10),(816,366,9.8,8.2,7.2),(816,367,10,8,8.6),(816,368,8.1,7.4,10),(817,1,8.5,7.7,8.4),(817,2,9.5,9.4,10),(817,106,9,8.3,8.3),(817,335,9.5,9.8,7.8),(817,366,9.8,7.2,10),(817,367,7.8,8.7,10),(817,368,7.3,9,10),(818,1,10,8.5,7.2),(818,2,7.7,10,7.9),(818,106,9,10,8.7),(818,335,8.4,8.4,7.3),(818,366,9,9.6,9.9),(818,367,7.4,10,10),(818,368,10,10,10),(819,1,9.3,10,7.1),(819,2,10,10,8.3),(819,106,9.2,7.7,7.2),(819,335,8.1,7.5,9.5),(819,366,8.6,8,8.6),(819,367,10,7.2,7.5),(819,368,7.4,7.8,8.8),(820,1,8.5,7.6,9.8),(820,2,9.2,7.8,7.9),(820,106,7.4,9.2,9),(820,335,10,10,8.4),(820,366,7.9,10,7.4),(820,367,9.6,8.2,8.3),(820,368,10,9.6,9.8),(821,1,10,9.7,10),(821,2,10,7,9.5),(821,106,9.9,7.5,9),(821,335,7.4,9.8,10),(821,366,9.4,7.1,10),(821,367,7.2,9.9,7.4),(821,368,10,7,7.3),(822,1,7,9.9,7.6),(822,2,8.4,10,9.3),(822,106,9.7,10,7.3),(822,335,10,8.9,7.4),(822,366,8.4,10,7.1),(822,367,8.9,9.9,8.2),(822,368,10,10,9.5),(823,1,8.2,10,9.7),(823,2,7.9,9,8),(823,106,9.4,9.8,9.3),(823,335,7.6,7,7.2),(823,366,7.9,8.9,8.2),(823,367,7.6,7.5,8.6),(823,368,9.9,10,8.9),(824,1,9.5,10,9.6),(824,2,8.8,10,10),(824,106,8.8,10,10),(824,335,9.7,9.1,10),(824,366,9.1,8.5,9.1),(824,367,10,8.4,7.4),(824,368,9.8,10,8.7),(825,1,9.2,8.8,8.4),(825,2,7.6,9.6,7.9),(825,106,8.2,9,10),(825,335,7.8,8.8,8.7),(825,366,7.4,8.4,8.9),(825,367,10,7.3,8.2),(825,368,10,8.6,9.8),(826,1,8.2,9.6,9.3),(826,2,8.8,9.9,9.8),(826,106,10,7.9,10),(826,335,9.5,8.2,9.8),(826,366,8,7.5,9.9),(826,367,9.5,8.8,10),(826,368,8,9.5,10),(827,1,10,8.3,10),(827,2,8.6,10,9.6),(827,106,10,7.1,7),(827,335,9.6,8.5,8.7),(827,366,7.6,7,10),(827,367,7.2,7,10),(827,368,9.8,10,10),(828,1,10,7,9.6),(828,2,7,8.6,10),(828,106,7.1,7.1,9.4),(828,335,7,7.4,10),(828,366,7.4,7.4,7.3),(828,367,9.6,10,7.7),(828,368,7.5,7.3,7.1),(829,1,8.6,10,10),(829,2,7.2,7.9,7),(829,106,10,8.6,9.3),(829,335,8.7,9.7,9.9),(829,366,10,9.8,10),(829,367,10,10,8),(829,368,9.4,8.4,10);

/*Table structure for table `carreras` */

DROP TABLE IF EXISTS `carreras`;

CREATE TABLE `carreras` (
  `id` int(10) unsigned NOT NULL AUTO_INCREMENT,
  `nombre` varchar(200) COLLATE utf8_unicode_ci NOT NULL,
  `clave` varchar(3) COLLATE utf8_unicode_ci NOT NULL,
  `fecha_eliminacion` timestamp NULL DEFAULT NULL,
  PRIMARY KEY (`id`)
) ENGINE=InnoDB AUTO_INCREMENT=11 DEFAULT CHARSET=utf8 COLLATE=utf8_unicode_ci;

/*Data for the table `carreras` */

insert  into `carreras`(`id`,`nombre`,`clave`,`fecha_eliminacion`) values (1,'Licenciatura en Terapia Física','TPF',NULL),(2,'Licenciatura en Administración y Gestión de PyMES','AGP',NULL),(3,'Ingeniería en Biotecnología','BIO',NULL),(4,'Ingeniería en Informática','INF',NULL),(5,'Ingeniería Mecatrónica','MEC',NULL),(6,'Ingeniería en Energía','ENE',NULL),(7,'Ingeniería en Logistíca y Transporte','LYT',NULL),(8,'Ingeniería en Tecnología Ambiental','AMB',NULL),(9,'Ingeniería Biomédica','BMD',NULL),(10,'Ingeniería en Animación y Efectos Visuales','AEF',NULL);

/*Table structure for table `ciclos` */

DROP TABLE IF EXISTS `ciclos`;

CREATE TABLE `ciclos` (
  `id` int(10) unsigned NOT NULL AUTO_INCREMENT,
  `nombre` varchar(50) COLLATE utf8_unicode_ci NOT NULL,
  `fecha_inicio` date NOT NULL,
  `fecha_fin` date NOT NULL,
  PRIMARY KEY (`id`)
) ENGINE=InnoDB AUTO_INCREMENT=3 DEFAULT CHARSET=utf8 COLLATE=utf8_unicode_ci;

/*Data for the table `ciclos` */

insert  into `ciclos`(`id`,`nombre`,`fecha_inicio`,`fecha_fin`) values (1,'SEP-2010 - DIC-2010','2010-09-01','2010-12-20'),(2,'ENE-2011 - ABR-2011','2011-01-01','2011-04-20');

/*Table structure for table `clases` */

DROP TABLE IF EXISTS `clases`;

CREATE TABLE `clases` (
  `id` int(10) unsigned NOT NULL AUTO_INCREMENT,
  `profesor_id` int(10) unsigned NOT NULL,
  `grupo_id` int(10) unsigned NOT NULL,
  `asignatura_id` int(10) unsigned NOT NULL,
  `aula_id` int(10) unsigned NOT NULL,
  `horario_id` int(10) unsigned NOT NULL,
  PRIMARY KEY (`id`),
  KEY `fk_clases_profesor_id` (`profesor_id`),
  KEY `fk_clases_grupo_id` (`grupo_id`),
  KEY `fk_clases_asignatura_id` (`asignatura_id`),
  KEY `fk_clases_aula_id` (`aula_id`),
  KEY `fk_clases_horario_id` (`horario_id`),
  CONSTRAINT `fk_clases_asignatura_id` FOREIGN KEY (`asignatura_id`) REFERENCES `asignaturas` (`id`),
  CONSTRAINT `fk_clases_aula_id` FOREIGN KEY (`aula_id`) REFERENCES `aulas` (`id`),
  CONSTRAINT `fk_clases_grupo_id` FOREIGN KEY (`grupo_id`) REFERENCES `grupos` (`id`),
  CONSTRAINT `fk_clases_horario_id` FOREIGN KEY (`horario_id`) REFERENCES `horarios` (`id`),
  CONSTRAINT `fk_clases_profesor_id` FOREIGN KEY (`profesor_id`) REFERENCES `profesores` (`id`)
) ENGINE=InnoDB AUTO_INCREMENT=2401 DEFAULT CHARSET=utf8 COLLATE=utf8_unicode_ci;

/*Data for the table `clases` */

insert  into `clases`(`id`,`profesor_id`,`grupo_id`,`asignatura_id`,`aula_id`,`horario_id`) values (1,1,1,1,125,1),(2,1,1,1,131,10),(3,1,1,1,56,19),(4,1,1,1,41,28),(5,1,1,1,15,37),(6,1,1,1,17,2),(7,1,1,1,73,11),(8,1,1,1,72,20),(9,1,1,1,12,29),(10,1,1,1,16,38),(11,1,1,2,25,3),(12,1,1,2,42,12),(13,1,1,2,41,21),(14,1,1,2,8,30),(15,1,1,2,134,39),(16,1,1,3,57,4),(17,1,1,3,124,13),(18,1,1,3,39,22),(19,1,1,3,64,31),(20,1,1,3,63,40),(21,1,1,4,117,5),(22,1,1,4,9,14),(23,1,1,4,107,23),(24,1,1,4,8,32),(25,1,1,4,19,41),(26,1,1,5,77,6),(27,1,1,5,104,15),(28,1,1,5,87,24),(29,1,1,5,34,33),(30,1,1,5,17,42),(31,2,1,6,84,1),(32,2,1,6,117,10),(33,2,1,6,116,19),(34,2,1,6,135,28),(35,2,1,6,61,37),(36,2,1,7,87,2),(37,2,1,7,8,11),(38,2,1,7,126,20),(39,2,1,7,72,29),(40,2,1,7,100,38),(41,2,2,1,54,3),(42,2,2,1,67,12),(43,2,2,1,45,21),(44,2,2,1,21,30),(45,2,2,1,137,39),(46,2,2,1,17,4),(47,2,2,1,10,13),(48,2,2,1,38,22),(49,2,2,1,19,31),(50,2,2,1,27,40),(51,2,2,2,29,5),(52,2,2,2,16,14),(53,2,2,2,69,23),(54,2,2,2,136,32),(55,2,2,2,121,41),(56,2,2,3,89,6),(57,2,2,3,77,15),(58,2,2,3,11,24),(59,2,2,3,101,33),(60,2,2,3,139,42),(61,3,2,4,38,1),(62,3,2,4,74,10),(63,3,2,4,70,19),(64,3,2,4,12,28),(65,3,2,4,64,37),(66,3,2,5,123,2),(67,3,2,5,16,11),(68,3,2,5,23,20),(69,3,2,5,132,29),(70,3,2,5,27,38),(71,3,2,6,80,3),(72,3,2,6,71,12),(73,3,2,6,40,21),(74,3,2,6,90,30),(75,3,2,6,91,39),(76,3,2,7,37,4),(77,3,2,7,3,13),(78,3,2,7,110,22),(79,3,2,7,2,31),(80,3,2,7,15,40),(81,3,3,1,68,5),(82,3,3,1,138,14),(83,3,3,1,30,23),(84,3,3,1,19,32),(85,3,3,1,9,41),(86,3,3,1,2,6),(87,3,3,1,95,15),(88,3,3,1,121,24),(89,3,3,1,78,33),(90,3,3,1,101,42),(91,4,3,2,6,1),(92,4,3,2,42,10),(93,4,3,2,21,19),(94,4,3,2,97,28),(95,4,3,2,58,37),(96,4,3,3,111,2),(97,4,3,3,49,11),(98,4,3,3,92,20),(99,4,3,3,129,29),(100,4,3,3,96,38),(101,4,3,4,3,3),(102,4,3,4,138,12),(103,4,3,4,68,21),(104,4,3,4,5,30),(105,4,3,4,105,39),(106,4,3,5,51,4),(107,4,3,5,61,13),(108,4,3,5,90,22),(109,4,3,5,115,31),(110,4,3,5,37,40),(111,4,3,6,6,5),(112,4,3,6,130,14),(113,4,3,6,103,23),(114,4,3,6,46,32),(115,4,3,6,95,41),(116,4,3,7,83,6),(117,4,3,7,11,15),(118,4,3,7,86,24),(119,4,3,7,27,33),(120,4,3,7,135,42),(121,5,4,1,110,1),(122,5,4,1,98,10),(123,5,4,1,52,19),(124,5,4,1,35,28),(125,5,4,1,34,37),(126,5,4,1,59,2),(127,5,4,1,77,11),(128,5,4,1,3,20),(129,5,4,1,82,29),(130,5,4,1,74,38),(131,5,4,2,117,3),(132,5,4,2,19,12),(133,5,4,2,137,21),(134,5,4,2,56,30),(135,5,4,2,18,39),(136,5,4,62,48,4),(137,5,4,62,80,13),(138,5,4,62,7,22),(139,5,4,62,6,31),(140,5,4,62,43,40),(141,5,4,63,140,5),(142,5,4,63,120,14),(143,5,4,63,67,23),(144,5,4,63,110,32),(145,5,4,63,27,41),(146,5,4,64,86,6),(147,5,4,64,33,15),(148,5,4,64,41,24),(149,5,4,64,70,33),(150,5,4,64,71,42),(151,6,4,65,72,1),(152,6,4,65,92,10),(153,6,4,65,109,19),(154,6,4,65,70,28),(155,6,4,65,117,37),(156,6,4,66,70,2),(157,6,4,66,60,11),(158,6,4,66,85,20),(159,6,4,66,112,29),(160,6,4,66,9,38),(161,6,5,1,96,3),(162,6,5,1,62,12),(163,6,5,1,58,21),(164,6,5,1,139,30),(165,6,5,1,11,39),(166,6,5,1,34,4),(167,6,5,1,4,13),(168,6,5,1,104,22),(169,6,5,1,106,31),(170,6,5,1,127,40),(171,6,5,2,132,5),(172,6,5,2,19,14),(173,6,5,2,24,23),(174,6,5,2,105,32),(175,6,5,2,11,41),(176,6,5,62,138,6),(177,6,5,62,1,15),(178,6,5,62,140,24),(179,6,5,62,49,33),(180,6,5,62,82,42),(181,7,5,63,9,1),(182,7,5,63,86,10),(183,7,5,63,14,19),(184,7,5,63,98,28),(185,7,5,63,50,37),(186,7,5,64,81,2),(187,7,5,64,132,11),(188,7,5,64,67,20),(189,7,5,64,6,29),(190,7,5,64,52,38),(191,7,5,65,118,3),(192,7,5,65,51,12),(193,7,5,65,13,21),(194,7,5,65,80,30),(195,7,5,65,48,39),(196,7,5,66,14,4),(197,7,5,66,117,13),(198,7,5,66,140,22),(199,7,5,66,16,31),(200,7,5,66,66,40),(201,7,6,1,106,5),(202,7,6,1,38,14),(203,7,6,1,88,23),(204,7,6,1,125,32),(205,7,6,1,64,41),(206,7,6,1,118,6),(207,7,6,1,125,15),(208,7,6,1,50,24),(209,7,6,1,56,33),(210,7,6,1,47,42),(211,8,6,2,91,1),(212,8,6,2,139,10),(213,8,6,2,15,19),(214,8,6,2,24,28),(215,8,6,2,5,37),(216,8,6,62,97,2),(217,8,6,62,5,11),(218,8,6,62,86,20),(219,8,6,62,128,29),(220,8,6,62,45,38),(221,8,6,63,91,3),(222,8,6,63,48,12),(223,8,6,63,65,21),(224,8,6,63,136,30),(225,8,6,63,65,39),(226,8,6,64,103,4),(227,8,6,64,121,13),(228,8,6,64,111,22),(229,8,6,64,45,31),(230,8,6,64,7,40),(231,8,6,65,55,5),(232,8,6,65,109,14),(233,8,6,65,10,23),(234,8,6,65,114,32),(235,8,6,65,93,41),(236,8,6,66,109,6),(237,8,6,66,88,15),(238,8,6,66,36,24),(239,8,6,66,57,33),(240,8,6,66,4,42),(241,9,7,1,83,1),(242,9,7,1,126,10),(243,9,7,1,119,19),(244,9,7,1,105,28),(245,9,7,1,113,37),(246,9,7,1,33,2),(247,9,7,1,139,11),(248,9,7,2,31,3),(249,9,7,2,37,12),(250,9,7,2,44,20),(251,9,7,2,57,29),(252,9,7,2,97,38),(253,9,7,2,46,4),(254,9,7,2,126,13),(255,9,7,17,79,5),(256,9,7,17,118,14),(257,9,7,17,36,21),(258,9,7,17,83,30),(259,9,7,17,132,39),(260,9,7,106,6,6),(261,9,7,106,86,15),(262,9,7,106,78,22),(263,9,7,106,35,31),(264,9,7,106,47,40),(265,9,7,107,78,7),(266,9,7,107,83,16),(267,9,7,107,40,23),(268,9,7,107,80,32),(269,9,7,107,138,41),(270,9,7,107,14,8),(271,10,7,108,16,1),(272,10,7,108,54,10),(273,10,7,108,112,19),(274,10,7,108,71,28),(275,10,7,108,111,37),(276,10,7,109,52,2),(277,10,7,109,102,11),(278,10,7,109,133,20),(279,10,7,109,32,29),(280,10,7,109,39,38),(281,10,8,1,113,3),(282,10,8,1,94,12),(283,10,8,1,132,21),(284,10,8,1,32,30),(285,10,8,1,50,39),(286,10,8,1,72,4),(287,10,8,1,100,13),(288,10,8,2,19,5),(289,10,8,2,37,14),(290,10,8,2,11,22),(291,10,8,2,36,31),(292,10,8,2,3,40),(293,10,8,2,66,6),(294,10,8,2,106,15),(295,10,8,17,140,7),(296,10,8,17,128,16),(297,10,8,17,100,23),(298,10,8,17,41,32),(299,10,8,17,71,41),(300,11,8,106,119,1),(301,11,8,106,45,10),(302,11,8,106,73,19),(303,11,8,106,123,28),(304,11,8,106,11,37),(305,11,8,107,74,2),(306,11,8,107,88,11),(307,11,8,107,14,20),(308,11,8,107,41,29),(309,11,8,107,133,38),(310,11,8,107,38,3),(311,11,8,108,60,4),(312,11,8,108,45,12),(313,11,8,108,55,21),(314,11,8,108,100,30),(315,11,8,108,81,39),(316,11,8,109,103,5),(317,11,8,109,110,13),(318,11,8,109,73,22),(319,11,8,109,68,31),(320,11,8,109,40,40),(321,11,9,1,70,6),(322,11,9,1,117,14),(323,11,9,1,131,23),(324,11,9,1,134,32),(325,11,9,1,131,41),(326,11,9,1,79,7),(327,11,9,1,34,15),(328,12,9,2,137,1),(329,12,9,2,56,10),(330,12,9,2,49,19),(331,12,9,2,130,28),(332,12,9,2,124,37),(333,12,9,2,50,2),(334,12,9,2,136,11),(335,12,9,17,22,3),(336,12,9,17,130,12),(337,12,9,17,98,20),(338,12,9,17,24,29),(339,12,9,17,127,38),(340,12,9,106,94,4),(341,12,9,106,8,13),(342,12,9,106,54,21),(343,12,9,106,91,30),(344,12,9,106,110,39),(345,12,9,107,96,5),(346,12,9,107,40,14),(347,12,9,107,138,22),(348,12,9,107,94,31),(349,12,9,107,101,40),(350,12,9,107,95,6),(351,12,9,108,5,7),(352,12,9,108,78,15),(353,12,9,108,112,23),(354,12,9,108,89,32),(355,12,9,108,52,41),(356,13,9,109,95,1),(357,13,9,109,39,10),(358,13,9,109,33,19),(359,13,9,109,4,28),(360,13,9,109,19,37),(361,13,10,1,19,2),(362,13,10,1,81,11),(363,13,10,1,25,20),(364,13,10,1,8,29),(365,13,10,1,118,38),(366,13,10,1,40,3),(367,13,10,1,114,12),(368,13,10,1,125,21),(369,13,10,2,3,4),(370,13,10,2,74,13),(371,13,10,2,105,22),(372,13,10,2,15,30),(373,13,10,2,131,39),(374,13,10,2,100,5),(375,13,10,2,58,14),(376,13,10,3,136,6),(377,13,10,3,127,15),(378,13,10,3,135,23),(379,13,10,3,100,31),(380,13,10,3,118,40),(381,13,10,3,82,7),(382,14,10,146,93,1),(383,14,10,146,67,10),(384,14,10,146,51,19),(385,14,10,146,38,28),(386,14,10,146,9,37),(387,14,10,146,22,2),(388,14,10,147,93,3),(389,14,10,147,137,11),(390,14,10,147,27,20),(391,14,10,147,133,29),(392,14,10,147,106,38),(393,14,10,147,107,4),(394,14,10,148,125,5),(395,14,10,148,35,12),(396,14,10,148,107,21),(397,14,10,148,33,30),(398,14,10,148,78,39),(399,14,10,148,52,6),(400,14,10,148,133,13),(401,14,11,1,60,7),(402,14,11,1,113,14),(403,14,11,1,41,22),(404,14,11,1,140,31),(405,14,11,1,72,40),(406,14,11,1,19,8),(407,14,11,1,119,15),(408,14,11,1,92,23),(409,15,11,2,60,1),(410,15,11,2,118,10),(411,15,11,2,11,19),(412,15,11,2,117,28),(413,15,11,2,131,37),(414,15,11,2,39,2),(415,15,11,2,26,11),(416,15,11,3,13,3),(417,15,11,3,53,12),(418,15,11,3,20,20),(419,15,11,3,73,29),(420,15,11,3,93,38),(421,15,11,3,15,4),(422,15,11,146,91,5),(423,15,11,146,91,13),(424,15,11,146,69,21),(425,15,11,146,110,30),(426,15,11,146,140,39),(427,15,11,146,20,6),(428,15,11,147,64,7),(429,15,11,147,36,14),(430,15,11,147,115,22),(431,15,11,147,48,31),(432,15,11,147,134,40),(433,15,11,147,34,8),(434,16,11,148,35,1),(435,16,11,148,38,10),(436,16,11,148,28,19),(437,16,11,148,60,28),(438,16,11,148,27,37),(439,16,11,148,125,2),(440,16,11,148,93,11),(441,16,12,1,28,3),(442,16,12,1,69,12),(443,16,12,1,12,20),(444,16,12,1,91,29),(445,16,12,1,43,38),(446,16,12,1,140,4),(447,16,12,1,25,13),(448,16,12,1,88,21),(449,16,12,2,49,5),(450,16,12,2,112,14),(451,16,12,2,33,22),(452,16,12,2,65,30),(453,16,12,2,115,39),(454,16,12,2,18,6),(455,16,12,2,10,15),(456,16,12,3,62,7),(457,16,12,3,21,16),(458,16,12,3,86,23),(459,16,12,3,25,31),(460,16,12,3,46,40),(461,16,12,3,136,8),(462,17,12,146,77,1),(463,17,12,146,121,10),(464,17,12,146,132,19),(465,17,12,146,8,28),(466,17,12,146,96,37),(467,17,12,146,8,2),(468,17,12,147,102,3),(469,17,12,147,61,11),(470,17,12,147,55,20),(471,17,12,147,35,29),(472,17,12,147,88,38),(473,17,12,147,80,4),(474,17,12,148,129,5),(475,17,12,148,2,12),(476,17,12,148,78,21),(477,17,12,148,47,30),(478,17,12,148,117,39),(479,17,12,148,73,6),(480,17,12,148,109,13),(481,17,13,1,45,7),(482,17,13,1,87,14),(483,17,13,1,80,22),(484,17,13,1,123,31),(485,17,13,1,42,40),(486,17,13,1,102,8),(487,18,13,2,98,1),(488,18,13,2,84,10),(489,18,13,2,103,19),(490,18,13,2,18,28),(491,18,13,2,133,37),(492,18,13,2,65,2),(493,17,13,106,39,9),(494,17,13,106,18,15),(495,17,13,106,18,23),(496,17,13,106,77,32),(497,17,13,106,79,41),(498,18,13,110,11,3),(499,18,13,110,19,11),(500,18,13,110,33,20),(501,18,13,110,49,29),(502,18,13,110,47,38),(503,18,13,178,7,4),(504,18,13,178,125,12),(505,18,13,178,77,21),(506,18,13,178,30,30),(507,18,13,178,126,39),(508,18,13,179,41,5),(509,18,13,179,70,13),(510,18,13,179,69,22),(511,18,13,179,113,31),(512,18,13,179,32,40),(513,18,13,179,117,6),(514,18,13,179,4,14),(515,18,13,180,8,7),(516,18,13,180,23,15),(517,18,13,180,85,23),(518,18,13,180,113,32),(519,18,13,180,97,41),(520,18,13,180,37,8),(521,19,14,1,7,1),(522,19,14,1,107,10),(523,19,14,1,44,19),(524,19,14,1,90,28),(525,19,14,1,132,37),(526,19,14,1,138,2),(527,19,14,2,84,3),(528,19,14,2,1,11),(529,19,14,2,102,20),(530,19,14,2,10,29),(531,19,14,2,109,38),(532,19,14,2,78,4),(533,15,14,106,36,9),(534,15,14,106,113,15),(535,15,14,106,59,23),(536,15,14,106,70,32),(537,15,14,106,48,41),(538,19,14,110,21,5),(539,19,14,110,101,12),(540,19,14,110,64,21),(541,19,14,110,12,30),(542,19,14,110,10,39),(543,19,14,178,41,6),(544,19,14,178,23,13),(545,19,14,178,29,22),(546,19,14,178,37,31),(547,19,14,178,18,40),(548,19,14,179,74,7),(549,19,14,179,132,14),(550,19,14,179,54,23),(551,19,14,179,99,32),(552,19,14,179,101,41),(553,19,14,179,81,8),(554,19,14,179,14,15),(555,20,14,180,105,1),(556,20,14,180,112,10),(557,20,14,180,58,19),(558,20,14,180,48,28),(559,20,14,180,85,37),(560,20,14,180,82,2),(561,20,15,1,14,3),(562,20,15,1,71,11),(563,20,15,1,140,20),(564,20,15,1,20,29),(565,20,15,1,25,38),(566,20,15,1,138,4),(567,20,15,2,10,5),(568,20,15,2,28,12),(569,20,15,2,94,21),(570,20,15,2,81,30),(571,20,15,2,43,39),(572,20,15,2,102,6),(573,20,15,106,100,7),(574,20,15,106,43,13),(575,20,15,106,3,22),(576,20,15,106,126,31),(577,20,15,106,2,40),(578,20,15,110,15,8),(579,20,15,110,77,14),(580,20,15,110,134,23),(581,20,15,110,54,32),(582,20,15,110,21,41),(583,21,15,178,1,1),(584,21,15,178,106,10),(585,21,15,178,123,19),(586,21,15,178,108,28),(587,21,15,178,109,37),(588,21,15,179,3,2),(589,21,15,179,22,11),(590,21,15,179,51,20),(591,21,15,179,27,29),(592,21,15,179,112,38),(593,21,15,179,2,3),(594,21,15,179,59,12),(595,21,15,180,98,4),(596,21,15,180,39,13),(597,21,15,180,52,21),(598,21,15,180,103,30),(599,21,15,180,95,39),(600,21,15,180,138,5),(601,21,16,1,24,6),(602,21,16,1,5,14),(603,21,16,1,99,22),(604,21,16,1,133,31),(605,21,16,1,8,40),(606,21,16,2,114,7),(607,21,16,2,28,15),(608,21,16,2,50,23),(609,21,16,2,45,32),(610,21,16,2,102,41),(611,22,16,219,121,1),(612,22,16,219,35,10),(613,22,16,219,7,19),(614,22,16,219,133,28),(615,22,16,219,136,37),(616,22,16,220,53,2),(617,22,16,220,110,11),(618,22,16,220,99,20),(619,22,16,220,15,29),(620,22,16,220,99,38),(621,22,16,220,36,3),(622,22,16,221,135,4),(623,22,16,221,92,12),(624,22,16,221,136,21),(625,22,16,221,106,30),(626,22,16,221,37,39),(627,22,16,221,38,5),(628,22,16,221,67,13),(629,22,16,221,85,22),(630,22,16,222,3,6),(631,22,16,222,92,14),(632,22,16,222,82,23),(633,22,16,222,134,31),(634,22,16,222,22,40),(635,22,16,222,3,7),(636,22,16,223,133,8),(637,22,16,223,20,15),(638,22,16,223,47,24),(639,22,16,223,20,32),(640,22,16,223,54,41),(641,23,17,1,76,1),(642,23,17,1,7,10),(643,23,17,1,5,19),(644,23,17,1,49,28),(645,23,17,1,67,37),(646,23,17,2,124,2),(647,23,17,2,112,11),(648,23,17,2,79,20),(649,23,17,2,125,29),(650,23,17,2,29,38),(651,23,17,219,101,3),(652,23,17,219,36,12),(653,23,17,219,44,21),(654,23,17,219,79,30),(655,23,17,219,79,39),(656,23,17,220,96,4),(657,23,17,220,105,13),(658,23,17,220,125,22),(659,23,17,220,79,31),(660,23,17,220,133,40),(661,23,17,220,80,5),(662,23,17,221,64,6),(663,23,17,221,91,14),(664,23,17,221,130,23),(665,23,17,221,11,32),(666,23,17,221,109,41),(667,23,17,221,67,7),(668,23,17,221,65,15),(669,23,17,221,139,24),(670,24,17,222,5,1),(671,24,17,222,34,10),(672,24,17,222,3,19),(673,24,17,222,106,28),(674,24,17,222,112,37),(675,24,17,222,21,2),(676,24,17,223,115,3),(677,24,17,223,120,11),(678,24,17,223,71,20),(679,24,17,223,18,29),(680,24,17,223,28,38),(681,24,18,1,102,4),(682,24,18,1,30,12),(683,24,18,1,133,21),(684,24,18,1,28,30),(685,24,18,1,55,39),(686,24,18,2,105,5),(687,24,18,2,52,13),(688,24,18,2,94,22),(689,24,18,2,23,31),(690,24,18,2,103,40),(691,24,18,219,16,6),(692,24,18,219,90,14),(693,24,18,219,73,23),(694,24,18,219,91,32),(695,24,18,219,137,41),(696,25,18,220,34,1),(697,25,18,220,37,10),(698,25,18,220,9,19),(699,25,18,220,59,28),(700,25,18,220,1,37),(701,25,18,220,135,2),(702,25,18,221,5,3),(703,25,18,221,53,11),(704,25,18,221,16,20),(705,25,18,221,78,29),(706,25,18,221,15,38),(707,25,18,221,56,4),(708,25,18,221,16,12),(709,25,18,221,99,21),(710,25,18,222,89,5),(711,25,18,222,122,13),(712,25,18,222,70,22),(713,25,18,222,126,30),(714,25,18,222,39,39),(715,25,18,222,76,6),(716,25,18,223,23,7),(717,25,18,223,140,14),(718,25,18,223,75,23),(719,25,18,223,136,31),(720,25,18,223,132,40),(721,26,19,1,56,1),(722,26,19,1,63,10),(723,26,19,1,62,19),(724,26,19,1,118,28),(725,26,19,1,75,37),(726,26,19,1,103,2),(727,26,19,2,32,3),(728,26,19,2,7,11),(729,26,19,2,115,20),(730,26,19,2,5,29),(731,26,19,2,98,38),(732,26,19,2,121,4),(733,26,19,17,26,5),(734,26,19,17,55,12),(735,26,19,17,108,21),(736,26,19,17,57,30),(737,26,19,17,70,39),(738,25,19,261,135,8),(739,25,19,261,75,15),(740,25,19,261,104,24),(741,25,19,261,88,32),(742,25,19,261,136,41),(743,26,19,262,32,6),(744,26,19,262,49,13),(745,26,19,262,9,22),(746,26,19,262,66,31),(747,26,19,262,126,40),(748,26,19,262,13,7),(749,26,19,263,115,8),(750,26,19,263,103,14),(751,26,19,263,120,23),(752,26,19,263,106,32),(753,26,19,263,40,41),(754,26,19,263,55,9),(755,26,19,263,5,15),(756,27,19,264,99,1),(757,27,19,264,120,10),(758,27,19,264,137,19),(759,27,19,264,73,28),(760,27,19,264,98,37),(761,27,20,1,104,2),(762,27,20,1,40,11),(763,27,20,1,62,20),(764,27,20,1,123,29),(765,27,20,1,10,38),(766,27,20,1,50,3),(767,27,20,2,50,4),(768,27,20,2,74,12),(769,27,20,2,104,21),(770,27,20,2,6,30),(771,27,20,2,49,39),(772,27,20,2,139,5),(773,27,20,17,99,6),(774,27,20,17,128,13),(775,27,20,17,14,22),(776,27,20,17,44,31),(777,27,20,17,55,40),(778,27,20,261,42,7),(779,27,20,261,134,14),(780,27,20,261,25,23),(781,27,20,261,78,32),(782,27,20,261,16,41),(783,28,20,262,79,1),(784,28,20,262,32,10),(785,28,20,262,57,19),(786,28,20,262,84,28),(787,28,20,262,14,37),(788,28,20,262,102,2),(789,28,20,263,51,3),(790,28,20,263,96,11),(791,28,20,263,109,20),(792,28,20,263,75,29),(793,28,20,263,32,38),(794,28,20,263,67,4),(795,28,20,263,131,12),(796,28,20,264,76,5),(797,28,20,264,130,13),(798,28,20,264,61,21),(799,28,20,264,119,30),(800,28,20,264,82,39),(801,28,21,1,108,6),(802,28,21,1,45,14),(803,28,21,1,132,22),(804,28,21,1,104,31),(805,28,21,1,139,40),(806,28,21,1,48,7),(807,28,21,2,51,8),(808,28,21,2,79,15),(809,28,21,2,117,23),(810,28,21,2,23,32),(811,28,21,2,41,41),(812,28,21,2,10,9),(813,29,21,17,26,1),(814,29,21,17,3,10),(815,29,21,17,84,19),(816,29,21,17,103,28),(817,29,21,17,21,37),(818,29,21,261,49,2),(819,29,21,261,126,11),(820,29,21,261,87,20),(821,29,21,261,97,29),(822,29,21,261,87,38),(823,29,21,262,55,3),(824,29,21,262,73,12),(825,29,21,262,12,21),(826,29,21,262,130,30),(827,29,21,262,20,39),(828,29,21,262,55,4),(829,29,21,263,77,5),(830,29,21,263,1,13),(831,29,21,263,130,22),(832,29,21,263,24,31),(833,29,21,263,89,40),(834,29,21,263,103,6),(835,29,21,263,17,14),(836,29,21,264,43,7),(837,29,21,264,124,15),(838,29,21,264,66,23),(839,29,21,264,62,32),(840,29,21,264,51,41),(841,30,22,1,11,1),(842,30,22,1,43,10),(843,30,22,1,50,19),(844,30,22,1,66,28),(845,30,22,1,93,37),(846,30,22,1,122,2),(847,30,22,1,129,11),(848,30,22,2,88,3),(849,30,22,2,81,12),(850,30,22,2,45,20),(851,30,22,2,88,29),(852,30,22,2,78,38),(853,30,22,2,128,4),(854,30,22,2,84,13),(855,30,22,2,91,21),(856,30,22,107,119,5),(857,30,22,107,128,14),(858,30,22,107,61,22),(859,30,22,107,41,30),(860,30,22,107,116,39),(861,30,22,108,121,6),(862,30,22,108,57,15),(863,30,22,108,132,23),(864,30,22,108,130,31),(865,30,22,108,91,40),(866,30,22,109,138,7),(867,30,22,109,29,16),(868,30,22,109,129,24),(869,30,22,109,75,32),(870,30,22,109,50,41),(871,31,22,300,86,1),(872,31,22,300,94,10),(873,31,22,300,76,19),(874,31,22,300,7,28),(875,31,22,300,22,37),(876,31,22,301,42,2),(877,31,22,301,104,11),(878,31,22,301,90,20),(879,31,22,301,46,29),(880,31,22,301,104,38),(881,31,23,1,63,3),(882,31,23,1,122,12),(883,31,23,1,130,21),(884,31,23,1,18,30),(885,31,23,1,108,39),(886,31,23,1,4,4),(887,31,23,1,107,13),(888,31,23,2,5,5),(889,31,23,2,86,14),(890,31,23,2,119,22),(891,31,23,2,10,31),(892,31,23,2,107,40),(893,31,23,2,58,6),(894,31,23,2,122,15),(895,31,23,2,45,23),(896,31,23,107,34,7),(897,31,23,107,4,16),(898,31,23,107,17,24),(899,31,23,107,24,32),(900,31,23,107,90,41),(901,32,23,108,19,1),(902,32,23,108,9,10),(903,32,23,108,135,19),(904,32,23,108,46,28),(905,32,23,108,2,37),(906,32,23,109,90,2),(907,32,23,109,124,11),(908,32,23,109,68,20),(909,32,23,109,33,29),(910,32,23,109,61,38),(911,32,23,300,85,3),(912,32,23,300,60,12),(913,32,23,300,123,21),(914,32,23,300,55,30),(915,32,23,300,93,39),(916,32,23,301,68,4),(917,32,23,301,93,13),(918,32,23,301,128,22),(919,32,23,301,83,31),(920,32,23,301,128,40),(921,32,24,1,137,5),(922,32,24,1,136,14),(923,32,24,1,52,23),(924,32,24,1,137,32),(925,32,24,1,30,41),(926,32,24,1,79,6),(927,32,24,1,58,15),(928,33,24,2,33,1),(929,33,24,2,11,10),(930,33,24,2,29,19),(931,33,24,2,111,28),(932,33,24,2,123,37),(933,33,24,2,67,2),(934,33,24,2,140,11),(935,33,24,2,138,20),(936,33,24,107,126,3),(937,33,24,107,127,12),(938,33,24,107,63,21),(939,33,24,107,96,29),(940,33,24,107,68,38),(941,33,24,108,93,4),(942,33,24,108,62,13),(943,33,24,108,137,22),(944,33,24,108,19,30),(945,33,24,108,30,39),(946,33,24,109,42,5),(947,33,24,109,95,14),(948,33,24,109,81,23),(949,33,24,109,103,31),(950,33,24,109,78,40),(951,33,24,300,57,6),(952,33,24,300,26,15),(953,33,24,300,117,24),(954,33,24,300,107,32),(955,33,24,300,84,41),(956,34,24,301,127,1),(957,34,24,301,17,10),(958,34,24,301,136,19),(959,34,24,301,129,28),(960,34,24,301,72,37),(961,34,25,1,28,2),(962,34,25,1,18,11),(963,34,25,1,59,20),(964,34,25,1,28,29),(965,34,25,1,83,38),(966,34,25,1,77,3),(967,34,25,2,52,4),(968,34,25,2,77,12),(969,34,25,2,33,21),(970,34,25,2,112,30),(971,34,25,2,73,39),(972,34,25,2,124,5),(973,34,25,2,102,13),(974,34,25,2,77,22),(975,34,25,2,78,31),(976,34,25,3,1,6),(977,34,25,3,43,14),(978,34,25,3,136,23),(979,34,25,3,50,32),(980,34,25,3,80,40),(981,34,25,222,81,7),(982,34,25,222,4,15),(983,34,25,222,26,24),(984,34,25,222,44,33),(985,34,25,222,47,41),(986,35,25,334,22,1),(987,35,25,334,72,10),(988,35,25,334,32,19),(989,35,25,334,100,28),(990,35,25,334,87,37),(991,35,25,335,95,2),(992,35,25,335,75,11),(993,35,25,335,13,20),(994,35,25,335,108,29),(995,35,25,335,53,38),(996,35,25,336,69,3),(997,35,25,336,124,12),(998,35,25,336,101,21),(999,35,25,336,64,30),(1000,35,25,336,135,39),(1001,35,26,1,38,4),(1002,35,26,1,73,13),(1003,35,26,1,30,22),(1004,35,26,1,105,31),(1005,35,26,1,23,40),(1006,35,26,1,12,5),(1007,35,26,2,80,6),(1008,35,26,2,27,14),(1009,35,26,2,42,23),(1010,35,26,2,55,32),(1011,35,26,2,26,41),(1012,35,26,2,49,7),(1013,35,26,2,135,15),(1014,35,26,2,103,24),(1015,35,26,2,15,33),(1016,36,26,3,128,1),(1017,36,26,3,108,10),(1018,36,26,3,66,19),(1019,36,26,3,113,28),(1020,36,26,3,13,37),(1021,36,26,222,76,2),(1022,36,26,222,109,11),(1023,36,26,222,65,20),(1024,36,26,222,45,29),(1025,36,26,222,111,38),(1026,36,26,334,94,3),(1027,36,26,334,1,12),(1028,36,26,334,120,21),(1029,36,26,334,37,30),(1030,36,26,334,86,39),(1031,36,26,335,54,4),(1032,36,26,335,140,13),(1033,36,26,335,1,22),(1034,36,26,335,86,31),(1035,36,26,335,130,40),(1036,36,26,336,57,5),(1037,36,26,336,18,14),(1038,36,26,336,87,23),(1039,36,26,336,93,32),(1040,36,26,336,140,41),(1041,37,27,1,23,1),(1042,37,27,1,15,10),(1043,37,27,1,69,19),(1044,37,27,1,67,28),(1045,37,27,1,116,37),(1046,37,27,1,115,2),(1047,37,27,2,125,3),(1048,37,27,2,23,11),(1049,37,27,2,135,20),(1050,37,27,2,99,29),(1051,37,27,2,56,38),(1052,37,27,2,21,4),(1053,37,27,2,21,12),(1054,37,27,2,96,21),(1055,37,27,2,98,30),(1056,36,27,3,15,6),(1057,36,27,3,25,15),(1058,36,27,3,29,24),(1059,36,27,3,46,33),(1060,36,27,3,43,42),(1061,37,27,222,9,5),(1062,37,27,222,129,13),(1063,37,27,222,103,22),(1064,37,27,222,21,31),(1065,37,27,222,12,39),(1066,37,27,334,94,6),(1067,37,27,334,59,14),(1068,37,27,334,47,23),(1069,37,27,334,82,32),(1070,37,27,334,85,40),(1071,37,27,335,120,7),(1072,37,27,335,42,15),(1073,37,27,335,115,24),(1074,37,27,335,4,33),(1075,37,27,335,8,41),(1076,38,27,336,14,1),(1077,38,27,336,104,10),(1078,38,27,336,130,19),(1079,38,27,336,10,28),(1080,38,27,336,69,37),(1081,38,28,1,45,2),(1082,38,28,1,45,11),(1083,38,28,1,24,20),(1084,38,28,1,113,29),(1085,38,28,1,17,38),(1086,38,28,1,56,3),(1087,38,28,1,108,12),(1088,38,28,1,139,21),(1089,38,28,2,134,4),(1090,38,28,2,134,13),(1091,38,28,2,13,22),(1092,38,28,2,1,30),(1093,38,28,2,77,39),(1094,38,28,2,34,5),(1095,38,28,106,11,6),(1096,38,28,106,124,14),(1097,38,28,106,89,23),(1098,38,28,106,52,31),(1099,38,28,106,38,40),(1100,38,28,335,91,7),(1101,38,28,335,72,15),(1102,38,28,335,74,24),(1103,38,28,335,56,32),(1104,38,28,335,28,41),(1105,39,28,366,107,1),(1106,39,28,366,77,10),(1107,39,28,366,17,19),(1108,39,28,366,15,28),(1109,39,28,366,52,37),(1110,39,28,366,25,2),(1111,39,28,367,39,3),(1112,39,28,367,41,11),(1113,39,28,367,21,20),(1114,39,28,367,95,29),(1115,39,28,367,137,38),(1116,39,28,368,89,4),(1117,39,28,368,113,12),(1118,39,28,368,129,21),(1119,39,28,368,108,30),(1120,39,28,368,14,39),(1121,39,29,1,133,5),(1122,39,29,1,131,13),(1123,39,29,1,64,22),(1124,39,29,1,56,31),(1125,39,29,1,100,40),(1126,39,29,1,42,6),(1127,39,29,1,53,14),(1128,39,29,1,13,23),(1129,39,29,2,77,7),(1130,39,29,2,108,15),(1131,39,29,2,65,24),(1132,39,29,2,29,32),(1133,39,29,2,127,41),(1134,39,29,2,38,8),(1135,40,29,106,28,1),(1136,40,29,106,110,10),(1137,40,29,106,35,19),(1138,40,29,106,63,28),(1139,40,29,106,55,37),(1140,40,29,335,51,2),(1141,40,29,335,67,11),(1142,40,29,335,63,20),(1143,40,29,335,65,29),(1144,40,29,335,51,38),(1145,40,29,366,4,3),(1146,40,29,366,136,12),(1147,40,29,366,14,21),(1148,40,29,366,24,30),(1149,40,29,366,92,39),(1150,40,29,366,95,4),(1151,40,29,367,115,5),(1152,40,29,367,16,13),(1153,40,29,367,25,22),(1154,40,29,367,12,31),(1155,40,29,367,4,40),(1156,40,29,368,97,6),(1157,40,29,368,33,14),(1158,40,29,368,137,23),(1159,40,29,368,123,32),(1160,40,29,368,122,41),(1161,41,30,1,10,1),(1162,41,30,1,23,10),(1163,41,30,1,65,19),(1164,41,30,1,29,28),(1165,41,30,1,134,37),(1166,41,30,1,2,2),(1167,41,30,1,66,11),(1168,41,30,1,7,20),(1169,41,30,2,110,3),(1170,41,30,2,44,12),(1171,41,30,2,60,21),(1172,41,30,2,120,29),(1173,41,30,2,95,38),(1174,41,30,2,108,4),(1175,41,30,106,109,5),(1176,41,30,106,7,13),(1177,41,30,106,93,22),(1178,41,30,106,120,30),(1179,41,30,106,61,39),(1180,41,30,335,8,6),(1181,41,30,335,78,14),(1182,41,30,335,58,23),(1183,41,30,335,32,31),(1184,41,30,335,44,40),(1185,41,30,366,20,7),(1186,41,30,366,59,15),(1187,41,30,366,100,24),(1188,41,30,366,124,32),(1189,41,30,366,46,41),(1190,41,30,366,25,8),(1191,42,30,367,140,1),(1192,42,30,367,59,10),(1193,42,30,367,118,19),(1194,42,30,367,1,28),(1195,42,30,367,62,37),(1196,42,30,368,14,2),(1197,42,30,368,99,11),(1198,42,30,368,11,20),(1199,42,30,368,81,29),(1200,42,30,368,50,38),(1201,2,31,8,125,1),(1202,2,31,8,71,10),(1203,2,31,8,99,19),(1204,2,31,8,54,28),(1205,2,31,8,66,37),(1206,2,31,8,44,2),(1207,2,31,8,20,11),(1208,2,31,8,136,20),(1209,2,31,8,17,29),(1210,2,31,8,10,38),(1211,37,31,9,1,1),(1212,37,31,9,19,10),(1213,37,31,9,27,19),(1214,37,31,9,30,28),(1215,37,31,9,15,37),(1216,6,31,10,64,1),(1217,6,31,10,137,10),(1218,6,31,10,122,19),(1219,6,31,10,91,28),(1220,6,31,10,79,37),(1221,11,31,11,102,1),(1222,11,31,11,136,10),(1223,11,31,11,12,19),(1224,11,31,11,41,28),(1225,11,31,11,76,37),(1226,4,31,12,67,1),(1227,4,31,12,12,10),(1228,4,31,12,64,19),(1229,4,31,12,126,28),(1230,4,31,12,16,37),(1231,23,31,13,135,1),(1232,23,31,13,28,10),(1233,23,31,13,82,19),(1234,23,31,13,72,28),(1235,23,31,13,42,37),(1236,23,31,14,66,2),(1237,23,31,14,92,11),(1238,23,31,14,37,20),(1239,23,31,14,3,29),(1240,23,31,14,109,38),(1241,2,32,8,1,3),(1242,2,32,8,15,12),(1243,2,32,8,68,21),(1244,2,32,8,140,30),(1245,2,32,8,26,39),(1246,2,32,8,18,4),(1247,2,32,8,9,13),(1248,2,32,8,2,22),(1249,2,32,8,94,31),(1250,2,32,8,119,40),(1251,37,32,9,78,2),(1252,37,32,9,102,11),(1253,37,32,9,17,20),(1254,37,32,9,44,29),(1255,37,32,9,22,38),(1256,6,32,10,97,2),(1257,6,32,10,58,11),(1258,6,32,10,112,20),(1259,6,32,10,50,29),(1260,6,32,10,92,38),(1261,11,32,11,130,2),(1262,11,32,11,97,11),(1263,11,32,11,4,20),(1264,11,32,11,126,29),(1265,11,32,11,80,38),(1266,4,32,12,4,2),(1267,4,32,12,109,11),(1268,4,32,12,53,20),(1269,4,32,12,63,29),(1270,4,32,12,91,38),(1271,23,32,13,125,3),(1272,23,32,13,23,12),(1273,23,32,13,136,21),(1274,23,32,13,101,30),(1275,23,32,13,45,39),(1276,23,32,14,93,4),(1277,23,32,14,94,13),(1278,23,32,14,86,22),(1279,23,32,14,27,31),(1280,23,32,14,140,40),(1281,2,33,8,111,5),(1282,2,33,8,96,14),(1283,2,33,8,51,23),(1284,2,33,8,34,32),(1285,2,33,8,33,41),(1286,2,33,8,58,6),(1287,2,33,8,73,15),(1288,2,33,8,3,24),(1289,2,33,8,80,33),(1290,2,33,8,72,42),(1291,37,33,9,114,3),(1292,37,33,9,20,12),(1293,37,33,9,138,21),(1294,37,33,9,50,30),(1295,37,33,9,18,39),(1296,6,33,10,47,3),(1297,6,33,10,80,12),(1298,6,33,10,7,21),(1299,6,33,10,5,30),(1300,6,33,10,42,39),(1301,11,33,11,140,3),(1302,11,33,11,122,12),(1303,11,33,11,67,21),(1304,11,33,11,110,30),(1305,11,33,11,27,39),(1306,4,33,12,85,3),(1307,4,33,12,35,12),(1308,4,33,12,41,21),(1309,4,33,12,70,30),(1310,4,33,12,75,39),(1311,23,33,13,80,5),(1312,23,33,13,90,14),(1313,23,33,13,106,23),(1314,23,33,13,68,32),(1315,23,33,13,113,41),(1316,23,33,14,69,6),(1317,23,33,14,57,15),(1318,23,33,14,83,24),(1319,23,33,14,110,33),(1320,23,33,14,9,42),(1321,14,34,8,83,1),(1322,14,34,8,63,10),(1323,14,34,8,57,19),(1324,14,34,8,138,28),(1325,14,34,8,13,37),(1326,14,34,8,34,2),(1327,14,34,8,3,11),(1328,37,34,9,101,4),(1329,37,34,9,104,13),(1330,37,34,9,130,22),(1331,37,34,9,125,31),(1332,37,34,9,17,40),(1333,37,34,9,24,5),(1334,24,34,67,94,1),(1335,24,34,67,129,10),(1336,24,34,67,11,19),(1337,24,34,67,140,28),(1338,24,34,67,53,37),(1339,24,34,67,85,2),(1340,20,34,68,88,1),(1341,20,34,68,15,10),(1342,20,34,68,100,19),(1343,20,34,68,50,28),(1344,20,34,68,87,37),(1345,17,34,69,124,1),(1346,17,34,69,62,10),(1347,17,34,69,6,19),(1348,17,34,69,52,28),(1349,17,34,69,1,37),(1350,21,34,70,103,1),(1351,21,34,70,49,10),(1352,21,34,70,16,19),(1353,21,34,70,82,28),(1354,21,34,70,51,37),(1355,21,34,70,16,2),(1356,39,34,71,128,1),(1357,39,34,71,113,10),(1358,39,34,71,68,19),(1359,39,34,71,112,28),(1360,39,34,71,39,37),(1361,14,35,8,86,3),(1362,14,35,8,126,12),(1363,14,35,8,64,20),(1364,14,35,8,118,29),(1365,14,35,8,125,38),(1366,14,35,8,49,4),(1367,14,35,8,54,13),(1368,37,35,9,45,6),(1369,37,35,9,99,14),(1370,37,35,9,134,23),(1371,37,35,9,14,32),(1372,37,35,9,23,41),(1373,37,35,9,5,7),(1374,24,35,67,96,3),(1375,24,35,67,6,11),(1376,24,35,67,86,20),(1377,24,35,67,130,29),(1378,24,35,67,44,38),(1379,24,35,67,90,4),(1380,20,35,68,49,2),(1381,20,35,68,64,11),(1382,20,35,68,135,20),(1383,20,35,68,69,29),(1384,20,35,68,103,38),(1385,17,35,69,123,2),(1386,17,35,69,114,11),(1387,17,35,69,44,20),(1388,17,35,69,8,29),(1389,17,35,69,57,38),(1390,21,35,70,109,3),(1391,21,35,70,12,11),(1392,21,35,70,117,20),(1393,21,35,70,95,29),(1394,21,35,70,107,38),(1395,21,35,70,94,4),(1396,39,35,71,37,2),(1397,39,35,71,57,11),(1398,39,35,71,5,20),(1399,39,35,71,97,29),(1400,39,35,71,124,38),(1401,14,36,8,119,5),(1402,14,36,8,101,14),(1403,14,36,8,110,21),(1404,14,36,8,33,30),(1405,14,36,8,137,39),(1406,14,36,8,30,6),(1407,14,36,8,36,15),(1408,36,36,9,9,1),(1409,36,36,9,60,10),(1410,36,36,9,101,19),(1411,36,36,9,44,28),(1412,36,36,9,130,37),(1413,36,36,9,84,2),(1414,24,36,67,115,5),(1415,24,36,67,39,12),(1416,24,36,67,82,21),(1417,24,36,67,132,30),(1418,24,36,67,6,39),(1419,24,36,67,86,6),(1420,20,36,68,76,3),(1421,20,36,68,34,12),(1422,20,36,68,44,21),(1423,20,36,68,83,30),(1424,20,36,68,90,39),(1425,17,36,69,37,3),(1426,17,36,69,84,12),(1427,17,36,69,127,21),(1428,17,36,69,25,30),(1429,17,36,69,28,39),(1430,21,36,70,53,5),(1431,21,36,70,113,12),(1432,21,36,70,71,21),(1433,21,36,70,112,30),(1434,21,36,70,58,39),(1435,21,36,70,100,6),(1436,39,36,71,133,3),(1437,39,36,71,33,12),(1438,39,36,71,37,21),(1439,39,36,71,116,30),(1440,39,36,71,96,39),(1441,14,37,8,124,7),(1442,14,37,8,29,16),(1443,14,37,8,48,22),(1444,14,37,8,65,31),(1445,14,37,8,96,40),(1446,14,37,8,19,8),(1447,36,37,9,34,3),(1448,36,37,9,13,11),(1449,36,37,9,34,20),(1450,36,37,9,4,29),(1451,36,37,9,68,38),(1452,36,37,9,104,4),(1453,36,37,9,49,12),(1454,36,37,9,111,21),(1455,6,37,10,129,4),(1456,6,37,10,96,13),(1457,6,37,10,40,22),(1458,6,37,10,68,31),(1459,6,37,10,124,40),(1460,19,37,110,44,1),(1461,19,37,110,76,10),(1462,19,37,110,127,19),(1463,19,37,110,10,28),(1464,19,37,110,81,37),(1465,28,37,111,59,1),(1466,28,37,111,14,10),(1467,28,37,111,43,19),(1468,28,37,111,135,28),(1469,28,37,111,40,37),(1470,11,37,112,44,4),(1471,11,37,112,43,13),(1472,11,37,112,53,22),(1473,11,37,112,96,31),(1474,11,37,112,77,40),(1475,8,37,113,100,1),(1476,8,37,113,116,10),(1477,8,37,113,78,19),(1478,8,37,113,67,28),(1479,8,37,113,41,37),(1480,8,37,113,75,2),(1481,11,38,8,126,5),(1482,11,38,8,107,14),(1483,11,38,8,133,23),(1484,11,38,8,118,32),(1485,11,38,8,80,41),(1486,11,38,8,32,6),(1487,36,38,9,137,5),(1488,36,38,9,61,13),(1489,36,38,9,49,22),(1490,36,38,9,130,30),(1491,36,38,9,124,39),(1492,36,38,9,51,6),(1493,36,38,9,131,14),(1494,36,38,9,22,23),(1495,6,38,10,125,5),(1496,6,38,10,89,14),(1497,6,38,10,23,23),(1498,6,38,10,125,32),(1499,6,38,10,84,41),(1500,19,38,110,5,2),(1501,19,38,110,54,11),(1502,19,38,110,92,20),(1503,19,38,110,106,29),(1504,19,38,110,6,38),(1505,28,38,111,103,2),(1506,28,38,111,40,11),(1507,28,38,111,140,20),(1508,28,38,111,96,29),(1509,28,38,111,100,38),(1510,6,38,112,89,6),(1511,6,38,112,6,15),(1512,6,38,112,127,24),(1513,6,38,112,50,33),(1514,6,38,112,86,42),(1515,8,38,113,51,3),(1516,8,38,113,112,11),(1517,8,38,113,45,20),(1518,8,38,113,34,29),(1519,8,38,113,4,38),(1520,8,38,113,16,4),(1521,24,39,8,75,7),(1522,24,39,8,23,13),(1523,24,39,8,8,22),(1524,24,39,8,135,31),(1525,24,39,8,14,40),(1526,24,39,8,105,8),(1527,36,39,9,120,7),(1528,36,39,9,72,15),(1529,36,39,9,112,24),(1530,36,39,9,137,31),(1531,36,39,9,88,40),(1532,36,39,9,53,8),(1533,36,39,9,133,16),(1534,36,39,9,109,25),(1535,22,39,10,117,1),(1536,22,39,10,101,10),(1537,22,39,10,121,19),(1538,22,39,10,89,28),(1539,22,39,10,90,37),(1540,18,39,110,22,1),(1541,18,39,110,72,10),(1542,18,39,110,52,19),(1543,18,39,110,36,28),(1544,18,39,110,9,37),(1545,28,39,111,20,3),(1546,28,39,111,95,12),(1547,28,39,111,137,21),(1548,28,39,111,24,30),(1549,28,39,111,132,39),(1550,26,39,112,82,1),(1551,26,39,112,107,10),(1552,26,39,112,133,19),(1553,26,39,112,37,28),(1554,26,39,112,88,37),(1555,8,39,113,54,5),(1556,8,39,113,82,12),(1557,8,39,113,54,21),(1558,8,39,113,133,30),(1559,8,39,113,34,39),(1560,8,39,113,33,6),(1561,5,40,8,115,1),(1562,5,40,8,42,10),(1563,5,40,8,137,19),(1564,5,40,8,83,28),(1565,5,40,8,23,37),(1566,5,40,8,122,2),(1567,5,40,8,96,11),(1568,5,40,8,76,20),(1569,5,40,8,121,29),(1570,15,40,9,122,1),(1571,15,40,9,120,10),(1572,15,40,9,56,19),(1573,15,40,9,24,28),(1574,15,40,9,18,37),(1575,15,40,9,53,2),(1576,15,40,9,23,11),(1577,20,40,110,113,4),(1578,20,40,110,62,13),(1579,20,40,110,93,22),(1580,20,40,110,87,31),(1581,20,40,110,61,40),(1582,20,40,110,102,5),(1583,24,40,149,109,9),(1584,24,40,149,16,14),(1585,24,40,149,66,23),(1586,24,40,149,35,32),(1587,24,40,149,107,41),(1588,24,40,149,106,15),(1589,31,40,150,47,1),(1590,31,40,150,29,10),(1591,31,40,150,48,19),(1592,31,40,150,45,28),(1593,31,40,150,31,37),(1594,31,40,150,62,2),(1595,18,40,151,10,2),(1596,18,40,151,128,11),(1597,18,40,151,95,20),(1598,18,40,151,29,29),(1599,18,40,151,65,38),(1600,18,40,151,12,3),(1601,5,41,8,90,3),(1602,5,41,8,46,12),(1603,5,41,8,140,21),(1604,5,41,8,22,30),(1605,5,41,8,86,38),(1606,5,41,8,51,4),(1607,5,41,8,112,13),(1608,5,41,8,33,22),(1609,5,41,8,85,31),(1610,15,41,9,108,3),(1611,15,41,9,9,12),(1612,15,41,9,70,20),(1613,15,41,9,25,29),(1614,15,41,9,90,38),(1615,15,41,9,23,4),(1616,15,41,9,41,13),(1617,19,41,110,124,3),(1618,19,41,110,101,12),(1619,19,41,110,16,21),(1620,19,41,110,120,30),(1621,19,41,110,129,39),(1622,19,41,110,7,4),(1623,41,41,149,57,1),(1624,41,41,149,8,10),(1625,41,41,149,107,19),(1626,41,41,149,66,28),(1627,41,41,149,61,37),(1628,41,41,149,35,2),(1629,31,41,150,89,3),(1630,31,41,150,79,11),(1631,31,41,150,1,20),(1632,31,41,150,134,29),(1633,31,41,150,2,38),(1634,31,41,150,74,4),(1635,18,41,151,45,4),(1636,18,41,151,123,12),(1637,18,41,151,75,21),(1638,18,41,151,108,30),(1639,18,41,151,53,39),(1640,18,41,151,83,5),(1641,5,42,8,74,5),(1642,5,42,8,115,14),(1643,5,42,8,38,23),(1644,5,42,8,103,32),(1645,5,42,8,100,39),(1646,5,42,8,94,6),(1647,5,42,8,110,15),(1648,5,42,8,121,24),(1649,5,42,8,57,33),(1650,15,42,9,41,5),(1651,15,42,9,15,14),(1652,15,42,9,19,21),(1653,15,42,9,80,30),(1654,15,42,9,83,39),(1655,15,42,9,12,6),(1656,15,42,9,17,15),(1657,20,42,110,24,6),(1658,20,42,110,44,14),(1659,20,42,110,44,23),(1660,20,42,110,8,32),(1661,20,42,110,140,41),(1662,20,42,110,59,7),(1663,41,42,149,10,3),(1664,41,42,149,82,11),(1665,41,42,149,52,20),(1666,41,42,149,47,29),(1667,41,42,149,73,38),(1668,41,42,149,71,4),(1669,31,42,150,106,5),(1670,31,42,150,32,12),(1671,31,42,150,117,21),(1672,31,42,150,4,30),(1673,31,42,150,9,39),(1674,31,42,150,20,6),(1675,18,42,151,88,6),(1676,18,42,151,115,13),(1677,18,42,151,96,22),(1678,18,42,151,35,31),(1679,18,42,151,19,40),(1680,18,42,151,98,7),(1681,39,43,8,102,4),(1682,39,43,8,127,13),(1683,39,43,8,140,22),(1684,39,43,8,69,31),(1685,39,43,8,1,40),(1686,39,43,8,93,5),(1687,15,43,9,8,7),(1688,15,43,9,126,16),(1689,15,43,9,78,22),(1690,15,43,9,108,31),(1691,15,43,9,58,40),(1692,15,43,9,68,8),(1693,15,43,9,44,17),(1694,15,43,9,20,23),(1695,38,43,153,132,1),(1696,38,43,153,21,10),(1697,38,43,153,13,19),(1698,38,43,153,46,28),(1699,38,43,153,26,37),(1700,35,43,181,2,1),(1701,35,43,181,38,10),(1702,35,43,181,20,19),(1703,35,43,181,86,28),(1704,35,43,181,135,37),(1705,40,43,182,130,1),(1706,40,43,182,118,10),(1707,40,43,182,93,19),(1708,40,43,182,12,28),(1709,40,43,182,123,37),(1710,40,43,182,117,2),(1711,38,43,183,24,2),(1712,38,43,183,47,11),(1713,38,43,183,88,20),(1714,38,43,183,81,29),(1715,38,43,183,16,38),(1716,21,43,184,135,7),(1717,21,43,184,64,13),(1718,21,43,184,25,22),(1719,21,43,184,139,31),(1720,21,43,184,5,40),(1721,39,44,8,28,6),(1722,39,44,8,82,14),(1723,39,44,8,76,23),(1724,39,44,8,44,32),(1725,39,44,8,92,41),(1726,39,44,8,95,7),(1727,4,44,9,38,4),(1728,4,44,9,3,13),(1729,4,44,9,120,22),(1730,4,44,9,2,31),(1731,4,44,9,20,40),(1732,4,44,9,72,5),(1733,4,44,9,140,14),(1734,4,44,9,42,23),(1735,38,44,153,21,3),(1736,38,44,153,10,12),(1737,38,44,153,2,21),(1738,38,44,153,105,30),(1739,38,44,153,120,39),(1740,35,44,181,110,2),(1741,35,44,181,103,11),(1742,35,44,181,19,20),(1743,35,44,181,21,29),(1744,35,44,181,49,38),(1745,40,44,182,25,3),(1746,40,44,182,117,11),(1747,40,44,182,3,20),(1748,40,44,182,60,29),(1749,40,44,182,101,38),(1750,40,44,182,37,4),(1751,38,44,183,56,4),(1752,38,44,183,101,13),(1753,38,44,183,91,22),(1754,38,44,183,136,31),(1755,38,44,183,27,40),(1756,21,44,184,138,8),(1757,21,44,184,68,14),(1758,21,44,184,5,23),(1759,21,44,184,111,32),(1760,21,44,184,22,41),(1761,27,45,8,32,1),(1762,27,45,8,53,10),(1763,27,45,8,109,19),(1764,27,45,8,113,28),(1765,27,45,8,47,37),(1766,27,45,8,27,2),(1767,12,45,9,136,1),(1768,12,45,9,131,10),(1769,12,45,9,19,19),(1770,12,45,9,57,28),(1771,12,45,9,17,37),(1772,12,45,9,100,2),(1773,12,45,9,99,11),(1774,12,45,9,15,20),(1775,38,45,153,92,5),(1776,38,45,153,29,14),(1777,38,45,153,135,23),(1778,38,45,153,137,32),(1779,38,45,153,104,41),(1780,35,45,181,60,3),(1781,35,45,181,44,12),(1782,35,45,181,38,21),(1783,35,45,181,65,30),(1784,35,45,181,86,39),(1785,40,45,182,2,5),(1786,40,45,182,97,12),(1787,40,45,182,86,21),(1788,40,45,182,135,30),(1789,40,45,182,19,39),(1790,40,45,182,3,6),(1791,38,45,183,139,6),(1792,38,45,183,21,15),(1793,38,45,183,45,24),(1794,38,45,183,18,33),(1795,38,45,183,48,42),(1796,26,45,184,76,2),(1797,26,45,184,9,11),(1798,26,45,184,9,20),(1799,26,45,184,51,29),(1800,26,45,184,66,38),(1801,27,46,8,126,3),(1802,27,46,8,119,11),(1803,27,46,8,83,20),(1804,27,46,8,112,29),(1805,27,46,8,47,38),(1806,12,46,9,99,3),(1807,12,46,9,42,12),(1808,12,46,9,48,21),(1809,12,46,9,84,29),(1810,12,46,9,85,38),(1811,40,46,224,57,7),(1812,40,46,224,102,13),(1813,40,46,224,118,22),(1814,40,46,224,73,31),(1815,40,46,224,126,40),(1816,40,46,224,72,8),(1817,35,46,225,40,4),(1818,35,46,225,91,13),(1819,35,46,225,124,22),(1820,35,46,225,10,31),(1821,35,46,225,105,40),(1822,35,46,225,65,5),(1823,35,46,225,59,14),(1824,35,46,225,137,23),(1825,25,46,226,10,1),(1826,25,46,226,43,10),(1827,25,46,226,3,19),(1828,25,46,226,76,28),(1829,25,46,226,58,37),(1830,25,46,226,107,2),(1831,27,46,227,116,4),(1832,27,46,227,124,12),(1833,27,46,227,72,21),(1834,27,46,227,15,30),(1835,27,46,227,31,39),(1836,32,46,228,78,1),(1837,32,46,228,32,10),(1838,32,46,228,136,19),(1839,32,46,228,31,28),(1840,32,46,228,68,37),(1841,27,47,8,101,5),(1842,27,47,8,49,13),(1843,27,47,8,90,22),(1844,27,47,8,21,31),(1845,27,47,8,95,40),(1846,12,47,9,13,4),(1847,12,47,9,109,13),(1848,12,47,9,56,22),(1849,12,47,9,91,30),(1850,12,47,9,136,39),(1851,40,47,224,43,9),(1852,40,47,224,37,14),(1853,40,47,224,7,23),(1854,40,47,224,54,32),(1855,40,47,224,1,41),(1856,40,47,224,121,15),(1857,8,47,225,47,7),(1858,8,47,225,15,13),(1859,8,47,225,71,22),(1860,8,47,225,16,31),(1861,8,47,225,53,40),(1862,8,47,225,15,8),(1863,8,47,225,91,14),(1864,8,47,225,89,23),(1865,25,47,226,121,3),(1866,25,47,226,74,11),(1867,25,47,226,124,20),(1868,25,47,226,49,29),(1869,25,47,226,77,38),(1870,25,47,226,26,4),(1871,27,47,227,133,6),(1872,27,47,227,70,14),(1873,27,47,227,126,23),(1874,27,47,227,120,32),(1875,27,47,227,61,41),(1876,32,47,228,65,2),(1877,32,47,228,56,11),(1878,32,47,228,121,20),(1879,32,47,228,48,29),(1880,32,47,228,136,38),(1881,35,48,8,6,6),(1882,35,48,8,100,15),(1883,35,48,8,6,24),(1884,35,48,8,88,32),(1885,35,48,8,134,41),(1886,12,48,9,43,5),(1887,12,48,9,103,14),(1888,12,48,9,55,23),(1889,12,48,9,67,31),(1890,12,48,9,103,40),(1891,13,48,224,116,1),(1892,13,48,224,123,10),(1893,13,48,224,96,19),(1894,13,48,224,129,28),(1895,13,48,224,59,37),(1896,13,48,224,52,2),(1897,16,48,225,65,1),(1898,16,48,225,109,10),(1899,16,48,225,37,19),(1900,16,48,225,56,28),(1901,16,48,225,140,37),(1902,16,48,225,59,2),(1903,16,48,225,127,11),(1904,16,48,225,113,20),(1905,25,48,226,36,5),(1906,25,48,226,67,12),(1907,25,48,226,5,21),(1908,25,48,226,103,30),(1909,25,48,226,117,39),(1910,25,48,226,136,6),(1911,28,48,227,48,4),(1912,28,48,227,99,13),(1913,28,48,227,98,22),(1914,28,48,227,38,31),(1915,28,48,227,137,40),(1916,32,48,228,52,3),(1917,32,48,228,50,12),(1918,32,48,228,52,21),(1919,32,48,228,63,30),(1920,32,48,228,104,39),(1921,10,49,8,50,1),(1922,10,49,8,134,10),(1923,10,49,8,116,19),(1924,10,49,8,132,28),(1925,10,49,8,12,37),(1926,10,49,8,45,2),(1927,10,49,8,49,11),(1928,10,49,8,50,20),(1929,12,49,9,140,6),(1930,12,49,9,12,15),(1931,12,49,9,86,24),(1932,12,49,9,82,32),(1933,12,49,9,35,41),(1934,12,49,9,44,7),(1935,18,49,110,83,8),(1936,18,49,110,95,14),(1937,18,49,110,45,23),(1938,18,49,110,85,32),(1939,18,49,110,132,41),(1940,18,49,110,24,9),(1941,17,49,147,29,4),(1942,17,49,147,63,13),(1943,17,49,147,125,22),(1944,17,49,147,78,31),(1945,17,49,147,121,40),(1946,3,49,265,60,1),(1947,3,49,265,122,10),(1948,3,49,265,79,19),(1949,3,49,265,99,28),(1950,3,49,265,29,37),(1951,4,49,266,42,6),(1952,4,49,266,118,15),(1953,4,49,266,91,24),(1954,4,49,266,135,32),(1955,4,49,266,38,41),(1956,25,49,267,38,7),(1957,25,49,267,76,13),(1958,25,49,267,112,22),(1959,25,49,267,23,31),(1960,25,49,267,41,40),(1961,10,50,8,11,3),(1962,10,50,8,41,12),(1963,10,50,8,4,21),(1964,10,50,8,82,29),(1965,10,50,8,110,38),(1966,10,50,8,17,4),(1967,10,50,8,48,13),(1968,10,50,8,122,22),(1969,30,50,9,68,1),(1970,30,50,9,96,10),(1971,30,50,9,92,19),(1972,30,50,9,51,28),(1973,30,50,9,80,37),(1974,30,50,9,15,2),(1975,19,50,110,140,5),(1976,19,50,110,56,13),(1977,19,50,110,76,22),(1978,19,50,110,1,31),(1979,19,50,110,125,40),(1980,19,50,110,23,6),(1981,17,50,147,79,5),(1982,17,50,147,93,14),(1983,17,50,147,15,23),(1984,17,50,147,42,32),(1985,17,50,147,114,41),(1986,3,50,265,77,2),(1987,3,50,265,68,11),(1988,3,50,265,57,20),(1989,3,50,265,20,29),(1990,3,50,265,40,38),(1991,28,50,266,94,5),(1992,28,50,266,85,14),(1993,28,50,266,114,23),(1994,28,50,266,117,32),(1995,28,50,266,76,41),(1996,25,50,267,62,8),(1997,25,50,267,39,14),(1998,25,50,267,82,23),(1999,25,50,267,128,32),(2000,25,50,267,137,41),(2001,10,51,8,86,5),(2002,10,51,8,119,14),(2003,10,51,8,122,23),(2004,10,51,8,59,30),(2005,10,51,8,40,39),(2006,10,51,8,114,6),(2007,10,51,8,104,15),(2008,10,51,8,49,24),(2009,30,51,9,131,3),(2010,30,51,9,137,11),(2011,30,51,9,94,20),(2012,30,51,9,139,29),(2013,30,51,9,50,38),(2014,30,51,9,126,4),(2015,19,51,110,22,7),(2016,19,51,110,73,14),(2017,19,51,110,59,23),(2018,19,51,110,136,32),(2019,19,51,110,34,41),(2020,19,51,110,65,8),(2021,17,51,147,16,6),(2022,17,51,147,40,15),(2023,17,51,147,89,24),(2024,17,51,147,106,33),(2025,17,51,147,95,42),(2026,3,51,265,43,3),(2027,3,51,265,120,12),(2028,3,51,265,128,21),(2029,3,51,265,16,30),(2030,3,51,265,109,39),(2031,28,51,266,2,6),(2032,28,51,266,96,15),(2033,28,51,266,8,24),(2034,28,51,266,131,33),(2035,28,51,266,52,42),(2036,42,51,267,86,1),(2037,42,51,267,65,10),(2038,42,51,267,130,19),(2039,42,51,267,53,28),(2040,42,51,267,5,37),(2041,10,52,8,28,7),(2042,10,52,8,4,16),(2043,10,52,8,16,25),(2044,10,52,8,25,31),(2045,10,52,8,86,40),(2046,30,52,9,22,5),(2047,30,52,9,7,12),(2048,30,52,9,130,21),(2049,30,52,9,45,30),(2050,30,52,9,1,39),(2051,34,52,110,109,1),(2052,34,52,110,126,10),(2053,34,52,110,40,19),(2054,34,52,110,25,28),(2055,34,52,110,72,37),(2056,34,52,110,90,2),(2057,16,52,111,50,3),(2058,16,52,111,128,12),(2059,16,52,111,55,21),(2060,16,52,111,99,29),(2061,16,52,111,64,38),(2062,16,52,111,97,4),(2063,26,52,112,129,3),(2064,26,52,112,86,12),(2065,26,52,112,125,21),(2066,26,52,112,139,30),(2067,26,52,112,135,39),(2068,26,52,112,107,4),(2069,22,52,302,94,2),(2070,22,52,302,28,11),(2071,22,52,302,81,20),(2072,22,52,302,62,29),(2073,22,52,302,41,38),(2074,22,52,302,9,3),(2075,16,52,303,15,5),(2076,16,52,303,107,13),(2077,16,52,303,115,22),(2078,16,52,303,64,30),(2079,16,52,303,139,39),(2080,16,52,303,131,6),(2081,13,53,8,115,3),(2082,13,53,8,131,11),(2083,13,53,8,68,20),(2084,13,53,8,94,29),(2085,13,53,8,70,38),(2086,30,53,9,92,6),(2087,30,53,9,60,13),(2088,30,53,9,133,22),(2089,30,53,9,17,31),(2090,30,53,9,36,40),(2091,34,53,110,40,3),(2092,34,53,110,101,11),(2093,34,53,110,89,20),(2094,34,53,110,110,29),(2095,34,53,110,79,38),(2096,34,53,110,65,4),(2097,16,53,111,19,7),(2098,16,53,111,86,14),(2099,16,53,111,68,23),(2100,16,53,111,82,31),(2101,16,53,111,80,40),(2102,16,53,111,116,8),(2103,26,53,112,11,5),(2104,26,53,112,132,13),(2105,26,53,112,121,22),(2106,26,53,112,70,31),(2107,26,53,112,30,40),(2108,26,53,112,18,6),(2109,22,53,302,62,4),(2110,22,53,302,24,12),(2111,22,53,302,85,21),(2112,22,53,302,73,30),(2113,22,53,302,55,39),(2114,22,53,302,66,5),(2115,41,53,303,20,5),(2116,41,53,303,110,12),(2117,41,53,303,78,21),(2118,41,53,303,125,30),(2119,41,53,303,103,39),(2120,41,53,303,81,6),(2121,13,54,8,81,4),(2122,13,54,8,2,12),(2123,13,54,8,42,21),(2124,13,54,8,134,30),(2125,13,54,8,56,39),(2126,30,54,9,134,7),(2127,30,54,9,8,14),(2128,30,54,9,30,23),(2129,30,54,9,48,32),(2130,30,54,9,45,41),(2131,34,54,110,29,5),(2132,34,54,110,74,12),(2133,34,54,110,28,21),(2134,34,54,110,97,30),(2135,34,54,110,87,39),(2136,34,54,110,97,6),(2137,22,54,111,71,6),(2138,22,54,111,13,13),(2139,22,54,111,99,22),(2140,22,54,111,50,31),(2141,22,54,111,131,40),(2142,22,54,111,49,7),(2143,26,54,112,88,7),(2144,26,54,112,54,14),(2145,26,54,112,125,23),(2146,26,54,112,33,32),(2147,26,54,112,67,41),(2148,26,54,112,114,8),(2149,22,54,302,16,8),(2150,22,54,302,10,14),(2151,22,54,302,78,23),(2152,22,54,302,23,32),(2153,22,54,302,43,41),(2154,22,54,302,46,9),(2155,41,54,303,24,7),(2156,41,54,303,46,13),(2157,41,54,303,132,22),(2158,41,54,303,54,31),(2159,41,54,303,82,40),(2160,41,54,303,120,8),(2161,13,55,8,123,5),(2162,13,55,8,33,13),(2163,13,55,8,104,22),(2164,13,55,8,11,31),(2165,13,55,8,71,40),(2166,13,55,8,112,6),(2167,13,55,8,58,14),(2168,1,55,9,35,1),(2169,1,55,9,103,10),(2170,1,55,9,89,19),(2171,1,55,9,1,28),(2172,1,55,9,126,37),(2173,1,55,9,32,2),(2174,33,55,227,75,1),(2175,33,55,227,55,10),(2176,33,55,227,125,19),(2177,33,55,227,17,28),(2178,33,55,227,99,37),(2179,33,55,227,136,2),(2180,7,55,337,52,1),(2181,7,55,337,17,10),(2182,7,55,337,87,19),(2183,7,55,337,103,28),(2184,7,55,337,134,37),(2185,7,55,337,50,2),(2186,33,55,338,3,3),(2187,33,55,338,62,11),(2188,33,55,338,71,20),(2189,33,55,338,117,29),(2190,33,55,338,118,38),(2191,41,55,339,96,9),(2192,41,55,339,2,14),(2193,41,55,339,138,23),(2194,41,55,339,74,32),(2195,41,55,339,50,41),(2196,33,55,340,6,4),(2197,33,55,340,25,12),(2198,33,55,340,98,21),(2199,33,55,340,90,30),(2200,33,55,340,15,39),(2201,13,56,8,17,7),(2202,13,56,8,30,15),(2203,13,56,8,54,23),(2204,13,56,8,50,32),(2205,13,56,8,9,41),(2206,13,56,8,137,8),(2207,13,56,8,70,16),(2208,1,56,9,15,3),(2209,1,56,9,91,11),(2210,1,56,9,60,20),(2211,1,56,9,54,29),(2212,1,56,9,88,38),(2213,1,56,9,86,4),(2214,33,56,227,130,5),(2215,33,56,227,34,13),(2216,33,56,227,134,22),(2217,33,56,227,6,31),(2218,33,56,227,10,40),(2219,33,56,227,29,6),(2220,7,56,337,103,3),(2221,7,56,337,134,11),(2222,7,56,337,12,20),(2223,7,56,337,71,29),(2224,7,56,337,45,38),(2225,7,56,337,50,4),(2226,33,56,338,20,7),(2227,33,56,338,121,14),(2228,33,56,338,4,23),(2229,33,56,338,46,32),(2230,33,56,338,96,41),(2231,32,56,339,134,4),(2232,32,56,339,131,13),(2233,32,56,339,126,22),(2234,32,56,339,13,31),(2235,32,56,339,2,40),(2236,42,56,340,111,2),(2237,42,56,340,11,11),(2238,42,56,340,130,20),(2239,42,56,340,89,29),(2240,42,56,340,48,38),(2241,42,57,8,75,3),(2242,42,57,8,54,12),(2243,42,57,8,74,21),(2244,42,57,8,84,30),(2245,42,57,8,62,39),(2246,42,57,8,28,4),(2247,42,57,8,118,13),(2248,1,57,9,69,5),(2249,1,57,9,14,12),(2250,1,57,9,14,21),(2251,1,57,9,47,30),(2252,1,57,9,25,39),(2253,1,57,9,41,6),(2254,3,57,227,41,4),(2255,3,57,227,19,13),(2256,3,57,227,81,22),(2257,3,57,227,134,31),(2258,3,57,227,76,40),(2259,3,57,227,121,5),(2260,7,57,337,117,5),(2261,7,57,337,108,12),(2262,7,57,337,17,21),(2263,7,57,337,136,30),(2264,7,57,337,131,39),(2265,7,57,337,70,6),(2266,31,57,338,43,7),(2267,31,57,338,98,13),(2268,31,57,338,34,22),(2269,31,57,338,55,31),(2270,31,57,338,18,40),(2271,32,57,339,78,5),(2272,32,57,339,108,14),(2273,32,57,339,75,23),(2274,32,57,339,26,32),(2275,32,57,339,119,41),(2276,42,57,340,40,5),(2277,42,57,340,32,14),(2278,42,57,340,100,22),(2279,42,57,340,34,31),(2280,42,57,340,63,40),(2281,34,58,3,51,7),(2282,34,58,3,51,13),(2283,34,58,3,60,22),(2284,34,58,3,63,31),(2285,34,58,3,62,40),(2286,34,58,3,40,8),(2287,42,58,8,4,6),(2288,42,58,8,125,15),(2289,42,58,8,2,23),(2290,42,58,8,17,32),(2291,42,58,8,83,41),(2292,1,58,9,136,7),(2293,1,58,9,74,13),(2294,1,58,9,20,22),(2295,1,58,9,15,31),(2296,1,58,9,4,40),(2297,1,58,9,104,8),(2298,9,58,369,138,1),(2299,9,58,369,117,10),(2300,9,58,369,123,19),(2301,9,58,369,22,28),(2302,9,58,369,28,37),(2303,9,58,370,55,2),(2304,9,58,370,30,11),(2305,9,58,370,132,20),(2306,9,58,370,2,29),(2307,9,58,370,67,38),(2308,9,58,370,8,3),(2309,29,58,371,97,1),(2310,29,58,371,46,10),(2311,29,58,371,63,19),(2312,29,58,371,121,28),(2313,29,58,371,104,37),(2314,29,58,371,108,2),(2315,31,58,372,86,8),(2316,31,58,372,5,14),(2317,31,58,372,93,23),(2318,31,58,372,104,32),(2319,31,58,372,58,41),(2320,31,58,372,5,9),(2321,34,59,3,107,9),(2322,34,59,3,28,14),(2323,34,59,3,37,23),(2324,34,59,3,20,32),(2325,34,59,3,53,41),(2326,34,59,3,99,15),(2327,32,59,8,118,6),(2328,32,59,8,41,15),(2329,32,59,8,25,24),(2330,32,59,8,7,33),(2331,32,59,8,134,42),(2332,1,59,9,105,9),(2333,1,59,9,57,14),(2334,1,59,9,17,23),(2335,1,59,9,101,32),(2336,1,59,9,72,41),(2337,1,59,9,44,15),(2338,9,59,369,121,4),(2339,9,59,369,45,12),(2340,9,59,369,115,21),(2341,9,59,369,127,30),(2342,9,59,369,98,39),(2343,9,59,370,108,5),(2344,9,59,370,90,13),(2345,9,59,370,21,22),(2346,9,59,370,29,31),(2347,9,59,370,47,40),(2348,9,59,370,82,6),(2349,29,59,371,64,3),(2350,29,59,371,42,11),(2351,29,59,371,93,20),(2352,29,59,371,125,29),(2353,29,59,371,20,38),(2354,29,59,371,128,4),(2355,3,59,372,40,6),(2356,3,59,372,4,14),(2357,3,59,372,129,23),(2358,3,59,372,60,32),(2359,3,59,372,56,41),(2360,3,59,372,25,7),(2361,29,60,3,57,5),(2362,29,60,3,47,12),(2363,29,60,3,70,21),(2364,29,60,3,9,30),(2365,29,60,3,7,39),(2366,29,60,3,61,6),(2367,9,60,8,71,7),(2368,9,60,8,136,14),(2369,9,60,8,139,23),(2370,9,60,8,86,32),(2371,9,60,8,120,41),(2372,29,60,9,53,7),(2373,29,60,9,110,13),(2374,29,60,9,10,22),(2375,29,60,9,49,31),(2376,29,60,9,56,40),(2377,29,60,9,77,8),(2378,29,60,369,72,9),(2379,29,60,369,116,14),(2380,29,60,369,65,23),(2381,29,60,369,59,32),(2382,29,60,369,121,41),(2383,7,60,370,102,7),(2384,7,60,370,136,13),(2385,7,60,370,109,22),(2386,7,60,370,93,31),(2387,7,60,370,3,40),(2388,7,60,370,93,8),(2389,7,60,371,117,9),(2390,7,60,371,14,14),(2391,7,60,371,111,23),(2392,7,60,371,94,32),(2393,7,60,371,71,41),(2394,7,60,371,133,15),(2395,43,60,372,28,1),(2396,43,60,372,47,10),(2397,43,60,372,4,19),(2398,43,60,372,88,28),(2399,43,60,372,65,37),(2400,43,60,372,74,2);

/*Table structure for table `grupos` */

DROP TABLE IF EXISTS `grupos`;

CREATE TABLE `grupos` (
  `id` int(10) unsigned NOT NULL AUTO_INCREMENT,
  `nombre` varchar(20) COLLATE utf8_unicode_ci NOT NULL,
  `carrera_id` int(10) unsigned NOT NULL,
  `ciclo_id` int(10) unsigned NOT NULL,
  `cuatrimestre` int(11) NOT NULL,
  PRIMARY KEY (`id`),
  KEY `fk_grupos_carrera_id` (`carrera_id`),
  KEY `fk_grupos_ciclo_id` (`ciclo_id`),
  CONSTRAINT `fk_grupos_carrera_id` FOREIGN KEY (`carrera_id`) REFERENCES `carreras` (`id`),
  CONSTRAINT `fk_grupos_ciclo_id` FOREIGN KEY (`ciclo_id`) REFERENCES `ciclos` (`id`)
) ENGINE=InnoDB AUTO_INCREMENT=61 DEFAULT CHARSET=utf8 COLLATE=utf8_unicode_ci;

/*Data for the table `grupos` */

insert  into `grupos`(`id`,`nombre`,`carrera_id`,`ciclo_id`,`cuatrimestre`) values (1,'TPF 1-1',1,1,1),(2,'TPF 1-2',1,1,1),(3,'TPF 1-3',1,1,1),(4,'AGP 1-1',2,1,1),(5,'AGP 1-2',2,1,1),(6,'AGP 1-3',2,1,1),(7,'BIO 1-1',3,1,1),(8,'BIO 1-2',3,1,1),(9,'BIO 1-3',3,1,1),(10,'INF 1-1',4,1,1),(11,'INF 1-2',4,1,1),(12,'INF 1-3',4,1,1),(13,'MEC 1-1',5,1,1),(14,'MEC 1-2',5,1,1),(15,'MEC 1-3',5,1,1),(16,'ENE 1-1',6,1,1),(17,'ENE 1-2',6,1,1),(18,'ENE 1-3',6,1,1),(19,'LYT 1-1',7,1,1),(20,'LYT 1-2',7,1,1),(21,'LYT 1-3',7,1,1),(22,'AMB 1-1',8,1,1),(23,'AMB 1-2',8,1,1),(24,'AMB 1-3',8,1,1),(25,'BMD 1-1',9,1,1),(26,'BMD 1-2',9,1,1),(27,'BMD 1-3',9,1,1),(28,'AEF 1-1',10,1,1),(29,'AEF 1-2',10,1,1),(30,'AEF 1-3',10,1,1),(31,'TPF 2-1',1,2,2),(32,'TPF 2-2',1,2,2),(33,'TPF 2-3',1,2,2),(34,'AGP 2-1',2,2,2),(35,'AGP 2-2',2,2,2),(36,'AGP 2-3',2,2,2),(37,'BIO 2-1',3,2,2),(38,'BIO 2-2',3,2,2),(39,'BIO 2-3',3,2,2),(40,'INF 2-1',4,2,2),(41,'INF 2-2',4,2,2),(42,'INF 2-3',4,2,2),(43,'MEC 2-1',5,2,2),(44,'MEC 2-2',5,2,2),(45,'MEC 2-3',5,2,2),(46,'ENE 2-1',6,2,2),(47,'ENE 2-2',6,2,2),(48,'ENE 2-3',6,2,2),(49,'LYT 2-1',7,2,2),(50,'LYT 2-2',7,2,2),(51,'LYT 2-3',7,2,2),(52,'AMB 2-1',8,2,2),(53,'AMB 2-2',8,2,2),(54,'AMB 2-3',8,2,2),(55,'BMD 2-1',9,2,2),(56,'BMD 2-2',9,2,2),(57,'BMD 2-3',9,2,2),(58,'AEF 2-1',10,2,2),(59,'AEF 2-2',10,2,2),(60,'AEF 2-3',10,2,2);

/*Table structure for table `horarios` */

DROP TABLE IF EXISTS `horarios`;

CREATE TABLE `horarios` (
  `id` int(10) unsigned NOT NULL AUTO_INCREMENT,
  `hora_inicio` time NOT NULL,
  `hora_fin` time NOT NULL,
  `dia` varchar(10) COLLATE utf8_unicode_ci NOT NULL,
  PRIMARY KEY (`id`)
) ENGINE=InnoDB AUTO_INCREMENT=46 DEFAULT CHARSET=utf8 COLLATE=utf8_unicode_ci;

/*Data for the table `horarios` */

insert  into `horarios`(`id`,`hora_inicio`,`hora_fin`,`dia`) values (1,'07:00:00','07:50:00','LUNES'),(2,'08:00:00','08:50:00','LUNES'),(3,'09:00:00','09:50:00','LUNES'),(4,'10:00:00','10:50:00','LUNES'),(5,'11:00:00','11:50:00','LUNES'),(6,'12:00:00','12:50:00','LUNES'),(7,'13:00:00','13:50:00','LUNES'),(8,'14:00:00','14:50:00','LUNES'),(9,'15:00:00','15:50:00','LUNES'),(10,'07:00:00','07:50:00','MARTES'),(11,'08:00:00','08:50:00','MARTES'),(12,'09:00:00','09:50:00','MARTES'),(13,'10:00:00','10:50:00','MARTES'),(14,'11:00:00','11:50:00','MARTES'),(15,'12:00:00','12:50:00','MARTES'),(16,'13:00:00','13:50:00','MARTES'),(17,'14:00:00','14:50:00','MARTES'),(18,'15:00:00','15:50:00','MARTES'),(19,'07:00:00','07:50:00','MIERCOLES'),(20,'08:00:00','08:50:00','MIERCOLES'),(21,'09:00:00','09:50:00','MIERCOLES'),(22,'10:00:00','10:50:00','MIERCOLES'),(23,'11:00:00','11:50:00','MIERCOLES'),(24,'12:00:00','12:50:00','MIERCOLES'),(25,'13:00:00','13:50:00','MIERCOLES'),(26,'14:00:00','14:50:00','MIERCOLES'),(27,'15:00:00','15:50:00','MIERCOLES'),(28,'07:00:00','07:50:00','JUEVES'),(29,'08:00:00','08:50:00','JUEVES'),(30,'09:00:00','09:50:00','JUEVES'),(31,'10:00:00','10:50:00','JUEVES'),(32,'11:00:00','11:50:00','JUEVES'),(33,'12:00:00','12:50:00','JUEVES'),(34,'13:00:00','13:50:00','JUEVES'),(35,'14:00:00','14:50:00','JUEVES'),(36,'15:00:00','15:50:00','JUEVES'),(37,'07:00:00','07:50:00','VIERNES'),(38,'08:00:00','08:50:00','VIERNES'),(39,'09:00:00','09:50:00','VIERNES'),(40,'10:00:00','10:50:00','VIERNES'),(41,'11:00:00','11:50:00','VIERNES'),(42,'12:00:00','12:50:00','VIERNES'),(43,'13:00:00','13:50:00','VIERNES'),(44,'14:00:00','14:50:00','VIERNES'),(45,'15:00:00','15:50:00','VIERNES');

/*Table structure for table `profesores` */

DROP TABLE IF EXISTS `profesores`;

CREATE TABLE `profesores` (
  `id` int(10) unsigned NOT NULL AUTO_INCREMENT,
  `nombre` varchar(50) COLLATE utf8_unicode_ci NOT NULL,
  `apellido_paterno` varchar(50) COLLATE utf8_unicode_ci NOT NULL,
  `apellido_materno` varchar(50) COLLATE utf8_unicode_ci NOT NULL,
  `fecha_nacimiento` date NOT NULL,
  `curp` varchar(18) COLLATE utf8_unicode_ci NOT NULL,
  `genero` char(1) COLLATE utf8_unicode_ci NOT NULL,
  `ciudad` varchar(50) COLLATE utf8_unicode_ci DEFAULT NULL,
  `estado` varchar(50) COLLATE utf8_unicode_ci DEFAULT NULL,
  PRIMARY KEY (`id`)
) ENGINE=InnoDB AUTO_INCREMENT=44 DEFAULT CHARSET=utf8 COLLATE=utf8_unicode_ci;

/*Data for the table `profesores` */

insert  into `profesores`(`id`,`nombre`,`apellido_paterno`,`apellido_materno`,`fecha_nacimiento`,`curp`,`genero`,`ciudad`,`estado`) values (1,'Martín','Escobar','Gutiérrez','1976-03-25','EOGM760325HSRSTRA3','H','Hermosillo','Sonora'),(2,'Yuridia Fabiana','Gómez','Castillo','1970-12-17','GOCY701217MSRMSRA2','M','Hermosillo','Sonora'),(3,'Benito','Quiroga','González','1976-10-01','QUGB761001HJCRNNA7','H','Zapopan','Jalisco'),(4,'Salvador Adrián','Vidal','López','1980-06-17','VILS800617HJCDPLA1','H','Zapopan','Jalisco'),(5,'Sergio Gabino','Romero','Muñoz','1980-08-02','ROMS800802HSRMXRA6','H','Hermosillo','Sonora'),(6,'Fabiana Fabiana','Zúñiga','Mendoza','1978-08-22','ZUMF780822MSLXNBA6','M','Culiacan','Sinaloa'),(7,'Domingo Aurelio','Valdez','Vega','1971-12-03','VAVD711203HSLLGMA9','H','Los Mochis','Sinaloa'),(8,'Fabricio Cruz','Velázquez','Torres','1970-08-17','VETF700817HJCLRBA9','H','Guadalajara','Jalisco'),(9,'Rocío','Valenzuela','Toledo','1970-01-21','VATR700121MSLLLCA9','M','Los Mochis','Sinaloa'),(10,'Félix','Castro','Figueroa','1976-01-03','CAFF760103HJCSGLA4','H','Zapopan','Jalisco'),(11,'Cayetano Claudio','Alarcón','Farías','1977-05-05','AAFC770505HJCLRYA9','H','Guadalajara','Jalisco'),(12,'Vicente','Cabrera','Agüero','1971-08-11','CAAV710811HSRBGCA4','H','Hermosillo','Sonora'),(13,'Gloria Julia','Gallardo','Jiménez','1975-02-06','GAJG750206MJCLMLA5','M','Guadalajara','Jalisco'),(14,'Rocío Cándida','Velázquez','Moreno','1971-11-04','VEMR711104MSRLRCA7','M','Hermosillo','Sonora'),(15,'Florencio René','Ávila','Barrios','1974-03-16','AIBF740316HSLVRLA3','H','Mazatlan','Sinaloa'),(16,'Inés','Martinez','Alvarado','1972-12-05','MAAI721205MNTRLNA1','M','Tepic','Nayarit'),(17,'Cristina','Espinoza','Castillo','1977-02-07','EICC770207MSLSSRA8','M','Culiacan','Sinaloa'),(18,'Mauricio Clemente','Valenzuela','Valenzuela','1974-11-24','VAVM741124HNTLLRA1','H','Tepic','Nayarit'),(19,'Pedro Cristian','Arias','Domínguez','1973-02-22','AIDP730222HSRRMDA9','H','Hermosillo','Sonora'),(20,'Félix','Espinoza','Jara','1972-10-19','EIJF721019HJCSRLA5','H','Guadalajara','Jalisco'),(21,'Gloria','Zúñiga','Peña','1975-11-17','ZUPG751117MSLXXLA8','M','Mazatlan','Sinaloa'),(22,'Martín','Navarrete','Quiroga','1976-05-15','NAQM760515HNTVRRA8','H','Tepic','Nayarit'),(23,'Caridad','Mansilla','Martinez','1978-02-13','MAMC780213MSLNRRA7','M','Los Mochis','Sinaloa'),(24,'Virginia','Cortés','Vega','1976-01-15','COVV760115MSRRGRA2','M','Hermosillo','Sonora'),(25,'Bonifacio Marcos','Molina','Chávez','1980-02-08','MOCB800208HSRLHNA1','H','Hermosillo','Sonora'),(26,'Víctor','Leiva','Martinez','1978-12-10','LEMV781210HSLVRCA3','H','Mazatlan','Sinaloa'),(27,'Rocío','Valenzuela','Toledo','1970-01-21','VATR700121MSLLLCA9','M','Los Mochis','Sinaloa'),(28,'Salvador','Barrios','Barrios','1970-08-02','BABS700802HJCRRLA7','H','Guadalajara','Jalisco'),(29,'Celestina Concepción','Castro','Páez','1977-07-03','CAPC770703MSLSZLA8','M','Los Mochis','Sinaloa'),(30,'Fabiana','Valdés','Fuentes','1976-03-04','VAFF760304MSRLNBA6','M','Ciudad Obregon','Sonora'),(31,'Constancia Yolanda','Ortiz','Acosta','1974-02-09','OIAC740209MSLRCNA6','M','Los Mochis','Sinaloa'),(32,'Adriano','Agüero','Ramírez','1980-02-13','AERA800213HSRGMDA1','H','Ciudad Obregon','Sonora'),(33,'Fermín','Herrera','Pino','1973-04-17','HEPF730417HSRRNRA8','H','Ciudad Obregon','Sonora'),(34,'Patricia','Sánchez','Montenegro','1972-04-08','SAMP720408MNTNNTA7','M','Tepic','Nayarit'),(35,'Amparo','Arias','Valdez','1973-02-19','AIVA730219MJCRLMA9','M','Zapopan','Jalisco'),(36,'Cornelia Claudia','Rojas','Morales','1971-05-18','ROMC710518MJCJRRA1','M','Guadalajara','Jalisco'),(37,'Benedicto Benedicto','Espinoza','Méndez','1972-08-22','EIMB720822HSRSNNA4','H','Hermosillo','Sonora'),(38,'Amado Fabricio','Vásquez','Blanco','1975-10-06','VABA751006HNTSLMA3','H','Tepic','Nayarit'),(39,'Asunción Amparo','Paredes','Reyes','1973-10-15','PARA731015MJCRYSA4','M','Guadalajara','Jalisco'),(40,'Bonifacio','Méndez','Vargas','1979-09-18','MEVB790918HSRNRNA6','H','Hermosillo','Sonora'),(41,'Vicente','Fernández','Ríos','1975-04-23','FERV750423HNTRSCA8','H','Tepic','Nayarit'),(42,'Norma Angélica','Molina','Gutiérrez','1970-04-09','MOGN700409MNTLTRA4','M','Tepic','Nayarit'),(43,'Marcelo','Vidal','Espinoza','1974-08-25','VIEM740825HSRDSRA4','H','Ciudad Obregon','Sonora');

/*Table structure for table `horario_clases` */

DROP TABLE IF EXISTS `horario_clases`;

/*!50001 DROP VIEW IF EXISTS `horario_clases` */;
/*!50001 DROP TABLE IF EXISTS `horario_clases` */;

/*!50001 CREATE TABLE  `horario_clases`(
 `profesor_id` int(10) unsigned ,
 `profesor_nombre` varchar(50) ,
 `grupo_id` int(10) unsigned ,
 `grupo_nombre` varchar(20) ,
 `asignatura_id` int(10) unsigned ,
 `asignatura_nombre` varchar(100) ,
 `aula_id` int(10) unsigned ,
 `aula_nombre` varchar(20) ,
 `horario_id` int(10) unsigned ,
 `dia` varchar(10) ,
 `hora_inicio` time ,
 `hora_fin` time 
)*/;

/*View structure for view horario_clases */

/*!50001 DROP TABLE IF EXISTS `horario_clases` */;
/*!50001 DROP VIEW IF EXISTS `horario_clases` */;

/*!50001 CREATE ALGORITHM=UNDEFINED DEFINER=`root`@`localhost` SQL SECURITY DEFINER VIEW `horario_clases` AS (select `profesores`.`id` AS `profesor_id`,`profesores`.`nombre` AS `profesor_nombre`,`grupos`.`id` AS `grupo_id`,`grupos`.`nombre` AS `grupo_nombre`,`asignaturas`.`id` AS `asignatura_id`,`asignaturas`.`nombre` AS `asignatura_nombre`,`aulas`.`id` AS `aula_id`,`aulas`.`nombre` AS `aula_nombre`,`horarios`.`id` AS `horario_id`,`horarios`.`dia` AS `dia`,`horarios`.`hora_inicio` AS `hora_inicio`,`horarios`.`hora_fin` AS `hora_fin` from (((((`clases` join `profesores` on((`profesores`.`id` = `clases`.`profesor_id`))) join `grupos` on((`grupos`.`id` = `clases`.`grupo_id`))) join `asignaturas` on((`asignaturas`.`id` = `clases`.`asignatura_id`))) join `aulas` on((`aulas`.`id` = `clases`.`aula_id`))) join `horarios` on((`horarios`.`id` = `clases`.`horario_id`)))) */;

/*!40101 SET SQL_MODE=@OLD_SQL_MODE */;
/*!40014 SET FOREIGN_KEY_CHECKS=@OLD_FOREIGN_KEY_CHECKS */;
/*!40014 SET UNIQUE_CHECKS=@OLD_UNIQUE_CHECKS */;
/*!40111 SET SQL_NOTES=@OLD_SQL_NOTES */;
